16-Dec-2025 00:00:00.245 INFO [main] org.apache.catalina.startup.VersionLoggerListener.log Server version name:   Apache Tomcat/9.0.109
16-Dec-2025 00:00:00.251 INFO [main] org.apache.catalina.startup.VersionLoggerListener.log Server built:          Sep 1 2025 12:15:33 UTC
16-Dec-2025 00:00:00.252 INFO [main] org.apache.catalina.startup.VersionLoggerListener.log Server version number: 9.0.109.0
16-Dec-2025 00:00:00.252 INFO [main] org.apache.catalina.startup.VersionLoggerListener.log OS Name:               Windows 10
16-Dec-2025 00:00:00.252 INFO [main] org.apache.catalina.startup.VersionLoggerListener.log OS Version:            10.0
16-Dec-2025 00:00:00.252 INFO [main] org.apache.catalina.startup.VersionLoggerListener.log Architecture:          amd64
16-Dec-2025 00:00:00.252 INFO [main] org.apache.catalina.startup.VersionLoggerListener.log Java Home:             C:\Users\NanoChip\.jdks\corretto-1.8.0_462\jre
16-Dec-2025 00:00:00.252 INFO [main] org.apache.catalina.startup.VersionLoggerListener.log JVM Version:           1.8.0_462-b08
16-Dec-2025 00:00:00.253 INFO [main] org.apache.catalina.startup.VersionLoggerListener.log JVM Vendor:            Amazon.com Inc.
16-Dec-2025 00:00:00.253 INFO [main] org.apache.catalina.startup.VersionLoggerListener.log CATALINA_BASE:         F:\MyDownloas\SpringSecurityApp_Demo4
16-Dec-2025 00:00:00.253 INFO [main] org.apache.catalina.startup.VersionLoggerListener.log CATALINA_HOME:         D:\apache-tomcat-9.0.109
16-Dec-2025 00:00:00.255 INFO [main] org.apache.catalina.startup.VersionLoggerListener.log Command line argument: -Dcatalina.home=D:\apache-tomcat-9.0.109
16-Dec-2025 00:00:00.255 INFO [main] org.apache.catalina.startup.VersionLoggerListener.log Command line argument: -Dcatalina.base=F:\MyDownloas\SpringSecurityApp_Demo4
16-Dec-2025 00:00:00.255 INFO [main] org.apache.catalina.startup.VersionLoggerListener.log Command line argument: -Djava.io.tmpdir=F:\MyDownloas\SpringSecurityApp_Demo4\temp
16-Dec-2025 00:00:00.256 INFO [main] org.apache.catalina.startup.VersionLoggerListener.log Command line argument: -Djava.util.logging.config.file=F:\MyDownloas\SpringSecurityApp_Demo4\conf\logging.properties
16-Dec-2025 00:00:00.256 INFO [main] org.apache.catalina.startup.VersionLoggerListener.log Command line argument: -Djava.util.logging.manager=org.apache.juli.ClassLoaderLogManager
16-Dec-2025 00:00:00.256 INFO [main] org.apache.catalina.startup.VersionLoggerListener.log Command line argument: -javaagent:C:\Users\NanoChip\AppData\Local\Programs\IntelliJ IDEA Ultimate\lib\idea_rt.jar=61261
16-Dec-2025 00:00:00.256 INFO [main] org.apache.catalina.startup.VersionLoggerListener.log Command line argument: -Dfile.encoding=UTF-8
16-Dec-2025 00:00:00.282 INFO [main] org.apache.catalina.core.AprLifecycleListener.lifecycleEvent The Apache Tomcat Native library which allows using OpenSSL was not found on the java.library.path: [C:\Users\NanoChip\.jdks\corretto-1.8.0_462\bin;C:\Windows\Sun\Java\bin;C:\Windows\system32;C:\Windows;C:\Program Files\Common Files\Oracle\Java\javapath;C:\Windows;C:\Windows\System32\Wbem;C:\Windows\System32\WindowsPowerShell\v1.0\;C:\Program Files\apache-maven-3.9.8\bin;C:\Windows\System32\OpenSSH\;C:\Program Files\Git\cmd;C:\Program Files\MySQL\MySQL Server 8.0\bin;c:\flutter\bin;C:\Users\NanoChip\AppData\Local\Android\Sdk\platform-tools;C:\Users\NanoChip\AppData\Local\Android\Sdk\emulator;C:\Program Files (x86)\Windows Kits\10\Windows Performance Toolkit\;C:\Windows\System32;C:\Windows;D:\Gradle\gradle-8.0\bin;C:\MinGW\bin;C:\Users\NanoChip\AppData\Local\Programs\Python\Python311\;C:\Users\NanoChip\AppData\Local\Programs\Python\Python311\Scripts\;C:\Program Files\apache-maven-3.9.8\bin;C:\Program Files\Java\jdk-17\bin;;C:\Program Files\Docker\Docker\resources\bin;C:\Program Files\MySQL\MySQL Shell 8.0\bin\;C:\src\flutter\bin;C:\dart\bin;C:\Users\NanoChip\AppData\Local\Android\Sdk\emulator;C:\Program Files\Git\cmd;C:\Users\NanoChip\AppData\Local\Programs\Microsoft VS Code\bin;C:\Program Files\Java\jdk-17\bin;C:\Users\NanoChip\AppData\Local\Programs\Ollama;C:\Users\NanoChip\AppData\Local\Programs\Python\Python311\;C:\Users\NanoChip\AppData\Local\Programs\Python\Python311\Scripts\;C:\Users\NanoChip\AppData\Local\JetBrains\Toolbox\scripts;;.]
16-Dec-2025 00:00:01.440 INFO [main] org.apache.coyote.AbstractProtocol.init Initializing ProtocolHandler ["http-nio-8080"]
16-Dec-2025 00:00:01.522 INFO [main] org.apache.catalina.startup.Catalina.load Server initialization in [1737] milliseconds
16-Dec-2025 00:00:01.664 INFO [main] org.apache.catalina.core.StandardService.startInternal Starting service [Catalina]
16-Dec-2025 00:00:01.665 INFO [main] org.apache.catalina.core.StandardEngine.startInternal Starting Servlet engine: [Apache Tomcat/9.0.109]
16-Dec-2025 00:00:01.685 INFO [main] org.apache.catalina.startup.HostConfig.deployDescriptor Deploying deployment descriptor [F:\MyDownloas\SpringSecurityApp_Demo4\conf\Catalina\localhost\ROOT.xml]
16-Dec-2025 00:00:01.822 WARNING [main] org.apache.catalina.webresources.DirResourceSet.initInternal Disabled the global canonical file name cache to protect against CVE-2024-56337 when starting the WebResourceSet at [F:\MyDownloas\SpringSecurityApp_Demo4\target\classes] which is part of the web application []
16-Dec-2025 00:00:21.321 INFO [main] org.apache.jasper.servlet.TldScanner.scanJars At least one JAR was scanned for TLDs yet contained no TLDs. Enable debug logging for this logger for a complete list of JARs that were scanned but no TLDs were found in them. Skipping unneeded JARs during scanning can improve startup time and JSP compilation time.
16-Dec-2025 00:00:31.381 WARNING [main] org.apache.catalina.util.SessionIdGeneratorBase.createSecureRandom Creation of SecureRandom instance for session ID generation using [SHA1PRNG] took [3,728] milliseconds.
16-Dec-2025 00:00:41.621 INFO [MLog-Init-Reporter] com.mchange.v2.log.MLog. MLog clients using java 1.4+ standard logging.
16-Dec-2025 00:00:41.910 INFO [main] com.mchange.v2.c3p0.C3P0Registry. Initializing c3p0-0.9.5.5 [built 11-December-2019 22:18:33 -0800; debug? true; trace: 10]
16-Dec-2025 00:00:42.429 INFO [main] org.hibernate.jpa.internal.util.LogHelper.logPersistenceUnitInformation HHH000204: Processing PersistenceUnitInfo [
	name: default
	...]
16-Dec-2025 00:00:42.835 INFO [main] org.hibernate.Version.logVersion HHH000412: Hibernate Core {5.2.12.Final}
16-Dec-2025 00:00:42.839 INFO [main] org.hibernate.cfg.Environment.<clinit> HHH000206: hibernate.properties not found
16-Dec-2025 00:00:43.040 INFO [main] org.hibernate.annotations.common.reflection.java.JavaReflectionManager.<clinit> HCANN000001: Hibernate Commons Annotations {5.0.1.Final}
16-Dec-2025 00:00:43.679 INFO [main] com.mchange.v2.c3p0.impl.AbstractPoolBackedDataSource. Initializing c3p0 pool... com.mchange.v2.c3p0.ComboPooledDataSource [ acquireIncrement -> 3, acquireRetryAttempts -> 30, acquireRetryDelay -> 1000, autoCommitOnClose -> false, automaticTestTable -> null, breakAfterAcquireFailure -> false, checkoutTimeout -> 0, connectionCustomizerClassName -> null, connectionTesterClassName -> com.mchange.v2.c3p0.impl.DefaultConnectionTester, contextClassLoaderSource -> caller, dataSourceName -> 1hge136bf9zw68kyppwqu|5bed0ff4, debugUnreturnedConnectionStackTraces -> false, description -> null, driverClass -> com.mysql.jdbc.Driver, extensions -> {}, factoryClassLocation -> null, forceIgnoreUnresolvedTransactions -> false, forceSynchronousCheckins -> false, forceUseNamedDriverClass -> false, identityToken -> 1hge136bf9zw68kyppwqu|5bed0ff4, idleConnectionTestPeriod -> 0, initialPoolSize -> 5, jdbcUrl -> jdbc:mysql://localhost:3307/schema_name?useSSL=false, maxAdministrativeTaskTime -> 0, maxConnectionAge -> 0, maxIdleTime -> 3000, maxIdleTimeExcessConnections -> 0, maxPoolSize -> 20, maxStatements -> 0, maxStatementsPerConnection -> 0, minPoolSize -> 5, numHelperThreads -> 3, preferredTestQuery -> null, privilegeSpawnedThreads -> false, properties -> {user=******, password=******}, propertyCycle -> 0, statementCacheNumDeferredCloseThreads -> 0, testConnectionOnCheckin -> false, testConnectionOnCheckout -> false, unreturnedConnectionTimeout -> 0, userOverrides -> {}, usesTraditionalReflectiveProxies -> false ]
16-Dec-2025 00:00:51.961 WARN [main] org.hibernate.engine.jdbc.env.internal.JdbcEnvironmentInitiator.initiateService HHH000342: Could not obtain connection to query metadata : Unable to resolve name [org.hibernate.dialect.MySQL8Dialect] as strategy [org.hibernate.dialect.Dialect]
16-Dec-2025 00:00:52.660 INFO [main] org.apache.catalina.startup.HostConfig.deployDescriptor Deployment of deployment descriptor [F:\MyDownloas\SpringSecurityApp_Demo4\conf\Catalina\localhost\ROOT.xml] has finished in [50,975] ms
16-Dec-2025 00:00:52.703 INFO [main] org.apache.coyote.AbstractProtocol.start Starting ProtocolHandler ["http-nio-8080"]
16-Dec-2025 00:00:52.947 INFO [main] org.apache.catalina.startup.Catalina.start Server startup in [51425] milliseconds
16-Dec-2025 00:01:01.275 INFO [http-nio-8080-exec-1] org.hibernate.jpa.internal.util.LogHelper.logPersistenceUnitInformation HHH000204: Processing PersistenceUnitInfo [
	name: default
	...]
16-Dec-2025 00:01:01.360 INFO [http-nio-8080-exec-1] com.mchange.v2.c3p0.impl.AbstractPoolBackedDataSource. Initializing c3p0 pool... com.mchange.v2.c3p0.ComboPooledDataSource [ acquireIncrement -> 3, acquireRetryAttempts -> 30, acquireRetryDelay -> 1000, autoCommitOnClose -> false, automaticTestTable -> null, breakAfterAcquireFailure -> false, checkoutTimeout -> 0, connectionCustomizerClassName -> null, connectionTesterClassName -> com.mchange.v2.c3p0.impl.DefaultConnectionTester, contextClassLoaderSource -> caller, dataSourceName -> 1hge136bf9zw68kyppwqu|4d2e131a, debugUnreturnedConnectionStackTraces -> false, description -> null, driverClass -> com.mysql.jdbc.Driver, extensions -> {}, factoryClassLocation -> null, forceIgnoreUnresolvedTransactions -> false, forceSynchronousCheckins -> false, forceUseNamedDriverClass -> false, identityToken -> 1hge136bf9zw68kyppwqu|4d2e131a, idleConnectionTestPeriod -> 0, initialPoolSize -> 5, jdbcUrl -> jdbc:mysql://localhost:3307/schema_name?useSSL=false, maxAdministrativeTaskTime -> 0, maxConnectionAge -> 0, maxIdleTime -> 3000, maxIdleTimeExcessConnections -> 0, maxPoolSize -> 20, maxStatements -> 0, maxStatementsPerConnection -> 0, minPoolSize -> 5, numHelperThreads -> 3, preferredTestQuery -> null, privilegeSpawnedThreads -> false, properties -> {user=******, password=******}, propertyCycle -> 0, statementCacheNumDeferredCloseThreads -> 0, testConnectionOnCheckin -> false, testConnectionOnCheckout -> false, unreturnedConnectionTimeout -> 0, userOverrides -> {}, usesTraditionalReflectiveProxies -> false ]
16-Dec-2025 00:01:01.702 WARN [http-nio-8080-exec-1] org.hibernate.engine.jdbc.env.internal.JdbcEnvironmentInitiator.initiateService HHH000342: Could not obtain connection to query metadata : Unable to resolve name [org.hibernate.dialect.MySQL8Dialect] as strategy [org.hibernate.dialect.Dialect]
16-Dec-2025 00:07:34.548 INFO [Thread-6] org.apache.coyote.AbstractProtocol.pause Pausing ProtocolHandler ["http-nio-8080"]
16-Dec-2025 00:07:35.226 INFO [Thread-6] org.apache.catalina.core.StandardService.stopInternal Stopping service [Catalina]
16-Dec-2025 00:07:35.294 WARNING [Thread-6] org.apache.catalina.loader.WebappClassLoaderBase.clearReferencesJdbc The web application [ROOT] registered the JDBC driver [com.mysql.cj.jdbc.Driver] but failed to unregister it when the web application was stopped. To prevent a memory leak, the JDBC Driver has been forcibly unregistered.
16-Dec-2025 00:07:35.297 WARNING [Thread-6] org.apache.catalina.loader.WebappClassLoaderBase.clearReferencesThreads The web application [ROOT] appears to have started a thread named [mysql-cj-abandoned-connection-cleanup] but has failed to stop it. This is very likely to create a memory leak. Stack trace of thread:
 java.lang.Object.wait(Native Method)
 java.lang.ref.ReferenceQueue.remove(ReferenceQueue.java:144)
 com.mysql.cj.jdbc.AbandonedConnectionCleanupThread.run(AbandonedConnectionCleanupThread.java:91)
 java.util.concurrent.ThreadPoolExecutor.runWorker(ThreadPoolExecutor.java:1149)
 java.util.concurrent.ThreadPoolExecutor$Worker.run(ThreadPoolExecutor.java:624)
 java.lang.Thread.run(Thread.java:750)
16-Dec-2025 00:07:35.350 INFO [Thread-6] org.apache.coyote.AbstractProtocol.stop Stopping ProtocolHandler ["http-nio-8080"]
16-Dec-2025 00:07:35.368 INFO [Thread-6] org.apache.coyote.AbstractProtocol.destroy Destroying ProtocolHandler ["http-nio-8080"]
16-Dec-2025 12:01:20.571 INFO [main] org.apache.catalina.startup.VersionLoggerListener.log Server version name:   Apache Tomcat/9.0.109
16-Dec-2025 12:01:20.576 INFO [main] org.apache.catalina.startup.VersionLoggerListener.log Server built:          Sep 1 2025 12:15:33 UTC
16-Dec-2025 12:01:20.576 INFO [main] org.apache.catalina.startup.VersionLoggerListener.log Server version number: 9.0.109.0
16-Dec-2025 12:01:20.576 INFO [main] org.apache.catalina.startup.VersionLoggerListener.log OS Name:               Windows 10
16-Dec-2025 12:01:20.576 INFO [main] org.apache.catalina.startup.VersionLoggerListener.log OS Version:            10.0
16-Dec-2025 12:01:20.576 INFO [main] org.apache.catalina.startup.VersionLoggerListener.log Architecture:          amd64
16-Dec-2025 12:01:20.577 INFO [main] org.apache.catalina.startup.VersionLoggerListener.log Java Home:             C:\Users\NanoChip\.jdks\corretto-1.8.0_462\jre
16-Dec-2025 12:01:20.577 INFO [main] org.apache.catalina.startup.VersionLoggerListener.log JVM Version:           1.8.0_462-b08
16-Dec-2025 12:01:20.577 INFO [main] org.apache.catalina.startup.VersionLoggerListener.log JVM Vendor:            Amazon.com Inc.
16-Dec-2025 12:01:20.577 INFO [main] org.apache.catalina.startup.VersionLoggerListener.log CATALINA_BASE:         F:\MyDownloas\SpringSecurityApp_Demo4
16-Dec-2025 12:01:20.578 INFO [main] org.apache.catalina.startup.VersionLoggerListener.log CATALINA_HOME:         D:\apache-tomcat-9.0.109
16-Dec-2025 12:01:20.579 INFO [main] org.apache.catalina.startup.VersionLoggerListener.log Command line argument: -Dcatalina.home=D:\apache-tomcat-9.0.109
16-Dec-2025 12:01:20.580 INFO [main] org.apache.catalina.startup.VersionLoggerListener.log Command line argument: -Dcatalina.base=F:\MyDownloas\SpringSecurityApp_Demo4
16-Dec-2025 12:01:20.580 INFO [main] org.apache.catalina.startup.VersionLoggerListener.log Command line argument: -Djava.io.tmpdir=F:\MyDownloas\SpringSecurityApp_Demo4\temp
16-Dec-2025 12:01:20.581 INFO [main] org.apache.catalina.startup.VersionLoggerListener.log Command line argument: -Djava.util.logging.config.file=F:\MyDownloas\SpringSecurityApp_Demo4\conf\logging.properties
16-Dec-2025 12:01:20.581 INFO [main] org.apache.catalina.startup.VersionLoggerListener.log Command line argument: -Djava.util.logging.manager=org.apache.juli.ClassLoaderLogManager
16-Dec-2025 12:01:20.581 INFO [main] org.apache.catalina.startup.VersionLoggerListener.log Command line argument: -javaagent:C:\Users\NanoChip\AppData\Local\Programs\IntelliJ IDEA Ultimate\lib\idea_rt.jar=65420
16-Dec-2025 12:01:20.581 INFO [main] org.apache.catalina.startup.VersionLoggerListener.log Command line argument: -Dfile.encoding=UTF-8
16-Dec-2025 12:01:20.606 INFO [main] org.apache.catalina.core.AprLifecycleListener.lifecycleEvent The Apache Tomcat Native library which allows using OpenSSL was not found on the java.library.path: [C:\Users\NanoChip\.jdks\corretto-1.8.0_462\bin;C:\Windows\Sun\Java\bin;C:\Windows\system32;C:\Windows;C:\Program Files\Common Files\Oracle\Java\javapath;C:\Windows;C:\Windows\System32\Wbem;C:\Windows\System32\WindowsPowerShell\v1.0\;C:\Program Files\apache-maven-3.9.8\bin;C:\Windows\System32\OpenSSH\;C:\Program Files\Git\cmd;C:\Program Files\MySQL\MySQL Server 8.0\bin;c:\flutter\bin;C:\Users\NanoChip\AppData\Local\Android\Sdk\platform-tools;C:\Users\NanoChip\AppData\Local\Android\Sdk\emulator;C:\Program Files (x86)\Windows Kits\10\Windows Performance Toolkit\;C:\Windows\System32;C:\Windows;D:\Gradle\gradle-8.0\bin;C:\MinGW\bin;C:\Users\NanoChip\AppData\Local\Programs\Python\Python311\;C:\Users\NanoChip\AppData\Local\Programs\Python\Python311\Scripts\;C:\Program Files\apache-maven-3.9.8\bin;C:\Program Files\Java\jdk-17\bin;;C:\Program Files\Docker\Docker\resources\bin;C:\Program Files\MySQL\MySQL Shell 8.0\bin\;C:\src\flutter\bin;C:\dart\bin;C:\Users\NanoChip\AppData\Local\Android\Sdk\emulator;C:\Program Files\Git\cmd;C:\Users\NanoChip\AppData\Local\Programs\Microsoft VS Code\bin;C:\Program Files\Java\jdk-17\bin;C:\Users\NanoChip\AppData\Local\Programs\Ollama;C:\Users\NanoChip\AppData\Local\Programs\Python\Python311\;C:\Users\NanoChip\AppData\Local\Programs\Python\Python311\Scripts\;C:\Users\NanoChip\AppData\Local\JetBrains\Toolbox\scripts;;.]
16-Dec-2025 12:01:21.555 INFO [main] org.apache.coyote.AbstractProtocol.init Initializing ProtocolHandler ["http-nio-8080"]
16-Dec-2025 12:01:21.615 INFO [main] org.apache.catalina.startup.Catalina.load Server initialization in [2653] milliseconds
16-Dec-2025 12:01:22.051 INFO [main] org.apache.catalina.core.StandardService.startInternal Starting service [Catalina]
16-Dec-2025 12:01:22.052 INFO [main] org.apache.catalina.core.StandardEngine.startInternal Starting Servlet engine: [Apache Tomcat/9.0.109]
16-Dec-2025 12:01:22.237 INFO [main] org.apache.catalina.startup.HostConfig.deployDescriptor Deploying deployment descriptor [F:\MyDownloas\SpringSecurityApp_Demo4\conf\Catalina\localhost\ROOT.xml]
16-Dec-2025 12:01:23.016 WARNING [main] org.apache.catalina.webresources.DirResourceSet.initInternal Disabled the global canonical file name cache to protect against CVE-2024-56337 when starting the WebResourceSet at [F:\MyDownloas\SpringSecurityApp_Demo4\target\classes] which is part of the web application []
16-Dec-2025 12:01:30.367 INFO [main] org.apache.jasper.servlet.TldScanner.scanJars At least one JAR was scanned for TLDs yet contained no TLDs. Enable debug logging for this logger for a complete list of JARs that were scanned but no TLDs were found in them. Skipping unneeded JARs during scanning can improve startup time and JSP compilation time.
16-Dec-2025 12:01:31.249 WARNING [main] org.apache.catalina.util.SessionIdGeneratorBase.createSecureRandom Creation of SecureRandom instance for session ID generation using [SHA1PRNG] took [380] milliseconds.
16-Dec-2025 12:01:33.054 INFO [MLog-Init-Reporter] com.mchange.v2.log.MLog. MLog clients using java 1.4+ standard logging.
16-Dec-2025 12:01:33.450 INFO [main] com.mchange.v2.c3p0.C3P0Registry. Initializing c3p0-0.9.5.5 [built 11-December-2019 22:18:33 -0800; debug? true; trace: 10]
16-Dec-2025 12:01:33.737 INFO [main] org.apache.catalina.startup.HostConfig.deployDescriptor Deployment of deployment descriptor [F:\MyDownloas\SpringSecurityApp_Demo4\conf\Catalina\localhost\ROOT.xml] has finished in [11,500] ms
16-Dec-2025 12:01:33.744 INFO [main] org.apache.coyote.AbstractProtocol.start Starting ProtocolHandler ["http-nio-8080"]
16-Dec-2025 12:01:33.834 INFO [main] org.apache.catalina.startup.Catalina.start Server startup in [12219] milliseconds
16-Dec-2025 12:09:24.480 INFO [Thread-2] org.apache.coyote.AbstractProtocol.pause Pausing ProtocolHandler ["http-nio-8080"]
16-Dec-2025 12:09:25.241 INFO [Thread-2] org.apache.catalina.core.StandardService.stopInternal Stopping service [Catalina]
16-Dec-2025 12:09:25.310 INFO [Thread-2] org.apache.coyote.AbstractProtocol.stop Stopping ProtocolHandler ["http-nio-8080"]
16-Dec-2025 12:09:25.325 INFO [Thread-2] org.apache.coyote.AbstractProtocol.destroy Destroying ProtocolHandler ["http-nio-8080"]
16-Dec-2025 12:09:37.420 INFO [main] org.apache.catalina.startup.VersionLoggerListener.log Server version name:   Apache Tomcat/9.0.109
16-Dec-2025 12:09:37.426 INFO [main] org.apache.catalina.startup.VersionLoggerListener.log Server built:          Sep 1 2025 12:15:33 UTC
16-Dec-2025 12:09:37.427 INFO [main] org.apache.catalina.startup.VersionLoggerListener.log Server version number: 9.0.109.0
16-Dec-2025 12:09:37.427 INFO [main] org.apache.catalina.startup.VersionLoggerListener.log OS Name:               Windows 10
16-Dec-2025 12:09:37.427 INFO [main] org.apache.catalina.startup.VersionLoggerListener.log OS Version:            10.0
16-Dec-2025 12:09:37.427 INFO [main] org.apache.catalina.startup.VersionLoggerListener.log Architecture:          amd64
16-Dec-2025 12:09:37.427 INFO [main] org.apache.catalina.startup.VersionLoggerListener.log Java Home:             C:\Users\NanoChip\.jdks\corretto-1.8.0_462\jre
16-Dec-2025 12:09:37.428 INFO [main] org.apache.catalina.startup.VersionLoggerListener.log JVM Version:           1.8.0_462-b08
16-Dec-2025 12:09:37.428 INFO [main] org.apache.catalina.startup.VersionLoggerListener.log JVM Vendor:            Amazon.com Inc.
16-Dec-2025 12:09:37.428 INFO [main] org.apache.catalina.startup.VersionLoggerListener.log CATALINA_BASE:         F:\MyDownloas\SpringSecurityApp_Demo4
16-Dec-2025 12:09:37.428 INFO [main] org.apache.catalina.startup.VersionLoggerListener.log CATALINA_HOME:         D:\apache-tomcat-9.0.109
16-Dec-2025 12:09:37.431 INFO [main] org.apache.catalina.startup.VersionLoggerListener.log Command line argument: -Dcatalina.home=D:\apache-tomcat-9.0.109
16-Dec-2025 12:09:37.431 INFO [main] org.apache.catalina.startup.VersionLoggerListener.log Command line argument: -Dcatalina.base=F:\MyDownloas\SpringSecurityApp_Demo4
16-Dec-2025 12:09:37.431 INFO [main] org.apache.catalina.startup.VersionLoggerListener.log Command line argument: -Djava.io.tmpdir=F:\MyDownloas\SpringSecurityApp_Demo4\temp
16-Dec-2025 12:09:37.431 INFO [main] org.apache.catalina.startup.VersionLoggerListener.log Command line argument: -Djava.util.logging.config.file=F:\MyDownloas\SpringSecurityApp_Demo4\conf\logging.properties
16-Dec-2025 12:09:37.431 INFO [main] org.apache.catalina.startup.VersionLoggerListener.log Command line argument: -Djava.util.logging.manager=org.apache.juli.ClassLoaderLogManager
16-Dec-2025 12:09:37.432 INFO [main] org.apache.catalina.startup.VersionLoggerListener.log Command line argument: -javaagent:C:\Users\NanoChip\AppData\Local\Programs\IntelliJ IDEA Ultimate\lib\idea_rt.jar=65521
16-Dec-2025 12:09:37.432 INFO [main] org.apache.catalina.startup.VersionLoggerListener.log Command line argument: -Dfile.encoding=UTF-8
16-Dec-2025 12:09:37.458 INFO [main] org.apache.catalina.core.AprLifecycleListener.lifecycleEvent The Apache Tomcat Native library which allows using OpenSSL was not found on the java.library.path: [C:\Users\NanoChip\.jdks\corretto-1.8.0_462\bin;C:\Windows\Sun\Java\bin;C:\Windows\system32;C:\Windows;C:\Program Files\Common Files\Oracle\Java\javapath;C:\Windows;C:\Windows\System32\Wbem;C:\Windows\System32\WindowsPowerShell\v1.0\;C:\Program Files\apache-maven-3.9.8\bin;C:\Windows\System32\OpenSSH\;C:\Program Files\Git\cmd;C:\Program Files\MySQL\MySQL Server 8.0\bin;c:\flutter\bin;C:\Users\NanoChip\AppData\Local\Android\Sdk\platform-tools;C:\Users\NanoChip\AppData\Local\Android\Sdk\emulator;C:\Program Files (x86)\Windows Kits\10\Windows Performance Toolkit\;C:\Windows\System32;C:\Windows;D:\Gradle\gradle-8.0\bin;C:\MinGW\bin;C:\Users\NanoChip\AppData\Local\Programs\Python\Python311\;C:\Users\NanoChip\AppData\Local\Programs\Python\Python311\Scripts\;C:\Program Files\apache-maven-3.9.8\bin;C:\Program Files\Java\jdk-17\bin;;C:\Program Files\Docker\Docker\resources\bin;C:\Program Files\MySQL\MySQL Shell 8.0\bin\;C:\src\flutter\bin;C:\dart\bin;C:\Users\NanoChip\AppData\Local\Android\Sdk\emulator;C:\Program Files\Git\cmd;C:\Users\NanoChip\AppData\Local\Programs\Microsoft VS Code\bin;C:\Program Files\Java\jdk-17\bin;C:\Users\NanoChip\AppData\Local\Programs\Ollama;C:\Users\NanoChip\AppData\Local\Programs\Python\Python311\;C:\Users\NanoChip\AppData\Local\Programs\Python\Python311\Scripts\;C:\Users\NanoChip\AppData\Local\JetBrains\Toolbox\scripts;;.]
16-Dec-2025 12:09:38.180 INFO [main] org.apache.coyote.AbstractProtocol.init Initializing ProtocolHandler ["http-nio-8080"]
16-Dec-2025 12:09:38.214 INFO [main] org.apache.catalina.startup.Catalina.load Server initialization in [1233] milliseconds
16-Dec-2025 12:09:38.287 INFO [main] org.apache.catalina.core.StandardService.startInternal Starting service [Catalina]
16-Dec-2025 12:09:38.288 INFO [main] org.apache.catalina.core.StandardEngine.startInternal Starting Servlet engine: [Apache Tomcat/9.0.109]
16-Dec-2025 12:09:38.307 INFO [main] org.apache.catalina.startup.HostConfig.deployDescriptor Deploying deployment descriptor [F:\MyDownloas\SpringSecurityApp_Demo4\conf\Catalina\localhost\ROOT.xml]
16-Dec-2025 12:09:38.407 WARNING [main] org.apache.catalina.webresources.DirResourceSet.initInternal Disabled the global canonical file name cache to protect against CVE-2024-56337 when starting the WebResourceSet at [F:\MyDownloas\SpringSecurityApp_Demo4\target\classes] which is part of the web application []
16-Dec-2025 12:09:42.458 INFO [main] org.apache.jasper.servlet.TldScanner.scanJars At least one JAR was scanned for TLDs yet contained no TLDs. Enable debug logging for this logger for a complete list of JARs that were scanned but no TLDs were found in them. Skipping unneeded JARs during scanning can improve startup time and JSP compilation time.
16-Dec-2025 12:09:43.114 WARNING [main] org.apache.catalina.util.SessionIdGeneratorBase.createSecureRandom Creation of SecureRandom instance for session ID generation using [SHA1PRNG] took [338] milliseconds.
16-Dec-2025 12:09:45.027 INFO [main] org.hibernate.jpa.internal.util.LogHelper.logPersistenceUnitInformation HHH000204: Processing PersistenceUnitInfo [
	name: default
	...]
16-Dec-2025 12:09:45.312 INFO [main] org.hibernate.Version.logVersion HHH000412: Hibernate Core {5.2.12.Final}
16-Dec-2025 12:09:45.315 INFO [main] org.hibernate.cfg.Environment.<clinit> HHH000206: hibernate.properties not found
16-Dec-2025 12:09:45.457 INFO [main] org.hibernate.annotations.common.reflection.java.JavaReflectionManager.<clinit> HCANN000001: Hibernate Commons Annotations {5.0.1.Final}
16-Dec-2025 12:09:48.539 INFO [main] org.hibernate.dialect.Dialect.<init> HHH000400: Using dialect: org.hibernate.dialect.MySQL5Dialect
16-Dec-2025 12:09:52.630 INFO [MLog-Init-Reporter] com.mchange.v2.log.MLog. MLog clients using java 1.4+ standard logging.
16-Dec-2025 12:09:52.733 INFO [main] com.mchange.v2.c3p0.C3P0Registry. Initializing c3p0-0.9.5.5 [built 11-December-2019 22:18:33 -0800; debug? true; trace: 10]
16-Dec-2025 12:09:53.255 INFO [main] org.apache.catalina.startup.HostConfig.deployDescriptor Deployment of deployment descriptor [F:\MyDownloas\SpringSecurityApp_Demo4\conf\Catalina\localhost\ROOT.xml] has finished in [14,948] ms
16-Dec-2025 12:09:53.280 INFO [main] org.apache.coyote.AbstractProtocol.start Starting ProtocolHandler ["http-nio-8080"]
16-Dec-2025 12:09:53.433 INFO [main] org.apache.catalina.startup.Catalina.start Server startup in [15219] milliseconds
16-Dec-2025 12:17:31.427 INFO [Thread-2] org.apache.coyote.AbstractProtocol.pause Pausing ProtocolHandler ["http-nio-8080"]
16-Dec-2025 12:17:32.128 INFO [Thread-2] org.apache.catalina.core.StandardService.stopInternal Stopping service [Catalina]
16-Dec-2025 12:17:32.249 WARNING [Thread-2] org.apache.catalina.loader.WebappClassLoaderBase.clearReferencesJdbc The web application [ROOT] registered the JDBC driver [com.mysql.jdbc.Driver] but failed to unregister it when the web application was stopped. To prevent a memory leak, the JDBC Driver has been forcibly unregistered.
16-Dec-2025 12:17:32.250 WARNING [Thread-2] org.apache.catalina.loader.WebappClassLoaderBase.clearReferencesThreads The web application [ROOT] appears to have started a thread named [Abandoned connection cleanup thread] but has failed to stop it. This is very likely to create a memory leak. Stack trace of thread:
 java.lang.Object.wait(Native Method)
 java.lang.ref.ReferenceQueue.remove(ReferenceQueue.java:144)
 com.mysql.jdbc.AbandonedConnectionCleanupThread.run(AbandonedConnectionCleanupThread.java:43)
16-Dec-2025 12:17:32.268 INFO [Thread-2] org.apache.coyote.AbstractProtocol.stop Stopping ProtocolHandler ["http-nio-8080"]
16-Dec-2025 12:17:32.286 INFO [Thread-2] org.apache.coyote.AbstractProtocol.destroy Destroying ProtocolHandler ["http-nio-8080"]
16-Dec-2025 12:17:50.270 INFO [main] org.apache.catalina.startup.VersionLoggerListener.log Server version name:   Apache Tomcat/9.0.109
16-Dec-2025 12:17:50.276 INFO [main] org.apache.catalina.startup.VersionLoggerListener.log Server built:          Sep 1 2025 12:15:33 UTC
16-Dec-2025 12:17:50.276 INFO [main] org.apache.catalina.startup.VersionLoggerListener.log Server version number: 9.0.109.0
16-Dec-2025 12:17:50.276 INFO [main] org.apache.catalina.startup.VersionLoggerListener.log OS Name:               Windows 10
16-Dec-2025 12:17:50.276 INFO [main] org.apache.catalina.startup.VersionLoggerListener.log OS Version:            10.0
16-Dec-2025 12:17:50.277 INFO [main] org.apache.catalina.startup.VersionLoggerListener.log Architecture:          amd64
16-Dec-2025 12:17:50.277 INFO [main] org.apache.catalina.startup.VersionLoggerListener.log Java Home:             C:\Users\NanoChip\.jdks\corretto-1.8.0_462\jre
16-Dec-2025 12:17:50.277 INFO [main] org.apache.catalina.startup.VersionLoggerListener.log JVM Version:           1.8.0_462-b08
16-Dec-2025 12:17:50.277 INFO [main] org.apache.catalina.startup.VersionLoggerListener.log JVM Vendor:            Amazon.com Inc.
16-Dec-2025 12:17:50.277 INFO [main] org.apache.catalina.startup.VersionLoggerListener.log CATALINA_BASE:         F:\MyDownloas\SpringSecurityApp_Demo4
16-Dec-2025 12:17:50.277 INFO [main] org.apache.catalina.startup.VersionLoggerListener.log CATALINA_HOME:         D:\apache-tomcat-9.0.109
16-Dec-2025 12:17:50.279 INFO [main] org.apache.catalina.startup.VersionLoggerListener.log Command line argument: -Dcatalina.home=D:\apache-tomcat-9.0.109
16-Dec-2025 12:17:50.279 INFO [main] org.apache.catalina.startup.VersionLoggerListener.log Command line argument: -Dcatalina.base=F:\MyDownloas\SpringSecurityApp_Demo4
16-Dec-2025 12:17:50.279 INFO [main] org.apache.catalina.startup.VersionLoggerListener.log Command line argument: -Djava.io.tmpdir=F:\MyDownloas\SpringSecurityApp_Demo4\temp
16-Dec-2025 12:17:50.280 INFO [main] org.apache.catalina.startup.VersionLoggerListener.log Command line argument: -Djava.util.logging.config.file=F:\MyDownloas\SpringSecurityApp_Demo4\conf\logging.properties
16-Dec-2025 12:17:50.280 INFO [main] org.apache.catalina.startup.VersionLoggerListener.log Command line argument: -Djava.util.logging.manager=org.apache.juli.ClassLoaderLogManager
16-Dec-2025 12:17:50.280 INFO [main] org.apache.catalina.startup.VersionLoggerListener.log Command line argument: -javaagent:C:\Users\NanoChip\AppData\Local\Programs\IntelliJ IDEA Ultimate\lib\idea_rt.jar=49338
16-Dec-2025 12:17:50.280 INFO [main] org.apache.catalina.startup.VersionLoggerListener.log Command line argument: -Dfile.encoding=UTF-8
16-Dec-2025 12:17:50.303 INFO [main] org.apache.catalina.core.AprLifecycleListener.lifecycleEvent The Apache Tomcat Native library which allows using OpenSSL was not found on the java.library.path: [C:\Users\NanoChip\.jdks\corretto-1.8.0_462\bin;C:\Windows\Sun\Java\bin;C:\Windows\system32;C:\Windows;C:\Program Files\Common Files\Oracle\Java\javapath;C:\Windows;C:\Windows\System32\Wbem;C:\Windows\System32\WindowsPowerShell\v1.0\;C:\Program Files\apache-maven-3.9.8\bin;C:\Windows\System32\OpenSSH\;C:\Program Files\Git\cmd;C:\Program Files\MySQL\MySQL Server 8.0\bin;c:\flutter\bin;C:\Users\NanoChip\AppData\Local\Android\Sdk\platform-tools;C:\Users\NanoChip\AppData\Local\Android\Sdk\emulator;C:\Program Files (x86)\Windows Kits\10\Windows Performance Toolkit\;C:\Windows\System32;C:\Windows;D:\Gradle\gradle-8.0\bin;C:\MinGW\bin;C:\Users\NanoChip\AppData\Local\Programs\Python\Python311\;C:\Users\NanoChip\AppData\Local\Programs\Python\Python311\Scripts\;C:\Program Files\apache-maven-3.9.8\bin;C:\Program Files\Java\jdk-17\bin;;C:\Program Files\Docker\Docker\resources\bin;C:\Program Files\MySQL\MySQL Shell 8.0\bin\;C:\src\flutter\bin;C:\dart\bin;C:\Users\NanoChip\AppData\Local\Android\Sdk\emulator;C:\Program Files\Git\cmd;C:\Users\NanoChip\AppData\Local\Programs\Microsoft VS Code\bin;C:\Program Files\Java\jdk-17\bin;C:\Users\NanoChip\AppData\Local\Programs\Ollama;C:\Users\NanoChip\AppData\Local\Programs\Python\Python311\;C:\Users\NanoChip\AppData\Local\Programs\Python\Python311\Scripts\;C:\Users\NanoChip\AppData\Local\JetBrains\Toolbox\scripts;;.]
16-Dec-2025 12:17:50.890 INFO [main] org.apache.coyote.AbstractProtocol.init Initializing ProtocolHandler ["http-nio-8080"]
16-Dec-2025 12:17:50.924 INFO [main] org.apache.catalina.startup.Catalina.load Server initialization in [1036] milliseconds
16-Dec-2025 12:17:50.989 INFO [main] org.apache.catalina.core.StandardService.startInternal Starting service [Catalina]
16-Dec-2025 12:17:50.990 INFO [main] org.apache.catalina.core.StandardEngine.startInternal Starting Servlet engine: [Apache Tomcat/9.0.109]
16-Dec-2025 12:17:51.010 INFO [main] org.apache.catalina.startup.HostConfig.deployDescriptor Deploying deployment descriptor [F:\MyDownloas\SpringSecurityApp_Demo4\conf\Catalina\localhost\ROOT.xml]
16-Dec-2025 12:17:51.130 WARNING [main] org.apache.catalina.webresources.DirResourceSet.initInternal Disabled the global canonical file name cache to protect against CVE-2024-56337 when starting the WebResourceSet at [F:\MyDownloas\SpringSecurityApp_Demo4\target\classes] which is part of the web application []
16-Dec-2025 12:17:55.133 INFO [main] org.apache.jasper.servlet.TldScanner.scanJars At least one JAR was scanned for TLDs yet contained no TLDs. Enable debug logging for this logger for a complete list of JARs that were scanned but no TLDs were found in them. Skipping unneeded JARs during scanning can improve startup time and JSP compilation time.
16-Dec-2025 12:17:55.812 WARNING [main] org.apache.catalina.util.SessionIdGeneratorBase.createSecureRandom Creation of SecureRandom instance for session ID generation using [SHA1PRNG] took [336] milliseconds.
16-Dec-2025 12:17:57.686 INFO [main] org.hibernate.jpa.internal.util.LogHelper.logPersistenceUnitInformation HHH000204: Processing PersistenceUnitInfo [
	name: default
	...]
16-Dec-2025 12:17:57.964 INFO [main] org.hibernate.Version.logVersion HHH000412: Hibernate Core {5.2.12.Final}
16-Dec-2025 12:17:57.968 INFO [main] org.hibernate.cfg.Environment.<clinit> HHH000206: hibernate.properties not found
16-Dec-2025 12:17:58.127 INFO [main] org.hibernate.annotations.common.reflection.java.JavaReflectionManager.<clinit> HCANN000001: Hibernate Commons Annotations {5.0.1.Final}
16-Dec-2025 12:18:00.156 INFO [main] org.hibernate.dialect.Dialect.<init> HHH000400: Using dialect: org.hibernate.dialect.MySQL5Dialect
16-Dec-2025 12:18:04.117 INFO [MLog-Init-Reporter] com.mchange.v2.log.MLog. MLog clients using java 1.4+ standard logging.
16-Dec-2025 12:18:04.260 INFO [main] com.mchange.v2.c3p0.C3P0Registry. Initializing c3p0-0.9.5.5 [built 11-December-2019 22:18:33 -0800; debug? true; trace: 10]
16-Dec-2025 12:18:04.598 INFO [main] org.apache.catalina.startup.HostConfig.deployDescriptor Deployment of deployment descriptor [F:\MyDownloas\SpringSecurityApp_Demo4\conf\Catalina\localhost\ROOT.xml] has finished in [13,588] ms
16-Dec-2025 12:18:04.604 INFO [main] org.apache.coyote.AbstractProtocol.start Starting ProtocolHandler ["http-nio-8080"]
16-Dec-2025 12:18:04.635 INFO [main] org.apache.catalina.startup.Catalina.start Server startup in [13710] milliseconds
16-Dec-2025 12:19:38.310 INFO [Thread-2] org.apache.coyote.AbstractProtocol.pause Pausing ProtocolHandler ["http-nio-8080"]
16-Dec-2025 12:19:38.970 INFO [Thread-2] org.apache.catalina.core.StandardService.stopInternal Stopping service [Catalina]
16-Dec-2025 12:19:39.022 WARNING [Thread-2] org.apache.catalina.loader.WebappClassLoaderBase.clearReferencesJdbc The web application [ROOT] registered the JDBC driver [com.mysql.jdbc.Driver] but failed to unregister it when the web application was stopped. To prevent a memory leak, the JDBC Driver has been forcibly unregistered.
16-Dec-2025 12:19:39.023 WARNING [Thread-2] org.apache.catalina.loader.WebappClassLoaderBase.clearReferencesThreads The web application [ROOT] appears to have started a thread named [Abandoned connection cleanup thread] but has failed to stop it. This is very likely to create a memory leak. Stack trace of thread:
 java.lang.Object.wait(Native Method)
 java.lang.ref.ReferenceQueue.remove(ReferenceQueue.java:144)
 com.mysql.jdbc.AbandonedConnectionCleanupThread.run(AbandonedConnectionCleanupThread.java:43)
16-Dec-2025 12:19:39.037 INFO [Thread-2] org.apache.coyote.AbstractProtocol.stop Stopping ProtocolHandler ["http-nio-8080"]
16-Dec-2025 12:19:39.057 INFO [Thread-2] org.apache.coyote.AbstractProtocol.destroy Destroying ProtocolHandler ["http-nio-8080"]
16-Dec-2025 12:19:53.484 INFO [main] org.apache.catalina.startup.VersionLoggerListener.log Server version name:   Apache Tomcat/9.0.109
16-Dec-2025 12:19:53.489 INFO [main] org.apache.catalina.startup.VersionLoggerListener.log Server built:          Sep 1 2025 12:15:33 UTC
16-Dec-2025 12:19:53.489 INFO [main] org.apache.catalina.startup.VersionLoggerListener.log Server version number: 9.0.109.0
16-Dec-2025 12:19:53.489 INFO [main] org.apache.catalina.startup.VersionLoggerListener.log OS Name:               Windows 10
16-Dec-2025 12:19:53.489 INFO [main] org.apache.catalina.startup.VersionLoggerListener.log OS Version:            10.0
16-Dec-2025 12:19:53.489 INFO [main] org.apache.catalina.startup.VersionLoggerListener.log Architecture:          amd64
16-Dec-2025 12:19:53.490 INFO [main] org.apache.catalina.startup.VersionLoggerListener.log Java Home:             C:\Users\NanoChip\.jdks\corretto-1.8.0_462\jre
16-Dec-2025 12:19:53.490 INFO [main] org.apache.catalina.startup.VersionLoggerListener.log JVM Version:           1.8.0_462-b08
16-Dec-2025 12:19:53.490 INFO [main] org.apache.catalina.startup.VersionLoggerListener.log JVM Vendor:            Amazon.com Inc.
16-Dec-2025 12:19:53.490 INFO [main] org.apache.catalina.startup.VersionLoggerListener.log CATALINA_BASE:         F:\MyDownloas\SpringSecurityApp_Demo4
16-Dec-2025 12:19:53.491 INFO [main] org.apache.catalina.startup.VersionLoggerListener.log CATALINA_HOME:         D:\apache-tomcat-9.0.109
16-Dec-2025 12:19:53.492 INFO [main] org.apache.catalina.startup.VersionLoggerListener.log Command line argument: -Dcatalina.home=D:\apache-tomcat-9.0.109
16-Dec-2025 12:19:53.492 INFO [main] org.apache.catalina.startup.VersionLoggerListener.log Command line argument: -Dcatalina.base=F:\MyDownloas\SpringSecurityApp_Demo4
16-Dec-2025 12:19:53.492 INFO [main] org.apache.catalina.startup.VersionLoggerListener.log Command line argument: -Djava.io.tmpdir=F:\MyDownloas\SpringSecurityApp_Demo4\temp
16-Dec-2025 12:19:53.493 INFO [main] org.apache.catalina.startup.VersionLoggerListener.log Command line argument: -Djava.util.logging.config.file=F:\MyDownloas\SpringSecurityApp_Demo4\conf\logging.properties
16-Dec-2025 12:19:53.493 INFO [main] org.apache.catalina.startup.VersionLoggerListener.log Command line argument: -Djava.util.logging.manager=org.apache.juli.ClassLoaderLogManager
16-Dec-2025 12:19:53.493 INFO [main] org.apache.catalina.startup.VersionLoggerListener.log Command line argument: -javaagent:C:\Users\NanoChip\AppData\Local\Programs\IntelliJ IDEA Ultimate\lib\idea_rt.jar=49370
16-Dec-2025 12:19:53.494 INFO [main] org.apache.catalina.startup.VersionLoggerListener.log Command line argument: -Dfile.encoding=UTF-8
16-Dec-2025 12:19:53.516 INFO [main] org.apache.catalina.core.AprLifecycleListener.lifecycleEvent The Apache Tomcat Native library which allows using OpenSSL was not found on the java.library.path: [C:\Users\NanoChip\.jdks\corretto-1.8.0_462\bin;C:\Windows\Sun\Java\bin;C:\Windows\system32;C:\Windows;C:\Program Files\Common Files\Oracle\Java\javapath;C:\Windows;C:\Windows\System32\Wbem;C:\Windows\System32\WindowsPowerShell\v1.0\;C:\Program Files\apache-maven-3.9.8\bin;C:\Windows\System32\OpenSSH\;C:\Program Files\Git\cmd;C:\Program Files\MySQL\MySQL Server 8.0\bin;c:\flutter\bin;C:\Users\NanoChip\AppData\Local\Android\Sdk\platform-tools;C:\Users\NanoChip\AppData\Local\Android\Sdk\emulator;C:\Program Files (x86)\Windows Kits\10\Windows Performance Toolkit\;C:\Windows\System32;C:\Windows;D:\Gradle\gradle-8.0\bin;C:\MinGW\bin;C:\Users\NanoChip\AppData\Local\Programs\Python\Python311\;C:\Users\NanoChip\AppData\Local\Programs\Python\Python311\Scripts\;C:\Program Files\apache-maven-3.9.8\bin;C:\Program Files\Java\jdk-17\bin;;C:\Program Files\Docker\Docker\resources\bin;C:\Program Files\MySQL\MySQL Shell 8.0\bin\;C:\src\flutter\bin;C:\dart\bin;C:\Users\NanoChip\AppData\Local\Android\Sdk\emulator;C:\Program Files\Git\cmd;C:\Users\NanoChip\AppData\Local\Programs\Microsoft VS Code\bin;C:\Program Files\Java\jdk-17\bin;C:\Users\NanoChip\AppData\Local\Programs\Ollama;C:\Users\NanoChip\AppData\Local\Programs\Python\Python311\;C:\Users\NanoChip\AppData\Local\Programs\Python\Python311\Scripts\;C:\Users\NanoChip\AppData\Local\JetBrains\Toolbox\scripts;;.]
16-Dec-2025 12:19:54.121 INFO [main] org.apache.coyote.AbstractProtocol.init Initializing ProtocolHandler ["http-nio-8080"]
16-Dec-2025 12:19:54.156 INFO [main] org.apache.catalina.startup.Catalina.load Server initialization in [1104] milliseconds
16-Dec-2025 12:19:54.227 INFO [main] org.apache.catalina.core.StandardService.startInternal Starting service [Catalina]
16-Dec-2025 12:19:54.228 INFO [main] org.apache.catalina.core.StandardEngine.startInternal Starting Servlet engine: [Apache Tomcat/9.0.109]
16-Dec-2025 12:19:54.243 INFO [main] org.apache.catalina.startup.HostConfig.deployDescriptor Deploying deployment descriptor [F:\MyDownloas\SpringSecurityApp_Demo4\conf\Catalina\localhost\ROOT.xml]
16-Dec-2025 12:19:54.344 WARNING [main] org.apache.catalina.webresources.DirResourceSet.initInternal Disabled the global canonical file name cache to protect against CVE-2024-56337 when starting the WebResourceSet at [F:\MyDownloas\SpringSecurityApp_Demo4\target\classes] which is part of the web application []
16-Dec-2025 12:19:58.281 INFO [main] org.apache.jasper.servlet.TldScanner.scanJars At least one JAR was scanned for TLDs yet contained no TLDs. Enable debug logging for this logger for a complete list of JARs that were scanned but no TLDs were found in them. Skipping unneeded JARs during scanning can improve startup time and JSP compilation time.
16-Dec-2025 12:19:58.962 WARNING [main] org.apache.catalina.util.SessionIdGeneratorBase.createSecureRandom Creation of SecureRandom instance for session ID generation using [SHA1PRNG] took [341] milliseconds.
16-Dec-2025 12:20:00.878 INFO [main] org.hibernate.jpa.internal.util.LogHelper.logPersistenceUnitInformation HHH000204: Processing PersistenceUnitInfo [
	name: default
	...]
16-Dec-2025 12:20:01.163 INFO [main] org.hibernate.Version.logVersion HHH000412: Hibernate Core {5.2.12.Final}
16-Dec-2025 12:20:01.166 INFO [main] org.hibernate.cfg.Environment.<clinit> HHH000206: hibernate.properties not found
16-Dec-2025 12:20:01.317 INFO [main] org.hibernate.annotations.common.reflection.java.JavaReflectionManager.<clinit> HCANN000001: Hibernate Commons Annotations {5.0.1.Final}
16-Dec-2025 12:20:02.603 INFO [main] org.hibernate.dialect.Dialect.<init> HHH000400: Using dialect: org.hibernate.dialect.MySQL5Dialect
16-Dec-2025 12:20:06.296 INFO [MLog-Init-Reporter] com.mchange.v2.log.MLog. MLog clients using java 1.4+ standard logging.
16-Dec-2025 12:20:06.394 INFO [main] com.mchange.v2.c3p0.C3P0Registry. Initializing c3p0-0.9.5.5 [built 11-December-2019 22:18:33 -0800; debug? true; trace: 10]
16-Dec-2025 12:20:06.697 INFO [main] org.apache.catalina.startup.HostConfig.deployDescriptor Deployment of deployment descriptor [F:\MyDownloas\SpringSecurityApp_Demo4\conf\Catalina\localhost\ROOT.xml] has finished in [12,454] ms
16-Dec-2025 12:20:06.705 INFO [main] org.apache.coyote.AbstractProtocol.start Starting ProtocolHandler ["http-nio-8080"]
16-Dec-2025 12:20:06.734 INFO [main] org.apache.catalina.startup.Catalina.start Server startup in [12577] milliseconds
16-Dec-2025 12:41:20.345 INFO [Thread-2] org.apache.coyote.AbstractProtocol.pause Pausing ProtocolHandler ["http-nio-8080"]
16-Dec-2025 12:41:21.443 INFO [Thread-2] org.apache.catalina.core.StandardService.stopInternal Stopping service [Catalina]
16-Dec-2025 12:41:24.297 WARNING [Thread-2] org.apache.catalina.loader.WebappClassLoaderBase.clearReferencesJdbc The web application [ROOT] registered the JDBC driver [com.mysql.jdbc.Driver] but failed to unregister it when the web application was stopped. To prevent a memory leak, the JDBC Driver has been forcibly unregistered.
16-Dec-2025 12:41:24.298 WARNING [Thread-2] org.apache.catalina.loader.WebappClassLoaderBase.clearReferencesThreads The web application [ROOT] appears to have started a thread named [Abandoned connection cleanup thread] but has failed to stop it. This is very likely to create a memory leak. Stack trace of thread:
 java.lang.Object.wait(Native Method)
 java.lang.ref.ReferenceQueue.remove(ReferenceQueue.java:144)
 com.mysql.jdbc.AbandonedConnectionCleanupThread.run(AbandonedConnectionCleanupThread.java:43)
16-Dec-2025 12:41:24.858 INFO [Thread-2] org.apache.coyote.AbstractProtocol.stop Stopping ProtocolHandler ["http-nio-8080"]
16-Dec-2025 12:41:24.979 INFO [Thread-2] org.apache.coyote.AbstractProtocol.destroy Destroying ProtocolHandler ["http-nio-8080"]
16-Dec-2025 12:41:54.929 INFO [main] org.apache.catalina.startup.VersionLoggerListener.log Server version name:   Apache Tomcat/9.0.109
16-Dec-2025 12:41:54.935 INFO [main] org.apache.catalina.startup.VersionLoggerListener.log Server built:          Sep 1 2025 12:15:33 UTC
16-Dec-2025 12:41:54.935 INFO [main] org.apache.catalina.startup.VersionLoggerListener.log Server version number: 9.0.109.0
16-Dec-2025 12:41:54.935 INFO [main] org.apache.catalina.startup.VersionLoggerListener.log OS Name:               Windows 10
16-Dec-2025 12:41:54.935 INFO [main] org.apache.catalina.startup.VersionLoggerListener.log OS Version:            10.0
16-Dec-2025 12:41:54.936 INFO [main] org.apache.catalina.startup.VersionLoggerListener.log Architecture:          amd64
16-Dec-2025 12:41:54.936 INFO [main] org.apache.catalina.startup.VersionLoggerListener.log Java Home:             C:\Users\NanoChip\.jdks\corretto-1.8.0_462\jre
16-Dec-2025 12:41:54.936 INFO [main] org.apache.catalina.startup.VersionLoggerListener.log JVM Version:           1.8.0_462-b08
16-Dec-2025 12:41:54.936 INFO [main] org.apache.catalina.startup.VersionLoggerListener.log JVM Vendor:            Amazon.com Inc.
16-Dec-2025 12:41:54.936 INFO [main] org.apache.catalina.startup.VersionLoggerListener.log CATALINA_BASE:         F:\MyDownloas\SpringSecurityApp_Demo4
16-Dec-2025 12:41:54.936 INFO [main] org.apache.catalina.startup.VersionLoggerListener.log CATALINA_HOME:         D:\apache-tomcat-9.0.109
16-Dec-2025 12:41:54.938 INFO [main] org.apache.catalina.startup.VersionLoggerListener.log Command line argument: -Dcatalina.home=D:\apache-tomcat-9.0.109
16-Dec-2025 12:41:54.938 INFO [main] org.apache.catalina.startup.VersionLoggerListener.log Command line argument: -Dcatalina.base=F:\MyDownloas\SpringSecurityApp_Demo4
16-Dec-2025 12:41:54.939 INFO [main] org.apache.catalina.startup.VersionLoggerListener.log Command line argument: -Djava.io.tmpdir=F:\MyDownloas\SpringSecurityApp_Demo4\temp
16-Dec-2025 12:41:54.939 INFO [main] org.apache.catalina.startup.VersionLoggerListener.log Command line argument: -Djava.util.logging.config.file=F:\MyDownloas\SpringSecurityApp_Demo4\conf\logging.properties
16-Dec-2025 12:41:54.939 INFO [main] org.apache.catalina.startup.VersionLoggerListener.log Command line argument: -Djava.util.logging.manager=org.apache.juli.ClassLoaderLogManager
16-Dec-2025 12:41:54.940 INFO [main] org.apache.catalina.startup.VersionLoggerListener.log Command line argument: -javaagent:C:\Users\NanoChip\AppData\Local\Programs\IntelliJ IDEA Ultimate\lib\idea_rt.jar=49660
16-Dec-2025 12:41:54.940 INFO [main] org.apache.catalina.startup.VersionLoggerListener.log Command line argument: -Dfile.encoding=UTF-8
16-Dec-2025 12:41:54.983 INFO [main] org.apache.catalina.core.AprLifecycleListener.lifecycleEvent The Apache Tomcat Native library which allows using OpenSSL was not found on the java.library.path: [C:\Users\NanoChip\.jdks\corretto-1.8.0_462\bin;C:\Windows\Sun\Java\bin;C:\Windows\system32;C:\Windows;C:\Program Files\Common Files\Oracle\Java\javapath;C:\Windows;C:\Windows\System32\Wbem;C:\Windows\System32\WindowsPowerShell\v1.0\;C:\Program Files\apache-maven-3.9.8\bin;C:\Windows\System32\OpenSSH\;C:\Program Files\Git\cmd;C:\Program Files\MySQL\MySQL Server 8.0\bin;c:\flutter\bin;C:\Users\NanoChip\AppData\Local\Android\Sdk\platform-tools;C:\Users\NanoChip\AppData\Local\Android\Sdk\emulator;C:\Program Files (x86)\Windows Kits\10\Windows Performance Toolkit\;C:\Windows\System32;C:\Windows;D:\Gradle\gradle-8.0\bin;C:\MinGW\bin;C:\Users\NanoChip\AppData\Local\Programs\Python\Python311\;C:\Users\NanoChip\AppData\Local\Programs\Python\Python311\Scripts\;C:\Program Files\apache-maven-3.9.8\bin;C:\Program Files\Java\jdk-17\bin;;C:\Program Files\Docker\Docker\resources\bin;C:\Program Files\MySQL\MySQL Shell 8.0\bin\;C:\src\flutter\bin;C:\dart\bin;C:\Users\NanoChip\AppData\Local\Android\Sdk\emulator;C:\Program Files\Git\cmd;C:\Users\NanoChip\AppData\Local\Programs\Microsoft VS Code\bin;C:\Program Files\Java\jdk-17\bin;C:\Users\NanoChip\AppData\Local\Programs\Ollama;C:\Users\NanoChip\AppData\Local\Programs\Python\Python311\;C:\Users\NanoChip\AppData\Local\Programs\Python\Python311\Scripts\;C:\Users\NanoChip\AppData\Local\JetBrains\Toolbox\scripts;;.]
16-Dec-2025 12:41:55.772 INFO [main] org.apache.coyote.AbstractProtocol.init Initializing ProtocolHandler ["http-nio-8080"]
16-Dec-2025 12:41:55.820 INFO [main] org.apache.catalina.startup.Catalina.load Server initialization in [1352] milliseconds
16-Dec-2025 12:41:55.883 INFO [main] org.apache.catalina.core.StandardService.startInternal Starting service [Catalina]
16-Dec-2025 12:41:55.884 INFO [main] org.apache.catalina.core.StandardEngine.startInternal Starting Servlet engine: [Apache Tomcat/9.0.109]
16-Dec-2025 12:41:55.908 INFO [main] org.apache.catalina.startup.HostConfig.deployDescriptor Deploying deployment descriptor [F:\MyDownloas\SpringSecurityApp_Demo4\conf\Catalina\localhost\ROOT.xml]
16-Dec-2025 12:41:56.081 WARNING [main] org.apache.catalina.webresources.DirResourceSet.initInternal Disabled the global canonical file name cache to protect against CVE-2024-56337 when starting the WebResourceSet at [F:\MyDownloas\SpringSecurityApp_Demo4\target\classes] which is part of the web application []
16-Dec-2025 12:42:00.257 INFO [main] org.apache.jasper.servlet.TldScanner.scanJars At least one JAR was scanned for TLDs yet contained no TLDs. Enable debug logging for this logger for a complete list of JARs that were scanned but no TLDs were found in them. Skipping unneeded JARs during scanning can improve startup time and JSP compilation time.
16-Dec-2025 12:42:01.084 WARNING [main] org.apache.catalina.util.SessionIdGeneratorBase.createSecureRandom Creation of SecureRandom instance for session ID generation using [SHA1PRNG] took [373] milliseconds.
16-Dec-2025 12:42:03.090 INFO [main] org.hibernate.jpa.internal.util.LogHelper.logPersistenceUnitInformation HHH000204: Processing PersistenceUnitInfo [
	name: default
	...]
16-Dec-2025 12:42:03.414 INFO [main] org.hibernate.Version.logVersion HHH000412: Hibernate Core {5.2.12.Final}
16-Dec-2025 12:42:03.418 INFO [main] org.hibernate.cfg.Environment.<clinit> HHH000206: hibernate.properties not found
16-Dec-2025 12:42:03.550 INFO [main] org.hibernate.annotations.common.reflection.java.JavaReflectionManager.<clinit> HCANN000001: Hibernate Commons Annotations {5.0.1.Final}
16-Dec-2025 12:42:06.252 INFO [main] org.hibernate.dialect.Dialect.<init> HHH000400: Using dialect: org.hibernate.dialect.MySQL5Dialect
16-Dec-2025 12:42:10.553 INFO [MLog-Init-Reporter] com.mchange.v2.log.MLog. MLog clients using java 1.4+ standard logging.
16-Dec-2025 12:42:10.670 INFO [main] com.mchange.v2.c3p0.C3P0Registry. Initializing c3p0-0.9.5.5 [built 11-December-2019 22:18:33 -0800; debug? true; trace: 10]
16-Dec-2025 12:42:11.077 INFO [main] org.apache.catalina.startup.HostConfig.deployDescriptor Deployment of deployment descriptor [F:\MyDownloas\SpringSecurityApp_Demo4\conf\Catalina\localhost\ROOT.xml] has finished in [15,169] ms
16-Dec-2025 12:42:11.084 INFO [main] org.apache.coyote.AbstractProtocol.start Starting ProtocolHandler ["http-nio-8080"]
16-Dec-2025 12:42:11.143 INFO [main] org.apache.catalina.startup.Catalina.start Server startup in [15322] milliseconds
16-Dec-2025 12:50:42.519 INFO [Thread-2] org.apache.coyote.AbstractProtocol.pause Pausing ProtocolHandler ["http-nio-8080"]
16-Dec-2025 12:50:43.268 INFO [Thread-2] org.apache.catalina.core.StandardService.stopInternal Stopping service [Catalina]
16-Dec-2025 12:50:43.328 WARNING [Thread-2] org.apache.catalina.loader.WebappClassLoaderBase.clearReferencesJdbc The web application [ROOT] registered the JDBC driver [com.mysql.jdbc.Driver] but failed to unregister it when the web application was stopped. To prevent a memory leak, the JDBC Driver has been forcibly unregistered.
16-Dec-2025 12:50:43.330 WARNING [Thread-2] org.apache.catalina.loader.WebappClassLoaderBase.clearReferencesThreads The web application [ROOT] appears to have started a thread named [Abandoned connection cleanup thread] but has failed to stop it. This is very likely to create a memory leak. Stack trace of thread:
 java.lang.Object.wait(Native Method)
 java.lang.ref.ReferenceQueue.remove(ReferenceQueue.java:144)
 com.mysql.jdbc.AbandonedConnectionCleanupThread.run(AbandonedConnectionCleanupThread.java:43)
16-Dec-2025 12:50:43.351 INFO [Thread-2] org.apache.coyote.AbstractProtocol.stop Stopping ProtocolHandler ["http-nio-8080"]
16-Dec-2025 12:50:43.364 INFO [Thread-2] org.apache.coyote.AbstractProtocol.destroy Destroying ProtocolHandler ["http-nio-8080"]
16-Dec-2025 12:50:54.723 INFO [main] org.apache.catalina.startup.VersionLoggerListener.log Server version name:   Apache Tomcat/9.0.109
16-Dec-2025 12:50:54.728 INFO [main] org.apache.catalina.startup.VersionLoggerListener.log Server built:          Sep 1 2025 12:15:33 UTC
16-Dec-2025 12:50:54.729 INFO [main] org.apache.catalina.startup.VersionLoggerListener.log Server version number: 9.0.109.0
16-Dec-2025 12:50:54.729 INFO [main] org.apache.catalina.startup.VersionLoggerListener.log OS Name:               Windows 10
16-Dec-2025 12:50:54.729 INFO [main] org.apache.catalina.startup.VersionLoggerListener.log OS Version:            10.0
16-Dec-2025 12:50:54.729 INFO [main] org.apache.catalina.startup.VersionLoggerListener.log Architecture:          amd64
16-Dec-2025 12:50:54.730 INFO [main] org.apache.catalina.startup.VersionLoggerListener.log Java Home:             C:\Users\NanoChip\.jdks\corretto-1.8.0_462\jre
16-Dec-2025 12:50:54.730 INFO [main] org.apache.catalina.startup.VersionLoggerListener.log JVM Version:           1.8.0_462-b08
16-Dec-2025 12:50:54.730 INFO [main] org.apache.catalina.startup.VersionLoggerListener.log JVM Vendor:            Amazon.com Inc.
16-Dec-2025 12:50:54.730 INFO [main] org.apache.catalina.startup.VersionLoggerListener.log CATALINA_BASE:         F:\MyDownloas\SpringSecurityApp_Demo4
16-Dec-2025 12:50:54.731 INFO [main] org.apache.catalina.startup.VersionLoggerListener.log CATALINA_HOME:         D:\apache-tomcat-9.0.109
16-Dec-2025 12:50:54.779 INFO [main] org.apache.catalina.startup.VersionLoggerListener.log Command line argument: -Dcatalina.home=D:\apache-tomcat-9.0.109
16-Dec-2025 12:50:54.779 INFO [main] org.apache.catalina.startup.VersionLoggerListener.log Command line argument: -Dcatalina.base=F:\MyDownloas\SpringSecurityApp_Demo4
16-Dec-2025 12:50:54.780 INFO [main] org.apache.catalina.startup.VersionLoggerListener.log Command line argument: -Djava.io.tmpdir=F:\MyDownloas\SpringSecurityApp_Demo4\temp
16-Dec-2025 12:50:54.780 INFO [main] org.apache.catalina.startup.VersionLoggerListener.log Command line argument: -Djava.util.logging.config.file=F:\MyDownloas\SpringSecurityApp_Demo4\conf\logging.properties
16-Dec-2025 12:50:54.780 INFO [main] org.apache.catalina.startup.VersionLoggerListener.log Command line argument: -Djava.util.logging.manager=org.apache.juli.ClassLoaderLogManager
16-Dec-2025 12:50:54.780 INFO [main] org.apache.catalina.startup.VersionLoggerListener.log Command line argument: -javaagent:C:\Users\NanoChip\AppData\Local\Programs\IntelliJ IDEA Ultimate\lib\idea_rt.jar=49805
16-Dec-2025 12:50:54.780 INFO [main] org.apache.catalina.startup.VersionLoggerListener.log Command line argument: -Dfile.encoding=UTF-8
16-Dec-2025 12:50:54.807 INFO [main] org.apache.catalina.core.AprLifecycleListener.lifecycleEvent The Apache Tomcat Native library which allows using OpenSSL was not found on the java.library.path: [C:\Users\NanoChip\.jdks\corretto-1.8.0_462\bin;C:\Windows\Sun\Java\bin;C:\Windows\system32;C:\Windows;C:\Program Files\Common Files\Oracle\Java\javapath;C:\Windows;C:\Windows\System32\Wbem;C:\Windows\System32\WindowsPowerShell\v1.0\;C:\Program Files\apache-maven-3.9.8\bin;C:\Windows\System32\OpenSSH\;C:\Program Files\Git\cmd;C:\Program Files\MySQL\MySQL Server 8.0\bin;c:\flutter\bin;C:\Users\NanoChip\AppData\Local\Android\Sdk\platform-tools;C:\Users\NanoChip\AppData\Local\Android\Sdk\emulator;C:\Program Files (x86)\Windows Kits\10\Windows Performance Toolkit\;C:\Windows\System32;C:\Windows;D:\Gradle\gradle-8.0\bin;C:\MinGW\bin;C:\Users\NanoChip\AppData\Local\Programs\Python\Python311\;C:\Users\NanoChip\AppData\Local\Programs\Python\Python311\Scripts\;C:\Program Files\apache-maven-3.9.8\bin;C:\Program Files\Java\jdk-17\bin;;C:\Program Files\Docker\Docker\resources\bin;C:\Program Files\MySQL\MySQL Shell 8.0\bin\;C:\src\flutter\bin;C:\dart\bin;C:\Users\NanoChip\AppData\Local\Android\Sdk\emulator;C:\Program Files\Git\cmd;C:\Users\NanoChip\AppData\Local\Programs\Microsoft VS Code\bin;C:\Program Files\Java\jdk-17\bin;C:\Users\NanoChip\AppData\Local\Programs\Ollama;C:\Users\NanoChip\AppData\Local\Programs\Python\Python311\;C:\Users\NanoChip\AppData\Local\Programs\Python\Python311\Scripts\;C:\Users\NanoChip\AppData\Local\JetBrains\Toolbox\scripts;;.]
16-Dec-2025 12:50:55.451 INFO [main] org.apache.coyote.AbstractProtocol.init Initializing ProtocolHandler ["http-nio-8080"]
16-Dec-2025 12:50:55.489 INFO [main] org.apache.catalina.startup.Catalina.load Server initialization in [1194] milliseconds
16-Dec-2025 12:50:55.558 INFO [main] org.apache.catalina.core.StandardService.startInternal Starting service [Catalina]
16-Dec-2025 12:50:55.559 INFO [main] org.apache.catalina.core.StandardEngine.startInternal Starting Servlet engine: [Apache Tomcat/9.0.109]
16-Dec-2025 12:50:55.576 INFO [main] org.apache.catalina.startup.HostConfig.deployDescriptor Deploying deployment descriptor [F:\MyDownloas\SpringSecurityApp_Demo4\conf\Catalina\localhost\ROOT.xml]
16-Dec-2025 12:50:55.685 WARNING [main] org.apache.catalina.webresources.DirResourceSet.initInternal Disabled the global canonical file name cache to protect against CVE-2024-56337 when starting the WebResourceSet at [F:\MyDownloas\SpringSecurityApp_Demo4\target\classes] which is part of the web application []
16-Dec-2025 12:50:59.938 INFO [main] org.apache.jasper.servlet.TldScanner.scanJars At least one JAR was scanned for TLDs yet contained no TLDs. Enable debug logging for this logger for a complete list of JARs that were scanned but no TLDs were found in them. Skipping unneeded JARs during scanning can improve startup time and JSP compilation time.
16-Dec-2025 12:51:01.005 WARNING [main] org.apache.catalina.util.SessionIdGeneratorBase.createSecureRandom Creation of SecureRandom instance for session ID generation using [SHA1PRNG] took [634] milliseconds.
16-Dec-2025 12:51:03.495 INFO [main] org.hibernate.jpa.internal.util.LogHelper.logPersistenceUnitInformation HHH000204: Processing PersistenceUnitInfo [
	name: default
	...]
16-Dec-2025 12:51:03.825 INFO [main] org.hibernate.Version.logVersion HHH000412: Hibernate Core {5.2.12.Final}
16-Dec-2025 12:51:03.828 INFO [main] org.hibernate.cfg.Environment.<clinit> HHH000206: hibernate.properties not found
16-Dec-2025 12:51:03.956 INFO [main] org.hibernate.annotations.common.reflection.java.JavaReflectionManager.<clinit> HCANN000001: Hibernate Commons Annotations {5.0.1.Final}
16-Dec-2025 12:51:05.315 INFO [main] org.hibernate.dialect.Dialect.<init> HHH000400: Using dialect: org.hibernate.dialect.MySQL5Dialect
16-Dec-2025 12:51:09.569 INFO [MLog-Init-Reporter] com.mchange.v2.log.MLog. MLog clients using java 1.4+ standard logging.
16-Dec-2025 12:51:09.671 INFO [main] com.mchange.v2.c3p0.C3P0Registry. Initializing c3p0-0.9.5.5 [built 11-December-2019 22:18:33 -0800; debug? true; trace: 10]
16-Dec-2025 12:51:10.033 INFO [main] org.apache.catalina.startup.HostConfig.deployDescriptor Deployment of deployment descriptor [F:\MyDownloas\SpringSecurityApp_Demo4\conf\Catalina\localhost\ROOT.xml] has finished in [14,457] ms
16-Dec-2025 12:51:10.040 INFO [main] org.apache.coyote.AbstractProtocol.start Starting ProtocolHandler ["http-nio-8080"]
16-Dec-2025 12:51:10.069 INFO [main] org.apache.catalina.startup.Catalina.start Server startup in [14580] milliseconds
16-Dec-2025 12:53:37.539 INFO [Thread-2] org.apache.coyote.AbstractProtocol.pause Pausing ProtocolHandler ["http-nio-8080"]
16-Dec-2025 12:53:38.186 INFO [Thread-2] org.apache.catalina.core.StandardService.stopInternal Stopping service [Catalina]
16-Dec-2025 12:53:38.245 WARNING [Thread-2] org.apache.catalina.loader.WebappClassLoaderBase.clearReferencesJdbc The web application [ROOT] registered the JDBC driver [com.mysql.jdbc.Driver] but failed to unregister it when the web application was stopped. To prevent a memory leak, the JDBC Driver has been forcibly unregistered.
16-Dec-2025 12:53:38.246 WARNING [Thread-2] org.apache.catalina.loader.WebappClassLoaderBase.clearReferencesThreads The web application [ROOT] appears to have started a thread named [Abandoned connection cleanup thread] but has failed to stop it. This is very likely to create a memory leak. Stack trace of thread:
 java.lang.Object.wait(Native Method)
 java.lang.ref.ReferenceQueue.remove(ReferenceQueue.java:144)
 com.mysql.jdbc.AbandonedConnectionCleanupThread.run(AbandonedConnectionCleanupThread.java:43)
16-Dec-2025 12:53:38.256 INFO [Thread-2] org.apache.coyote.AbstractProtocol.stop Stopping ProtocolHandler ["http-nio-8080"]
16-Dec-2025 12:53:38.277 INFO [Thread-2] org.apache.coyote.AbstractProtocol.destroy Destroying ProtocolHandler ["http-nio-8080"]
16-Dec-2025 12:54:09.684 INFO [main] org.apache.catalina.startup.VersionLoggerListener.log Server version name:   Apache Tomcat/9.0.109
16-Dec-2025 12:54:09.690 INFO [main] org.apache.catalina.startup.VersionLoggerListener.log Server built:          Sep 1 2025 12:15:33 UTC
16-Dec-2025 12:54:09.691 INFO [main] org.apache.catalina.startup.VersionLoggerListener.log Server version number: 9.0.109.0
16-Dec-2025 12:54:09.691 INFO [main] org.apache.catalina.startup.VersionLoggerListener.log OS Name:               Windows 10
16-Dec-2025 12:54:09.691 INFO [main] org.apache.catalina.startup.VersionLoggerListener.log OS Version:            10.0
16-Dec-2025 12:54:09.692 INFO [main] org.apache.catalina.startup.VersionLoggerListener.log Architecture:          amd64
16-Dec-2025 12:54:09.692 INFO [main] org.apache.catalina.startup.VersionLoggerListener.log Java Home:             C:\Users\NanoChip\.jdks\corretto-1.8.0_462\jre
16-Dec-2025 12:54:09.692 INFO [main] org.apache.catalina.startup.VersionLoggerListener.log JVM Version:           1.8.0_462-b08
16-Dec-2025 12:54:09.693 INFO [main] org.apache.catalina.startup.VersionLoggerListener.log JVM Vendor:            Amazon.com Inc.
16-Dec-2025 12:54:09.693 INFO [main] org.apache.catalina.startup.VersionLoggerListener.log CATALINA_BASE:         F:\MyDownloas\SpringSecurityApp_Demo4
16-Dec-2025 12:54:09.693 INFO [main] org.apache.catalina.startup.VersionLoggerListener.log CATALINA_HOME:         D:\apache-tomcat-9.0.109
16-Dec-2025 12:54:09.695 INFO [main] org.apache.catalina.startup.VersionLoggerListener.log Command line argument: -Dcatalina.home=D:\apache-tomcat-9.0.109
16-Dec-2025 12:54:09.695 INFO [main] org.apache.catalina.startup.VersionLoggerListener.log Command line argument: -Dcatalina.base=F:\MyDownloas\SpringSecurityApp_Demo4
16-Dec-2025 12:54:09.695 INFO [main] org.apache.catalina.startup.VersionLoggerListener.log Command line argument: -Djava.io.tmpdir=F:\MyDownloas\SpringSecurityApp_Demo4\temp
16-Dec-2025 12:54:09.695 INFO [main] org.apache.catalina.startup.VersionLoggerListener.log Command line argument: -Djava.util.logging.config.file=F:\MyDownloas\SpringSecurityApp_Demo4\conf\logging.properties
16-Dec-2025 12:54:09.695 INFO [main] org.apache.catalina.startup.VersionLoggerListener.log Command line argument: -Djava.util.logging.manager=org.apache.juli.ClassLoaderLogManager
16-Dec-2025 12:54:09.696 INFO [main] org.apache.catalina.startup.VersionLoggerListener.log Command line argument: -javaagent:C:\Users\NanoChip\AppData\Local\Programs\IntelliJ IDEA Ultimate\lib\idea_rt.jar=49871
16-Dec-2025 12:54:09.696 INFO [main] org.apache.catalina.startup.VersionLoggerListener.log Command line argument: -Dfile.encoding=UTF-8
16-Dec-2025 12:54:09.720 INFO [main] org.apache.catalina.core.AprLifecycleListener.lifecycleEvent The Apache Tomcat Native library which allows using OpenSSL was not found on the java.library.path: [C:\Users\NanoChip\.jdks\corretto-1.8.0_462\bin;C:\Windows\Sun\Java\bin;C:\Windows\system32;C:\Windows;C:\Program Files\Common Files\Oracle\Java\javapath;C:\Windows;C:\Windows\System32\Wbem;C:\Windows\System32\WindowsPowerShell\v1.0\;C:\Program Files\apache-maven-3.9.8\bin;C:\Windows\System32\OpenSSH\;C:\Program Files\Git\cmd;C:\Program Files\MySQL\MySQL Server 8.0\bin;c:\flutter\bin;C:\Users\NanoChip\AppData\Local\Android\Sdk\platform-tools;C:\Users\NanoChip\AppData\Local\Android\Sdk\emulator;C:\Program Files (x86)\Windows Kits\10\Windows Performance Toolkit\;C:\Windows\System32;C:\Windows;D:\Gradle\gradle-8.0\bin;C:\MinGW\bin;C:\Users\NanoChip\AppData\Local\Programs\Python\Python311\;C:\Users\NanoChip\AppData\Local\Programs\Python\Python311\Scripts\;C:\Program Files\apache-maven-3.9.8\bin;C:\Program Files\Java\jdk-17\bin;;C:\Program Files\Docker\Docker\resources\bin;C:\Program Files\MySQL\MySQL Shell 8.0\bin\;C:\src\flutter\bin;C:\dart\bin;C:\Users\NanoChip\AppData\Local\Android\Sdk\emulator;C:\Program Files\Git\cmd;C:\Users\NanoChip\AppData\Local\Programs\Microsoft VS Code\bin;C:\Program Files\Java\jdk-17\bin;C:\Users\NanoChip\AppData\Local\Programs\Ollama;C:\Users\NanoChip\AppData\Local\Programs\Python\Python311\;C:\Users\NanoChip\AppData\Local\Programs\Python\Python311\Scripts\;C:\Users\NanoChip\AppData\Local\JetBrains\Toolbox\scripts;;.]
16-Dec-2025 12:54:10.403 INFO [main] org.apache.coyote.AbstractProtocol.init Initializing ProtocolHandler ["http-nio-8080"]
16-Dec-2025 12:54:10.476 INFO [main] org.apache.catalina.startup.Catalina.load Server initialization in [1224] milliseconds
16-Dec-2025 12:54:10.562 INFO [main] org.apache.catalina.core.StandardService.startInternal Starting service [Catalina]
16-Dec-2025 12:54:10.562 INFO [main] org.apache.catalina.core.StandardEngine.startInternal Starting Servlet engine: [Apache Tomcat/9.0.109]
16-Dec-2025 12:54:10.580 INFO [main] org.apache.catalina.startup.HostConfig.deployDescriptor Deploying deployment descriptor [F:\MyDownloas\SpringSecurityApp_Demo4\conf\Catalina\localhost\ROOT.xml]
16-Dec-2025 12:54:10.693 WARNING [main] org.apache.catalina.webresources.DirResourceSet.initInternal Disabled the global canonical file name cache to protect against CVE-2024-56337 when starting the WebResourceSet at [F:\MyDownloas\SpringSecurityApp_Demo4\target\classes] which is part of the web application []
16-Dec-2025 12:54:15.059 INFO [main] org.apache.jasper.servlet.TldScanner.scanJars At least one JAR was scanned for TLDs yet contained no TLDs. Enable debug logging for this logger for a complete list of JARs that were scanned but no TLDs were found in them. Skipping unneeded JARs during scanning can improve startup time and JSP compilation time.
16-Dec-2025 12:54:15.739 WARNING [main] org.apache.catalina.util.SessionIdGeneratorBase.createSecureRandom Creation of SecureRandom instance for session ID generation using [SHA1PRNG] took [342] milliseconds.
16-Dec-2025 12:54:17.900 INFO [main] org.hibernate.jpa.internal.util.LogHelper.logPersistenceUnitInformation HHH000204: Processing PersistenceUnitInfo [
	name: default
	...]
16-Dec-2025 12:54:18.232 INFO [main] org.hibernate.Version.logVersion HHH000412: Hibernate Core {5.2.12.Final}
16-Dec-2025 12:54:18.236 INFO [main] org.hibernate.cfg.Environment.<clinit> HHH000206: hibernate.properties not found
16-Dec-2025 12:54:18.408 INFO [main] org.hibernate.annotations.common.reflection.java.JavaReflectionManager.<clinit> HCANN000001: Hibernate Commons Annotations {5.0.1.Final}
16-Dec-2025 12:54:19.631 INFO [main] org.hibernate.dialect.Dialect.<init> HHH000400: Using dialect: org.hibernate.dialect.MySQL5Dialect
16-Dec-2025 12:54:23.675 INFO [MLog-Init-Reporter] com.mchange.v2.log.MLog. MLog clients using java 1.4+ standard logging.
16-Dec-2025 12:54:23.778 INFO [main] com.mchange.v2.c3p0.C3P0Registry. Initializing c3p0-0.9.5.5 [built 11-December-2019 22:18:33 -0800; debug? true; trace: 10]
16-Dec-2025 12:54:24.316 INFO [main] org.apache.catalina.startup.HostConfig.deployDescriptor Deployment of deployment descriptor [F:\MyDownloas\SpringSecurityApp_Demo4\conf\Catalina\localhost\ROOT.xml] has finished in [13,736] ms
16-Dec-2025 12:54:24.322 INFO [main] org.apache.coyote.AbstractProtocol.start Starting ProtocolHandler ["http-nio-8080"]
16-Dec-2025 12:54:24.494 INFO [main] org.apache.catalina.startup.Catalina.start Server startup in [14017] milliseconds
16-Dec-2025 12:55:13.122 WARN [http-nio-8080-exec-4] org.hibernate.engine.jdbc.spi.SqlExceptionHelper.logExceptions SQL Error: 1364, SQLState: HY000
16-Dec-2025 12:55:13.123 ERROR [http-nio-8080-exec-4] org.hibernate.engine.jdbc.spi.SqlExceptionHelper.logExceptions Field 'username' doesn't have a default value
16-Dec-2025 13:01:40.828 INFO [Thread-2] org.apache.coyote.AbstractProtocol.pause Pausing ProtocolHandler ["http-nio-8080"]
16-Dec-2025 13:01:41.514 INFO [Thread-2] org.apache.catalina.core.StandardService.stopInternal Stopping service [Catalina]
16-Dec-2025 13:01:41.625 WARNING [Thread-2] org.apache.catalina.loader.WebappClassLoaderBase.clearReferencesJdbc The web application [ROOT] registered the JDBC driver [com.mysql.jdbc.Driver] but failed to unregister it when the web application was stopped. To prevent a memory leak, the JDBC Driver has been forcibly unregistered.
16-Dec-2025 13:01:41.628 WARNING [Thread-2] org.apache.catalina.loader.WebappClassLoaderBase.clearReferencesThreads The web application [ROOT] appears to have started a thread named [Abandoned connection cleanup thread] but has failed to stop it. This is very likely to create a memory leak. Stack trace of thread:
 java.lang.Object.wait(Native Method)
 java.lang.ref.ReferenceQueue.remove(ReferenceQueue.java:144)
 com.mysql.jdbc.AbandonedConnectionCleanupThread.run(AbandonedConnectionCleanupThread.java:43)
16-Dec-2025 13:01:41.642 INFO [Thread-2] org.apache.coyote.AbstractProtocol.stop Stopping ProtocolHandler ["http-nio-8080"]
16-Dec-2025 13:01:41.650 INFO [Thread-2] org.apache.coyote.AbstractProtocol.destroy Destroying ProtocolHandler ["http-nio-8080"]
16-Dec-2025 13:02:04.688 INFO [main] org.apache.catalina.startup.VersionLoggerListener.log Server version name:   Apache Tomcat/9.0.109
16-Dec-2025 13:02:04.694 INFO [main] org.apache.catalina.startup.VersionLoggerListener.log Server built:          Sep 1 2025 12:15:33 UTC
16-Dec-2025 13:02:04.695 INFO [main] org.apache.catalina.startup.VersionLoggerListener.log Server version number: 9.0.109.0
16-Dec-2025 13:02:04.695 INFO [main] org.apache.catalina.startup.VersionLoggerListener.log OS Name:               Windows 10
16-Dec-2025 13:02:04.695 INFO [main] org.apache.catalina.startup.VersionLoggerListener.log OS Version:            10.0
16-Dec-2025 13:02:04.695 INFO [main] org.apache.catalina.startup.VersionLoggerListener.log Architecture:          amd64
16-Dec-2025 13:02:04.695 INFO [main] org.apache.catalina.startup.VersionLoggerListener.log Java Home:             C:\Users\NanoChip\.jdks\corretto-1.8.0_462\jre
16-Dec-2025 13:02:04.695 INFO [main] org.apache.catalina.startup.VersionLoggerListener.log JVM Version:           1.8.0_462-b08
16-Dec-2025 13:02:04.696 INFO [main] org.apache.catalina.startup.VersionLoggerListener.log JVM Vendor:            Amazon.com Inc.
16-Dec-2025 13:02:04.696 INFO [main] org.apache.catalina.startup.VersionLoggerListener.log CATALINA_BASE:         F:\MyDownloas\SpringSecurityApp_Demo4
16-Dec-2025 13:02:04.696 INFO [main] org.apache.catalina.startup.VersionLoggerListener.log CATALINA_HOME:         D:\apache-tomcat-9.0.109
16-Dec-2025 13:02:04.698 INFO [main] org.apache.catalina.startup.VersionLoggerListener.log Command line argument: -Dcatalina.home=D:\apache-tomcat-9.0.109
16-Dec-2025 13:02:04.698 INFO [main] org.apache.catalina.startup.VersionLoggerListener.log Command line argument: -Dcatalina.base=F:\MyDownloas\SpringSecurityApp_Demo4
16-Dec-2025 13:02:04.698 INFO [main] org.apache.catalina.startup.VersionLoggerListener.log Command line argument: -Djava.io.tmpdir=F:\MyDownloas\SpringSecurityApp_Demo4\temp
16-Dec-2025 13:02:04.698 INFO [main] org.apache.catalina.startup.VersionLoggerListener.log Command line argument: -Djava.util.logging.config.file=F:\MyDownloas\SpringSecurityApp_Demo4\conf\logging.properties
16-Dec-2025 13:02:04.698 INFO [main] org.apache.catalina.startup.VersionLoggerListener.log Command line argument: -Djava.util.logging.manager=org.apache.juli.ClassLoaderLogManager
16-Dec-2025 13:02:04.699 INFO [main] org.apache.catalina.startup.VersionLoggerListener.log Command line argument: -javaagent:C:\Users\NanoChip\AppData\Local\Programs\IntelliJ IDEA Ultimate\lib\idea_rt.jar=49990
16-Dec-2025 13:02:04.699 INFO [main] org.apache.catalina.startup.VersionLoggerListener.log Command line argument: -Dfile.encoding=UTF-8
16-Dec-2025 13:02:04.725 INFO [main] org.apache.catalina.core.AprLifecycleListener.lifecycleEvent The Apache Tomcat Native library which allows using OpenSSL was not found on the java.library.path: [C:\Users\NanoChip\.jdks\corretto-1.8.0_462\bin;C:\Windows\Sun\Java\bin;C:\Windows\system32;C:\Windows;C:\Program Files\Common Files\Oracle\Java\javapath;C:\Windows;C:\Windows\System32\Wbem;C:\Windows\System32\WindowsPowerShell\v1.0\;C:\Program Files\apache-maven-3.9.8\bin;C:\Windows\System32\OpenSSH\;C:\Program Files\Git\cmd;C:\Program Files\MySQL\MySQL Server 8.0\bin;c:\flutter\bin;C:\Users\NanoChip\AppData\Local\Android\Sdk\platform-tools;C:\Users\NanoChip\AppData\Local\Android\Sdk\emulator;C:\Program Files (x86)\Windows Kits\10\Windows Performance Toolkit\;C:\Windows\System32;C:\Windows;D:\Gradle\gradle-8.0\bin;C:\MinGW\bin;C:\Users\NanoChip\AppData\Local\Programs\Python\Python311\;C:\Users\NanoChip\AppData\Local\Programs\Python\Python311\Scripts\;C:\Program Files\apache-maven-3.9.8\bin;C:\Program Files\Java\jdk-17\bin;;C:\Program Files\Docker\Docker\resources\bin;C:\Program Files\MySQL\MySQL Shell 8.0\bin\;C:\src\flutter\bin;C:\dart\bin;C:\Users\NanoChip\AppData\Local\Android\Sdk\emulator;C:\Program Files\Git\cmd;C:\Users\NanoChip\AppData\Local\Programs\Microsoft VS Code\bin;C:\Program Files\Java\jdk-17\bin;C:\Users\NanoChip\AppData\Local\Programs\Ollama;C:\Users\NanoChip\AppData\Local\Programs\Python\Python311\;C:\Users\NanoChip\AppData\Local\Programs\Python\Python311\Scripts\;C:\Users\NanoChip\AppData\Local\JetBrains\Toolbox\scripts;;.]
16-Dec-2025 13:02:05.367 INFO [main] org.apache.coyote.AbstractProtocol.init Initializing ProtocolHandler ["http-nio-8080"]
16-Dec-2025 13:02:05.404 INFO [main] org.apache.catalina.startup.Catalina.load Server initialization in [1176] milliseconds
16-Dec-2025 13:02:05.519 INFO [main] org.apache.catalina.core.StandardService.startInternal Starting service [Catalina]
16-Dec-2025 13:02:05.519 INFO [main] org.apache.catalina.core.StandardEngine.startInternal Starting Servlet engine: [Apache Tomcat/9.0.109]
16-Dec-2025 13:02:05.535 INFO [main] org.apache.catalina.startup.HostConfig.deployDescriptor Deploying deployment descriptor [F:\MyDownloas\SpringSecurityApp_Demo4\conf\Catalina\localhost\ROOT.xml]
16-Dec-2025 13:02:05.651 WARNING [main] org.apache.catalina.webresources.DirResourceSet.initInternal Disabled the global canonical file name cache to protect against CVE-2024-56337 when starting the WebResourceSet at [F:\MyDownloas\SpringSecurityApp_Demo4\target\classes] which is part of the web application []
16-Dec-2025 13:02:10.276 INFO [main] org.apache.jasper.servlet.TldScanner.scanJars At least one JAR was scanned for TLDs yet contained no TLDs. Enable debug logging for this logger for a complete list of JARs that were scanned but no TLDs were found in them. Skipping unneeded JARs during scanning can improve startup time and JSP compilation time.
16-Dec-2025 13:02:11.288 WARNING [main] org.apache.catalina.util.SessionIdGeneratorBase.createSecureRandom Creation of SecureRandom instance for session ID generation using [SHA1PRNG] took [487] milliseconds.
16-Dec-2025 13:02:13.866 INFO [main] org.hibernate.jpa.internal.util.LogHelper.logPersistenceUnitInformation HHH000204: Processing PersistenceUnitInfo [
	name: default
	...]
16-Dec-2025 13:02:14.277 INFO [main] org.hibernate.Version.logVersion HHH000412: Hibernate Core {5.2.12.Final}
16-Dec-2025 13:02:14.282 INFO [main] org.hibernate.cfg.Environment.<clinit> HHH000206: hibernate.properties not found
16-Dec-2025 13:02:14.490 INFO [main] org.hibernate.annotations.common.reflection.java.JavaReflectionManager.<clinit> HCANN000001: Hibernate Commons Annotations {5.0.1.Final}
16-Dec-2025 13:02:16.133 INFO [main] org.hibernate.dialect.Dialect.<init> HHH000400: Using dialect: org.hibernate.dialect.MySQL5Dialect
16-Dec-2025 13:02:21.474 INFO [MLog-Init-Reporter] com.mchange.v2.log.MLog. MLog clients using java 1.4+ standard logging.
16-Dec-2025 13:02:21.626 INFO [main] com.mchange.v2.c3p0.C3P0Registry. Initializing c3p0-0.9.5.5 [built 11-December-2019 22:18:33 -0800; debug? true; trace: 10]
16-Dec-2025 13:02:22.062 INFO [main] org.apache.catalina.startup.HostConfig.deployDescriptor Deployment of deployment descriptor [F:\MyDownloas\SpringSecurityApp_Demo4\conf\Catalina\localhost\ROOT.xml] has finished in [16,527] ms
16-Dec-2025 13:02:22.074 INFO [main] org.apache.coyote.AbstractProtocol.start Starting ProtocolHandler ["http-nio-8080"]
16-Dec-2025 13:02:22.120 INFO [main] org.apache.catalina.startup.Catalina.start Server startup in [16715] milliseconds
16-Dec-2025 13:11:20.812 INFO [Thread-2] org.apache.coyote.AbstractProtocol.pause Pausing ProtocolHandler ["http-nio-8080"]
16-Dec-2025 13:11:21.499 INFO [Thread-2] org.apache.catalina.core.StandardService.stopInternal Stopping service [Catalina]
16-Dec-2025 13:11:21.592 WARNING [Thread-2] org.apache.catalina.loader.WebappClassLoaderBase.clearReferencesJdbc The web application [ROOT] registered the JDBC driver [com.mysql.jdbc.Driver] but failed to unregister it when the web application was stopped. To prevent a memory leak, the JDBC Driver has been forcibly unregistered.
16-Dec-2025 13:11:21.593 WARNING [Thread-2] org.apache.catalina.loader.WebappClassLoaderBase.clearReferencesThreads The web application [ROOT] appears to have started a thread named [Abandoned connection cleanup thread] but has failed to stop it. This is very likely to create a memory leak. Stack trace of thread:
 java.lang.Object.wait(Native Method)
 java.lang.ref.ReferenceQueue.remove(ReferenceQueue.java:144)
 com.mysql.jdbc.AbandonedConnectionCleanupThread.run(AbandonedConnectionCleanupThread.java:43)
16-Dec-2025 13:11:21.610 INFO [Thread-2] org.apache.coyote.AbstractProtocol.stop Stopping ProtocolHandler ["http-nio-8080"]
16-Dec-2025 13:11:21.623 INFO [Thread-2] org.apache.coyote.AbstractProtocol.destroy Destroying ProtocolHandler ["http-nio-8080"]
16-Dec-2025 13:11:39.530 INFO [main] org.apache.catalina.startup.VersionLoggerListener.log Server version name:   Apache Tomcat/9.0.109
16-Dec-2025 13:11:39.534 INFO [main] org.apache.catalina.startup.VersionLoggerListener.log Server built:          Sep 1 2025 12:15:33 UTC
16-Dec-2025 13:11:39.535 INFO [main] org.apache.catalina.startup.VersionLoggerListener.log Server version number: 9.0.109.0
16-Dec-2025 13:11:39.535 INFO [main] org.apache.catalina.startup.VersionLoggerListener.log OS Name:               Windows 10
16-Dec-2025 13:11:39.535 INFO [main] org.apache.catalina.startup.VersionLoggerListener.log OS Version:            10.0
16-Dec-2025 13:11:39.535 INFO [main] org.apache.catalina.startup.VersionLoggerListener.log Architecture:          amd64
16-Dec-2025 13:11:39.535 INFO [main] org.apache.catalina.startup.VersionLoggerListener.log Java Home:             C:\Users\NanoChip\.jdks\corretto-1.8.0_462\jre
16-Dec-2025 13:11:39.536 INFO [main] org.apache.catalina.startup.VersionLoggerListener.log JVM Version:           1.8.0_462-b08
16-Dec-2025 13:11:39.536 INFO [main] org.apache.catalina.startup.VersionLoggerListener.log JVM Vendor:            Amazon.com Inc.
16-Dec-2025 13:11:39.536 INFO [main] org.apache.catalina.startup.VersionLoggerListener.log CATALINA_BASE:         F:\MyDownloas\SpringSecurityApp_Demo4
16-Dec-2025 13:11:39.536 INFO [main] org.apache.catalina.startup.VersionLoggerListener.log CATALINA_HOME:         D:\apache-tomcat-9.0.109
16-Dec-2025 13:11:39.538 INFO [main] org.apache.catalina.startup.VersionLoggerListener.log Command line argument: -Dcatalina.home=D:\apache-tomcat-9.0.109
16-Dec-2025 13:11:39.538 INFO [main] org.apache.catalina.startup.VersionLoggerListener.log Command line argument: -Dcatalina.base=F:\MyDownloas\SpringSecurityApp_Demo4
16-Dec-2025 13:11:39.538 INFO [main] org.apache.catalina.startup.VersionLoggerListener.log Command line argument: -Djava.io.tmpdir=F:\MyDownloas\SpringSecurityApp_Demo4\temp
16-Dec-2025 13:11:39.538 INFO [main] org.apache.catalina.startup.VersionLoggerListener.log Command line argument: -Djava.util.logging.config.file=F:\MyDownloas\SpringSecurityApp_Demo4\conf\logging.properties
16-Dec-2025 13:11:39.539 INFO [main] org.apache.catalina.startup.VersionLoggerListener.log Command line argument: -Djava.util.logging.manager=org.apache.juli.ClassLoaderLogManager
16-Dec-2025 13:11:39.539 INFO [main] org.apache.catalina.startup.VersionLoggerListener.log Command line argument: -javaagent:C:\Users\NanoChip\AppData\Local\Programs\IntelliJ IDEA Ultimate\lib\idea_rt.jar=50182
16-Dec-2025 13:11:39.539 INFO [main] org.apache.catalina.startup.VersionLoggerListener.log Command line argument: -Dfile.encoding=UTF-8
16-Dec-2025 13:11:39.562 INFO [main] org.apache.catalina.core.AprLifecycleListener.lifecycleEvent The Apache Tomcat Native library which allows using OpenSSL was not found on the java.library.path: [C:\Users\NanoChip\.jdks\corretto-1.8.0_462\bin;C:\Windows\Sun\Java\bin;C:\Windows\system32;C:\Windows;C:\Program Files\Common Files\Oracle\Java\javapath;C:\Windows;C:\Windows\System32\Wbem;C:\Windows\System32\WindowsPowerShell\v1.0\;C:\Program Files\apache-maven-3.9.8\bin;C:\Windows\System32\OpenSSH\;C:\Program Files\Git\cmd;C:\Program Files\MySQL\MySQL Server 8.0\bin;c:\flutter\bin;C:\Users\NanoChip\AppData\Local\Android\Sdk\platform-tools;C:\Users\NanoChip\AppData\Local\Android\Sdk\emulator;C:\Program Files (x86)\Windows Kits\10\Windows Performance Toolkit\;C:\Windows\System32;C:\Windows;D:\Gradle\gradle-8.0\bin;C:\MinGW\bin;C:\Users\NanoChip\AppData\Local\Programs\Python\Python311\;C:\Users\NanoChip\AppData\Local\Programs\Python\Python311\Scripts\;C:\Program Files\apache-maven-3.9.8\bin;C:\Program Files\Java\jdk-17\bin;;C:\Program Files\Docker\Docker\resources\bin;C:\Program Files\MySQL\MySQL Shell 8.0\bin\;C:\src\flutter\bin;C:\dart\bin;C:\Users\NanoChip\AppData\Local\Android\Sdk\emulator;C:\Program Files\Git\cmd;C:\Users\NanoChip\AppData\Local\Programs\Microsoft VS Code\bin;C:\Program Files\Java\jdk-17\bin;C:\Users\NanoChip\AppData\Local\Programs\Ollama;C:\Users\NanoChip\AppData\Local\Programs\Python\Python311\;C:\Users\NanoChip\AppData\Local\Programs\Python\Python311\Scripts\;C:\Users\NanoChip\AppData\Local\JetBrains\Toolbox\scripts;;.]
16-Dec-2025 13:11:40.230 INFO [main] org.apache.coyote.AbstractProtocol.init Initializing ProtocolHandler ["http-nio-8080"]
16-Dec-2025 13:11:40.261 INFO [main] org.apache.catalina.startup.Catalina.load Server initialization in [1126] milliseconds
16-Dec-2025 13:11:40.362 INFO [main] org.apache.catalina.core.StandardService.startInternal Starting service [Catalina]
16-Dec-2025 13:11:40.363 INFO [main] org.apache.catalina.core.StandardEngine.startInternal Starting Servlet engine: [Apache Tomcat/9.0.109]
16-Dec-2025 13:11:40.379 INFO [main] org.apache.catalina.startup.HostConfig.deployDescriptor Deploying deployment descriptor [F:\MyDownloas\SpringSecurityApp_Demo4\conf\Catalina\localhost\ROOT.xml]
16-Dec-2025 13:11:40.488 WARNING [main] org.apache.catalina.webresources.DirResourceSet.initInternal Disabled the global canonical file name cache to protect against CVE-2024-56337 when starting the WebResourceSet at [F:\MyDownloas\SpringSecurityApp_Demo4\target\classes] which is part of the web application []
16-Dec-2025 13:11:44.508 INFO [main] org.apache.jasper.servlet.TldScanner.scanJars At least one JAR was scanned for TLDs yet contained no TLDs. Enable debug logging for this logger for a complete list of JARs that were scanned but no TLDs were found in them. Skipping unneeded JARs during scanning can improve startup time and JSP compilation time.
16-Dec-2025 13:11:45.149 WARNING [main] org.apache.catalina.util.SessionIdGeneratorBase.createSecureRandom Creation of SecureRandom instance for session ID generation using [SHA1PRNG] took [344] milliseconds.
16-Dec-2025 13:11:46.939 INFO [main] org.hibernate.jpa.internal.util.LogHelper.logPersistenceUnitInformation HHH000204: Processing PersistenceUnitInfo [
	name: default
	...]
16-Dec-2025 13:11:47.219 INFO [main] org.hibernate.Version.logVersion HHH000412: Hibernate Core {5.2.12.Final}
16-Dec-2025 13:11:47.222 INFO [main] org.hibernate.cfg.Environment.<clinit> HHH000206: hibernate.properties not found
16-Dec-2025 13:11:47.355 INFO [main] org.hibernate.annotations.common.reflection.java.JavaReflectionManager.<clinit> HCANN000001: Hibernate Commons Annotations {5.0.1.Final}
16-Dec-2025 13:11:48.500 INFO [main] org.hibernate.dialect.Dialect.<init> HHH000400: Using dialect: org.hibernate.dialect.MySQL5Dialect
16-Dec-2025 13:11:52.390 INFO [MLog-Init-Reporter] com.mchange.v2.log.MLog. MLog clients using java 1.4+ standard logging.
16-Dec-2025 13:11:52.492 INFO [main] com.mchange.v2.c3p0.C3P0Registry. Initializing c3p0-0.9.5.5 [built 11-December-2019 22:18:33 -0800; debug? true; trace: 10]
16-Dec-2025 13:11:52.797 INFO [main] org.apache.catalina.startup.HostConfig.deployDescriptor Deployment of deployment descriptor [F:\MyDownloas\SpringSecurityApp_Demo4\conf\Catalina\localhost\ROOT.xml] has finished in [12,418] ms
16-Dec-2025 13:11:52.805 INFO [main] org.apache.coyote.AbstractProtocol.start Starting ProtocolHandler ["http-nio-8080"]
16-Dec-2025 13:11:52.847 INFO [main] org.apache.catalina.startup.Catalina.start Server startup in [12585] milliseconds
16-Dec-2025 13:16:37.715 INFO [Thread-2] org.apache.coyote.AbstractProtocol.pause Pausing ProtocolHandler ["http-nio-8080"]
16-Dec-2025 13:16:38.420 INFO [Thread-2] org.apache.catalina.core.StandardService.stopInternal Stopping service [Catalina]
16-Dec-2025 13:16:38.459 WARNING [Thread-2] org.apache.catalina.loader.WebappClassLoaderBase.clearReferencesJdbc The web application [ROOT] registered the JDBC driver [com.mysql.jdbc.Driver] but failed to unregister it when the web application was stopped. To prevent a memory leak, the JDBC Driver has been forcibly unregistered.
16-Dec-2025 13:16:38.460 WARNING [Thread-2] org.apache.catalina.loader.WebappClassLoaderBase.clearReferencesThreads The web application [ROOT] appears to have started a thread named [Abandoned connection cleanup thread] but has failed to stop it. This is very likely to create a memory leak. Stack trace of thread:
 java.lang.Object.wait(Native Method)
 java.lang.ref.ReferenceQueue.remove(ReferenceQueue.java:144)
 com.mysql.jdbc.AbandonedConnectionCleanupThread.run(AbandonedConnectionCleanupThread.java:43)
16-Dec-2025 13:16:38.475 INFO [Thread-2] org.apache.coyote.AbstractProtocol.stop Stopping ProtocolHandler ["http-nio-8080"]
16-Dec-2025 13:16:38.492 INFO [Thread-2] org.apache.coyote.AbstractProtocol.destroy Destroying ProtocolHandler ["http-nio-8080"]
16-Dec-2025 13:16:53.231 INFO [main] org.apache.catalina.startup.VersionLoggerListener.log Server version name:   Apache Tomcat/9.0.109
16-Dec-2025 13:16:53.237 INFO [main] org.apache.catalina.startup.VersionLoggerListener.log Server built:          Sep 1 2025 12:15:33 UTC
16-Dec-2025 13:16:53.237 INFO [main] org.apache.catalina.startup.VersionLoggerListener.log Server version number: 9.0.109.0
16-Dec-2025 13:16:53.238 INFO [main] org.apache.catalina.startup.VersionLoggerListener.log OS Name:               Windows 10
16-Dec-2025 13:16:53.238 INFO [main] org.apache.catalina.startup.VersionLoggerListener.log OS Version:            10.0
16-Dec-2025 13:16:53.238 INFO [main] org.apache.catalina.startup.VersionLoggerListener.log Architecture:          amd64
16-Dec-2025 13:16:53.238 INFO [main] org.apache.catalina.startup.VersionLoggerListener.log Java Home:             C:\Users\NanoChip\.jdks\corretto-1.8.0_462\jre
16-Dec-2025 13:16:53.238 INFO [main] org.apache.catalina.startup.VersionLoggerListener.log JVM Version:           1.8.0_462-b08
16-Dec-2025 13:16:53.239 INFO [main] org.apache.catalina.startup.VersionLoggerListener.log JVM Vendor:            Amazon.com Inc.
16-Dec-2025 13:16:53.239 INFO [main] org.apache.catalina.startup.VersionLoggerListener.log CATALINA_BASE:         F:\MyDownloas\SpringSecurityApp_Demo4
16-Dec-2025 13:16:53.239 INFO [main] org.apache.catalina.startup.VersionLoggerListener.log CATALINA_HOME:         D:\apache-tomcat-9.0.109
16-Dec-2025 13:16:53.241 INFO [main] org.apache.catalina.startup.VersionLoggerListener.log Command line argument: -Dcatalina.home=D:\apache-tomcat-9.0.109
16-Dec-2025 13:16:53.241 INFO [main] org.apache.catalina.startup.VersionLoggerListener.log Command line argument: -Dcatalina.base=F:\MyDownloas\SpringSecurityApp_Demo4
16-Dec-2025 13:16:53.241 INFO [main] org.apache.catalina.startup.VersionLoggerListener.log Command line argument: -Djava.io.tmpdir=F:\MyDownloas\SpringSecurityApp_Demo4\temp
16-Dec-2025 13:16:53.241 INFO [main] org.apache.catalina.startup.VersionLoggerListener.log Command line argument: -Djava.util.logging.config.file=F:\MyDownloas\SpringSecurityApp_Demo4\conf\logging.properties
16-Dec-2025 13:16:53.242 INFO [main] org.apache.catalina.startup.VersionLoggerListener.log Command line argument: -Djava.util.logging.manager=org.apache.juli.ClassLoaderLogManager
16-Dec-2025 13:16:53.242 INFO [main] org.apache.catalina.startup.VersionLoggerListener.log Command line argument: -javaagent:C:\Users\NanoChip\AppData\Local\Programs\IntelliJ IDEA Ultimate\lib\idea_rt.jar=50257
16-Dec-2025 13:16:53.242 INFO [main] org.apache.catalina.startup.VersionLoggerListener.log Command line argument: -Dfile.encoding=UTF-8
16-Dec-2025 13:16:53.268 INFO [main] org.apache.catalina.core.AprLifecycleListener.lifecycleEvent The Apache Tomcat Native library which allows using OpenSSL was not found on the java.library.path: [C:\Users\NanoChip\.jdks\corretto-1.8.0_462\bin;C:\Windows\Sun\Java\bin;C:\Windows\system32;C:\Windows;C:\Program Files\Common Files\Oracle\Java\javapath;C:\Windows;C:\Windows\System32\Wbem;C:\Windows\System32\WindowsPowerShell\v1.0\;C:\Program Files\apache-maven-3.9.8\bin;C:\Windows\System32\OpenSSH\;C:\Program Files\Git\cmd;C:\Program Files\MySQL\MySQL Server 8.0\bin;c:\flutter\bin;C:\Users\NanoChip\AppData\Local\Android\Sdk\platform-tools;C:\Users\NanoChip\AppData\Local\Android\Sdk\emulator;C:\Program Files (x86)\Windows Kits\10\Windows Performance Toolkit\;C:\Windows\System32;C:\Windows;D:\Gradle\gradle-8.0\bin;C:\MinGW\bin;C:\Users\NanoChip\AppData\Local\Programs\Python\Python311\;C:\Users\NanoChip\AppData\Local\Programs\Python\Python311\Scripts\;C:\Program Files\apache-maven-3.9.8\bin;C:\Program Files\Java\jdk-17\bin;;C:\Program Files\Docker\Docker\resources\bin;C:\Program Files\MySQL\MySQL Shell 8.0\bin\;C:\src\flutter\bin;C:\dart\bin;C:\Users\NanoChip\AppData\Local\Android\Sdk\emulator;C:\Program Files\Git\cmd;C:\Users\NanoChip\AppData\Local\Programs\Microsoft VS Code\bin;C:\Program Files\Java\jdk-17\bin;C:\Users\NanoChip\AppData\Local\Programs\Ollama;C:\Users\NanoChip\AppData\Local\Programs\Python\Python311\;C:\Users\NanoChip\AppData\Local\Programs\Python\Python311\Scripts\;C:\Users\NanoChip\AppData\Local\JetBrains\Toolbox\scripts;;.]
16-Dec-2025 13:16:53.887 INFO [main] org.apache.coyote.AbstractProtocol.init Initializing ProtocolHandler ["http-nio-8080"]
16-Dec-2025 13:16:53.925 INFO [main] org.apache.catalina.startup.Catalina.load Server initialization in [1079] milliseconds
16-Dec-2025 13:16:53.987 INFO [main] org.apache.catalina.core.StandardService.startInternal Starting service [Catalina]
16-Dec-2025 13:16:53.987 INFO [main] org.apache.catalina.core.StandardEngine.startInternal Starting Servlet engine: [Apache Tomcat/9.0.109]
16-Dec-2025 13:16:54.003 INFO [main] org.apache.catalina.startup.HostConfig.deployDescriptor Deploying deployment descriptor [F:\MyDownloas\SpringSecurityApp_Demo4\conf\Catalina\localhost\ROOT.xml]
16-Dec-2025 13:16:54.108 WARNING [main] org.apache.catalina.webresources.DirResourceSet.initInternal Disabled the global canonical file name cache to protect against CVE-2024-56337 when starting the WebResourceSet at [F:\MyDownloas\SpringSecurityApp_Demo4\target\classes] which is part of the web application []
16-Dec-2025 13:16:57.901 INFO [main] org.apache.jasper.servlet.TldScanner.scanJars At least one JAR was scanned for TLDs yet contained no TLDs. Enable debug logging for this logger for a complete list of JARs that were scanned but no TLDs were found in them. Skipping unneeded JARs during scanning can improve startup time and JSP compilation time.
16-Dec-2025 13:16:58.572 WARNING [main] org.apache.catalina.util.SessionIdGeneratorBase.createSecureRandom Creation of SecureRandom instance for session ID generation using [SHA1PRNG] took [334] milliseconds.
16-Dec-2025 13:17:00.454 INFO [main] org.hibernate.jpa.internal.util.LogHelper.logPersistenceUnitInformation HHH000204: Processing PersistenceUnitInfo [
	name: default
	...]
16-Dec-2025 13:17:00.859 INFO [main] org.hibernate.Version.logVersion HHH000412: Hibernate Core {5.2.12.Final}
16-Dec-2025 13:17:00.863 INFO [main] org.hibernate.cfg.Environment.<clinit> HHH000206: hibernate.properties not found
16-Dec-2025 13:17:01.020 INFO [main] org.hibernate.annotations.common.reflection.java.JavaReflectionManager.<clinit> HCANN000001: Hibernate Commons Annotations {5.0.1.Final}
16-Dec-2025 13:17:02.231 INFO [main] org.hibernate.dialect.Dialect.<init> HHH000400: Using dialect: org.hibernate.dialect.MySQL5Dialect
16-Dec-2025 13:17:06.061 INFO [MLog-Init-Reporter] com.mchange.v2.log.MLog. MLog clients using java 1.4+ standard logging.
16-Dec-2025 13:17:06.166 INFO [main] com.mchange.v2.c3p0.C3P0Registry. Initializing c3p0-0.9.5.5 [built 11-December-2019 22:18:33 -0800; debug? true; trace: 10]
16-Dec-2025 13:17:06.516 INFO [main] org.apache.catalina.startup.HostConfig.deployDescriptor Deployment of deployment descriptor [F:\MyDownloas\SpringSecurityApp_Demo4\conf\Catalina\localhost\ROOT.xml] has finished in [12,513] ms
16-Dec-2025 13:17:06.522 INFO [main] org.apache.coyote.AbstractProtocol.start Starting ProtocolHandler ["http-nio-8080"]
16-Dec-2025 13:17:06.551 INFO [main] org.apache.catalina.startup.Catalina.start Server startup in [12626] milliseconds
16-Dec-2025 13:19:24.920 INFO [Thread-2] org.apache.coyote.AbstractProtocol.pause Pausing ProtocolHandler ["http-nio-8080"]
16-Dec-2025 13:19:25.607 INFO [Thread-2] org.apache.catalina.core.StandardService.stopInternal Stopping service [Catalina]
16-Dec-2025 13:19:25.649 WARNING [Thread-2] org.apache.catalina.loader.WebappClassLoaderBase.clearReferencesJdbc The web application [ROOT] registered the JDBC driver [com.mysql.jdbc.Driver] but failed to unregister it when the web application was stopped. To prevent a memory leak, the JDBC Driver has been forcibly unregistered.
16-Dec-2025 13:19:25.650 WARNING [Thread-2] org.apache.catalina.loader.WebappClassLoaderBase.clearReferencesThreads The web application [ROOT] appears to have started a thread named [Abandoned connection cleanup thread] but has failed to stop it. This is very likely to create a memory leak. Stack trace of thread:
 java.lang.Object.wait(Native Method)
 java.lang.ref.ReferenceQueue.remove(ReferenceQueue.java:144)
 com.mysql.jdbc.AbandonedConnectionCleanupThread.run(AbandonedConnectionCleanupThread.java:43)
16-Dec-2025 13:19:25.663 INFO [Thread-2] org.apache.coyote.AbstractProtocol.stop Stopping ProtocolHandler ["http-nio-8080"]
16-Dec-2025 13:19:25.675 INFO [Thread-2] org.apache.coyote.AbstractProtocol.destroy Destroying ProtocolHandler ["http-nio-8080"]
16-Dec-2025 13:19:33.484 INFO [main] org.apache.catalina.startup.VersionLoggerListener.log Server version name:   Apache Tomcat/9.0.109
16-Dec-2025 13:19:33.489 INFO [main] org.apache.catalina.startup.VersionLoggerListener.log Server built:          Sep 1 2025 12:15:33 UTC
16-Dec-2025 13:19:33.489 INFO [main] org.apache.catalina.startup.VersionLoggerListener.log Server version number: 9.0.109.0
16-Dec-2025 13:19:33.490 INFO [main] org.apache.catalina.startup.VersionLoggerListener.log OS Name:               Windows 10
16-Dec-2025 13:19:33.490 INFO [main] org.apache.catalina.startup.VersionLoggerListener.log OS Version:            10.0
16-Dec-2025 13:19:33.490 INFO [main] org.apache.catalina.startup.VersionLoggerListener.log Architecture:          amd64
16-Dec-2025 13:19:33.490 INFO [main] org.apache.catalina.startup.VersionLoggerListener.log Java Home:             C:\Users\NanoChip\.jdks\corretto-1.8.0_462\jre
16-Dec-2025 13:19:33.490 INFO [main] org.apache.catalina.startup.VersionLoggerListener.log JVM Version:           1.8.0_462-b08
16-Dec-2025 13:19:33.490 INFO [main] org.apache.catalina.startup.VersionLoggerListener.log JVM Vendor:            Amazon.com Inc.
16-Dec-2025 13:19:33.491 INFO [main] org.apache.catalina.startup.VersionLoggerListener.log CATALINA_BASE:         F:\MyDownloas\SpringSecurityApp_Demo4
16-Dec-2025 13:19:33.491 INFO [main] org.apache.catalina.startup.VersionLoggerListener.log CATALINA_HOME:         D:\apache-tomcat-9.0.109
16-Dec-2025 13:19:33.492 INFO [main] org.apache.catalina.startup.VersionLoggerListener.log Command line argument: -Dcatalina.home=D:\apache-tomcat-9.0.109
16-Dec-2025 13:19:33.493 INFO [main] org.apache.catalina.startup.VersionLoggerListener.log Command line argument: -Dcatalina.base=F:\MyDownloas\SpringSecurityApp_Demo4
16-Dec-2025 13:19:33.493 INFO [main] org.apache.catalina.startup.VersionLoggerListener.log Command line argument: -Djava.io.tmpdir=F:\MyDownloas\SpringSecurityApp_Demo4\temp
16-Dec-2025 13:19:33.493 INFO [main] org.apache.catalina.startup.VersionLoggerListener.log Command line argument: -Djava.util.logging.config.file=F:\MyDownloas\SpringSecurityApp_Demo4\conf\logging.properties
16-Dec-2025 13:19:33.493 INFO [main] org.apache.catalina.startup.VersionLoggerListener.log Command line argument: -Djava.util.logging.manager=org.apache.juli.ClassLoaderLogManager
16-Dec-2025 13:19:33.493 INFO [main] org.apache.catalina.startup.VersionLoggerListener.log Command line argument: -javaagent:C:\Users\NanoChip\AppData\Local\Programs\IntelliJ IDEA Ultimate\lib\idea_rt.jar=50292
16-Dec-2025 13:19:33.493 INFO [main] org.apache.catalina.startup.VersionLoggerListener.log Command line argument: -Dfile.encoding=UTF-8
16-Dec-2025 13:19:33.518 INFO [main] org.apache.catalina.core.AprLifecycleListener.lifecycleEvent The Apache Tomcat Native library which allows using OpenSSL was not found on the java.library.path: [C:\Users\NanoChip\.jdks\corretto-1.8.0_462\bin;C:\Windows\Sun\Java\bin;C:\Windows\system32;C:\Windows;C:\Program Files\Common Files\Oracle\Java\javapath;C:\Windows;C:\Windows\System32\Wbem;C:\Windows\System32\WindowsPowerShell\v1.0\;C:\Program Files\apache-maven-3.9.8\bin;C:\Windows\System32\OpenSSH\;C:\Program Files\Git\cmd;C:\Program Files\MySQL\MySQL Server 8.0\bin;c:\flutter\bin;C:\Users\NanoChip\AppData\Local\Android\Sdk\platform-tools;C:\Users\NanoChip\AppData\Local\Android\Sdk\emulator;C:\Program Files (x86)\Windows Kits\10\Windows Performance Toolkit\;C:\Windows\System32;C:\Windows;D:\Gradle\gradle-8.0\bin;C:\MinGW\bin;C:\Users\NanoChip\AppData\Local\Programs\Python\Python311\;C:\Users\NanoChip\AppData\Local\Programs\Python\Python311\Scripts\;C:\Program Files\apache-maven-3.9.8\bin;C:\Program Files\Java\jdk-17\bin;;C:\Program Files\Docker\Docker\resources\bin;C:\Program Files\MySQL\MySQL Shell 8.0\bin\;C:\src\flutter\bin;C:\dart\bin;C:\Users\NanoChip\AppData\Local\Android\Sdk\emulator;C:\Program Files\Git\cmd;C:\Users\NanoChip\AppData\Local\Programs\Microsoft VS Code\bin;C:\Program Files\Java\jdk-17\bin;C:\Users\NanoChip\AppData\Local\Programs\Ollama;C:\Users\NanoChip\AppData\Local\Programs\Python\Python311\;C:\Users\NanoChip\AppData\Local\Programs\Python\Python311\Scripts\;C:\Users\NanoChip\AppData\Local\JetBrains\Toolbox\scripts;;.]
16-Dec-2025 13:19:34.165 INFO [main] org.apache.coyote.AbstractProtocol.init Initializing ProtocolHandler ["http-nio-8080"]
16-Dec-2025 13:19:34.199 INFO [main] org.apache.catalina.startup.Catalina.load Server initialization in [1148] milliseconds
16-Dec-2025 13:19:34.276 INFO [main] org.apache.catalina.core.StandardService.startInternal Starting service [Catalina]
16-Dec-2025 13:19:34.277 INFO [main] org.apache.catalina.core.StandardEngine.startInternal Starting Servlet engine: [Apache Tomcat/9.0.109]
16-Dec-2025 13:19:34.298 INFO [main] org.apache.catalina.startup.HostConfig.deployDescriptor Deploying deployment descriptor [F:\MyDownloas\SpringSecurityApp_Demo4\conf\Catalina\localhost\ROOT.xml]
16-Dec-2025 13:19:34.429 WARNING [main] org.apache.catalina.webresources.DirResourceSet.initInternal Disabled the global canonical file name cache to protect against CVE-2024-56337 when starting the WebResourceSet at [F:\MyDownloas\SpringSecurityApp_Demo4\target\classes] which is part of the web application []
16-Dec-2025 13:19:38.376 INFO [main] org.apache.jasper.servlet.TldScanner.scanJars At least one JAR was scanned for TLDs yet contained no TLDs. Enable debug logging for this logger for a complete list of JARs that were scanned but no TLDs were found in them. Skipping unneeded JARs during scanning can improve startup time and JSP compilation time.
16-Dec-2025 13:19:39.261 WARNING [main] org.apache.catalina.util.SessionIdGeneratorBase.createSecureRandom Creation of SecureRandom instance for session ID generation using [SHA1PRNG] took [487] milliseconds.
16-Dec-2025 13:19:41.621 INFO [main] org.hibernate.jpa.internal.util.LogHelper.logPersistenceUnitInformation HHH000204: Processing PersistenceUnitInfo [
	name: default
	...]
16-Dec-2025 13:19:41.914 INFO [main] org.hibernate.Version.logVersion HHH000412: Hibernate Core {5.2.12.Final}
16-Dec-2025 13:19:41.917 INFO [main] org.hibernate.cfg.Environment.<clinit> HHH000206: hibernate.properties not found
16-Dec-2025 13:19:42.033 INFO [main] org.hibernate.annotations.common.reflection.java.JavaReflectionManager.<clinit> HCANN000001: Hibernate Commons Annotations {5.0.1.Final}
16-Dec-2025 13:19:43.139 INFO [main] org.hibernate.dialect.Dialect.<init> HHH000400: Using dialect: org.hibernate.dialect.MySQL5Dialect
16-Dec-2025 13:19:46.894 INFO [MLog-Init-Reporter] com.mchange.v2.log.MLog. MLog clients using java 1.4+ standard logging.
16-Dec-2025 13:19:47.001 INFO [main] com.mchange.v2.c3p0.C3P0Registry. Initializing c3p0-0.9.5.5 [built 11-December-2019 22:18:33 -0800; debug? true; trace: 10]
16-Dec-2025 13:19:47.454 INFO [main] org.apache.catalina.startup.HostConfig.deployDescriptor Deployment of deployment descriptor [F:\MyDownloas\SpringSecurityApp_Demo4\conf\Catalina\localhost\ROOT.xml] has finished in [13,157] ms
16-Dec-2025 13:19:47.461 INFO [main] org.apache.coyote.AbstractProtocol.start Starting ProtocolHandler ["http-nio-8080"]
16-Dec-2025 13:19:47.493 INFO [main] org.apache.catalina.startup.Catalina.start Server startup in [13292] milliseconds
16-Dec-2025 13:22:42.639 INFO [Thread-2] org.apache.coyote.AbstractProtocol.pause Pausing ProtocolHandler ["http-nio-8080"]
16-Dec-2025 13:22:43.365 INFO [Thread-2] org.apache.catalina.core.StandardService.stopInternal Stopping service [Catalina]
16-Dec-2025 13:22:43.459 WARNING [Thread-2] org.apache.catalina.loader.WebappClassLoaderBase.clearReferencesJdbc The web application [ROOT] registered the JDBC driver [com.mysql.jdbc.Driver] but failed to unregister it when the web application was stopped. To prevent a memory leak, the JDBC Driver has been forcibly unregistered.
16-Dec-2025 13:22:43.460 WARNING [Thread-2] org.apache.catalina.loader.WebappClassLoaderBase.clearReferencesThreads The web application [ROOT] appears to have started a thread named [Abandoned connection cleanup thread] but has failed to stop it. This is very likely to create a memory leak. Stack trace of thread:
 java.lang.Object.wait(Native Method)
 java.lang.ref.ReferenceQueue.remove(ReferenceQueue.java:144)
 com.mysql.jdbc.AbandonedConnectionCleanupThread.run(AbandonedConnectionCleanupThread.java:43)
16-Dec-2025 13:22:43.473 INFO [Thread-2] org.apache.coyote.AbstractProtocol.stop Stopping ProtocolHandler ["http-nio-8080"]
16-Dec-2025 13:22:43.493 INFO [Thread-2] org.apache.coyote.AbstractProtocol.destroy Destroying ProtocolHandler ["http-nio-8080"]
