15-Dec-2025 22:03:46.612 INFO [main] org.apache.catalina.core.ApplicationContext.log 2 Spring WebApplicationInitializers detected on classpath
15-Dec-2025 22:03:46.640 INFO [main] org.apache.catalina.core.ApplicationContext.log 2 Spring WebApplicationInitializers detected on classpath
15-Dec-2025 22:03:47.443 INFO [main] org.apache.catalina.core.ApplicationContext.log Initializing Spring FrameworkServlet 'dispatcher'
15-Dec-2025 22:03:47.486 INFO [main] org.apache.catalina.core.ApplicationContext.log Initializing Spring FrameworkServlet 'dispatcher'
15-Dec-2025 22:03:50.758 SEVERE [main] org.apache.catalina.core.ApplicationContext.log Servlet.init() for servlet [dispatcher] threw exception
	org.springframework.beans.factory.UnsatisfiedDependencyException: Error creating bean with name 'userService': Unsatisfied dependency expressed through field 'userRepository'; nested exception is org.springframework.beans.factory.NoSuchBeanDefinitionException: No qualifying bean of type 'demoapp.Repository.UserRepository' available: expected at least 1 bean which qualifies as autowire candidate. Dependency annotations: {@org.springframework.beans.factory.annotation.Autowired(required=true)}
		at org.springframework.beans.factory.annotation.AutowiredAnnotationBeanPostProcessor$AutowiredFieldElement.inject(AutowiredAnnotationBeanPostProcessor.java:586)
		at org.springframework.beans.factory.annotation.InjectionMetadata.inject(InjectionMetadata.java:91)
		at org.springframework.beans.factory.annotation.AutowiredAnnotationBeanPostProcessor.postProcessPropertyValues(AutowiredAnnotationBeanPostProcessor.java:372)
		at org.springframework.beans.factory.support.AbstractAutowireCapableBeanFactory.populateBean(AbstractAutowireCapableBeanFactory.java:1344)
		at org.springframework.beans.factory.support.AbstractAutowireCapableBeanFactory.doCreateBean(AbstractAutowireCapableBeanFactory.java:582)
		at org.springframework.beans.factory.support.AbstractAutowireCapableBeanFactory.createBean(AbstractAutowireCapableBeanFactory.java:502)
		at org.springframework.beans.factory.support.AbstractBeanFactory.lambda$doGetBean$0(AbstractBeanFactory.java:312)
		at org.springframework.beans.factory.support.DefaultSingletonBeanRegistry.getSingleton(DefaultSingletonBeanRegistry.java:228)
		at org.springframework.beans.factory.support.AbstractBeanFactory.doGetBean(AbstractBeanFactory.java:310)
		at org.springframework.beans.factory.support.AbstractBeanFactory.getBean(AbstractBeanFactory.java:200)
		at org.springframework.beans.factory.support.DefaultListableBeanFactory.preInstantiateSingletons(DefaultListableBeanFactory.java:758)
		at org.springframework.context.support.AbstractApplicationContext.finishBeanFactoryInitialization(AbstractApplicationContext.java:868)
		at org.springframework.context.support.AbstractApplicationContext.refresh(AbstractApplicationContext.java:549)
		at org.springframework.web.servlet.FrameworkServlet.configureAndRefreshWebApplicationContext(FrameworkServlet.java:676)
		at org.springframework.web.servlet.FrameworkServlet.initWebApplicationContext(FrameworkServlet.java:545)
		at org.springframework.web.servlet.FrameworkServlet.initServletBean(FrameworkServlet.java:499)
		at org.springframework.web.servlet.HttpServletBean.init(HttpServletBean.java:172)
		at javax.servlet.GenericServlet.init(GenericServlet.java:143)
		at org.apache.catalina.core.StandardWrapper.initServlet(StandardWrapper.java:989)
		at org.apache.catalina.core.StandardWrapper.load(StandardWrapper.java:846)
		at org.apache.catalina.core.StandardContext.loadOnStartup(StandardContext.java:4234)
		at org.apache.catalina.core.StandardContext.startInternal(StandardContext.java:4535)
		at org.apache.catalina.util.LifecycleBase.start(LifecycleBase.java:164)
		at org.apache.catalina.core.ContainerBase.addChildInternal(ContainerBase.java:599)
		at org.apache.catalina.core.ContainerBase.addChild(ContainerBase.java:571)
		at org.apache.catalina.core.StandardHost.addChild(StandardHost.java:604)
		at org.apache.catalina.startup.HostConfig.deployDescriptor(HostConfig.java:680)
		at org.apache.catalina.startup.HostConfig$DeployDescriptor.run(HostConfig.java:1839)
		at java.util.concurrent.Executors$RunnableAdapter.call(Executors.java:511)
		at java.util.concurrent.FutureTask.run(FutureTask.java:266)
		at org.apache.tomcat.util.threads.InlineExecutorService.execute(InlineExecutorService.java:82)
		at java.util.concurrent.AbstractExecutorService.submit(AbstractExecutorService.java:112)
		at org.apache.catalina.startup.HostConfig.deployDescriptors(HostConfig.java:575)
		at org.apache.catalina.startup.HostConfig.deployApps(HostConfig.java:466)
		at org.apache.catalina.startup.HostConfig.start(HostConfig.java:1579)
		at org.apache.catalina.startup.HostConfig.lifecycleEvent(HostConfig.java:312)
		at org.apache.catalina.util.LifecycleBase.fireLifecycleEvent(LifecycleBase.java:109)
		at org.apache.catalina.util.LifecycleBase.setStateInternal(LifecycleBase.java:389)
		at org.apache.catalina.util.LifecycleBase.setState(LifecycleBase.java:336)
		at org.apache.catalina.core.ContainerBase.startInternal(ContainerBase.java:776)
		at org.apache.catalina.core.StandardHost.startInternal(StandardHost.java:722)
		at org.apache.catalina.util.LifecycleBase.start(LifecycleBase.java:164)
		at org.apache.catalina.core.ContainerBase$StartChild.call(ContainerBase.java:1203)
		at org.apache.catalina.core.ContainerBase$StartChild.call(ContainerBase.java:1193)
		at java.util.concurrent.FutureTask.run(FutureTask.java:266)
		at org.apache.tomcat.util.threads.InlineExecutorService.execute(InlineExecutorService.java:82)
		at java.util.concurrent.AbstractExecutorService.submit(AbstractExecutorService.java:134)
		at org.apache.catalina.core.ContainerBase.startInternal(ContainerBase.java:749)
		at org.apache.catalina.core.StandardEngine.startInternal(StandardEngine.java:211)
		at org.apache.catalina.util.LifecycleBase.start(LifecycleBase.java:164)
		at org.apache.catalina.core.StandardService.startInternal(StandardService.java:412)
		at org.apache.catalina.util.LifecycleBase.start(LifecycleBase.java:164)
		at org.apache.catalina.core.StandardServer.startInternal(StandardServer.java:874)
		at org.apache.catalina.util.LifecycleBase.start(LifecycleBase.java:164)
		at org.apache.catalina.startup.Catalina.start(Catalina.java:739)
		at sun.reflect.NativeMethodAccessorImpl.invoke0(Native Method)
		at sun.reflect.NativeMethodAccessorImpl.invoke(NativeMethodAccessorImpl.java:62)
		at sun.reflect.DelegatingMethodAccessorImpl.invoke(DelegatingMethodAccessorImpl.java:43)
		at java.lang.reflect.Method.invoke(Method.java:498)
		at org.apache.catalina.startup.Bootstrap.start(Bootstrap.java:345)
		at org.apache.catalina.startup.Bootstrap.main(Bootstrap.java:476)
	Caused by: org.springframework.beans.factory.NoSuchBeanDefinitionException: No qualifying bean of type 'demoapp.Repository.UserRepository' available: expected at least 1 bean which qualifies as autowire candidate. Dependency annotations: {@org.springframework.beans.factory.annotation.Autowired(required=true)}
		at org.springframework.beans.factory.support.DefaultListableBeanFactory.raiseNoMatchingBeanFound(DefaultListableBeanFactory.java:1504)
		at org.springframework.beans.factory.support.DefaultListableBeanFactory.doResolveDependency(DefaultListableBeanFactory.java:1101)
		at org.springframework.beans.factory.support.DefaultListableBeanFactory.resolveDependency(DefaultListableBeanFactory.java:1062)
		at org.springframework.beans.factory.annotation.AutowiredAnnotationBeanPostProcessor$AutowiredFieldElement.inject(AutowiredAnnotationBeanPostProcessor.java:583)
		... 60 more
15-Dec-2025 22:03:50.759 SEVERE [main] org.apache.catalina.core.StandardContext.loadOnStartup Servlet [dispatcher] in web application [] threw load() exception
	org.springframework.beans.factory.NoSuchBeanDefinitionException: No qualifying bean of type 'demoapp.Repository.UserRepository' available: expected at least 1 bean which qualifies as autowire candidate. Dependency annotations: {@org.springframework.beans.factory.annotation.Autowired(required=true)}
		at org.springframework.beans.factory.support.DefaultListableBeanFactory.raiseNoMatchingBeanFound(DefaultListableBeanFactory.java:1504)
		at org.springframework.beans.factory.support.DefaultListableBeanFactory.doResolveDependency(DefaultListableBeanFactory.java:1101)
		at org.springframework.beans.factory.support.DefaultListableBeanFactory.resolveDependency(DefaultListableBeanFactory.java:1062)
		at org.springframework.beans.factory.annotation.AutowiredAnnotationBeanPostProcessor$AutowiredFieldElement.inject(AutowiredAnnotationBeanPostProcessor.java:583)
		at org.springframework.beans.factory.annotation.InjectionMetadata.inject(InjectionMetadata.java:91)
		at org.springframework.beans.factory.annotation.AutowiredAnnotationBeanPostProcessor.postProcessPropertyValues(AutowiredAnnotationBeanPostProcessor.java:372)
		at org.springframework.beans.factory.support.AbstractAutowireCapableBeanFactory.populateBean(AbstractAutowireCapableBeanFactory.java:1344)
		at org.springframework.beans.factory.support.AbstractAutowireCapableBeanFactory.doCreateBean(AbstractAutowireCapableBeanFactory.java:582)
		at org.springframework.beans.factory.support.AbstractAutowireCapableBeanFactory.createBean(AbstractAutowireCapableBeanFactory.java:502)
		at org.springframework.beans.factory.support.AbstractBeanFactory.lambda$doGetBean$0(AbstractBeanFactory.java:312)
		at org.springframework.beans.factory.support.DefaultSingletonBeanRegistry.getSingleton(DefaultSingletonBeanRegistry.java:228)
		at org.springframework.beans.factory.support.AbstractBeanFactory.doGetBean(AbstractBeanFactory.java:310)
		at org.springframework.beans.factory.support.AbstractBeanFactory.getBean(AbstractBeanFactory.java:200)
		at org.springframework.beans.factory.support.DefaultListableBeanFactory.preInstantiateSingletons(DefaultListableBeanFactory.java:758)
		at org.springframework.context.support.AbstractApplicationContext.finishBeanFactoryInitialization(AbstractApplicationContext.java:868)
		at org.springframework.context.support.AbstractApplicationContext.refresh(AbstractApplicationContext.java:549)
		at org.springframework.web.servlet.FrameworkServlet.configureAndRefreshWebApplicationContext(FrameworkServlet.java:676)
		at org.springframework.web.servlet.FrameworkServlet.initWebApplicationContext(FrameworkServlet.java:545)
		at org.springframework.web.servlet.FrameworkServlet.initServletBean(FrameworkServlet.java:499)
		at org.springframework.web.servlet.HttpServletBean.init(HttpServletBean.java:172)
		at javax.servlet.GenericServlet.init(GenericServlet.java:143)
		at org.apache.catalina.core.StandardWrapper.initServlet(StandardWrapper.java:989)
		at org.apache.catalina.core.StandardWrapper.load(StandardWrapper.java:846)
		at org.apache.catalina.core.StandardContext.loadOnStartup(StandardContext.java:4234)
		at org.apache.catalina.core.StandardContext.startInternal(StandardContext.java:4535)
		at org.apache.catalina.util.LifecycleBase.start(LifecycleBase.java:164)
		at org.apache.catalina.core.ContainerBase.addChildInternal(ContainerBase.java:599)
		at org.apache.catalina.core.ContainerBase.addChild(ContainerBase.java:571)
		at org.apache.catalina.core.StandardHost.addChild(StandardHost.java:604)
		at org.apache.catalina.startup.HostConfig.deployDescriptor(HostConfig.java:680)
		at org.apache.catalina.startup.HostConfig$DeployDescriptor.run(HostConfig.java:1839)
		at java.util.concurrent.Executors$RunnableAdapter.call(Executors.java:511)
		at java.util.concurrent.FutureTask.run(FutureTask.java:266)
		at org.apache.tomcat.util.threads.InlineExecutorService.execute(InlineExecutorService.java:82)
		at java.util.concurrent.AbstractExecutorService.submit(AbstractExecutorService.java:112)
		at org.apache.catalina.startup.HostConfig.deployDescriptors(HostConfig.java:575)
		at org.apache.catalina.startup.HostConfig.deployApps(HostConfig.java:466)
		at org.apache.catalina.startup.HostConfig.start(HostConfig.java:1579)
		at org.apache.catalina.startup.HostConfig.lifecycleEvent(HostConfig.java:312)
		at org.apache.catalina.util.LifecycleBase.fireLifecycleEvent(LifecycleBase.java:109)
		at org.apache.catalina.util.LifecycleBase.setStateInternal(LifecycleBase.java:389)
		at org.apache.catalina.util.LifecycleBase.setState(LifecycleBase.java:336)
		at org.apache.catalina.core.ContainerBase.startInternal(ContainerBase.java:776)
		at org.apache.catalina.core.StandardHost.startInternal(StandardHost.java:722)
		at org.apache.catalina.util.LifecycleBase.start(LifecycleBase.java:164)
		at org.apache.catalina.core.ContainerBase$StartChild.call(ContainerBase.java:1203)
		at org.apache.catalina.core.ContainerBase$StartChild.call(ContainerBase.java:1193)
		at java.util.concurrent.FutureTask.run(FutureTask.java:266)
		at org.apache.tomcat.util.threads.InlineExecutorService.execute(InlineExecutorService.java:82)
		at java.util.concurrent.AbstractExecutorService.submit(AbstractExecutorService.java:134)
		at org.apache.catalina.core.ContainerBase.startInternal(ContainerBase.java:749)
		at org.apache.catalina.core.StandardEngine.startInternal(StandardEngine.java:211)
		at org.apache.catalina.util.LifecycleBase.start(LifecycleBase.java:164)
		at org.apache.catalina.core.StandardService.startInternal(StandardService.java:412)
		at org.apache.catalina.util.LifecycleBase.start(LifecycleBase.java:164)
		at org.apache.catalina.core.StandardServer.startInternal(StandardServer.java:874)
		at org.apache.catalina.util.LifecycleBase.start(LifecycleBase.java:164)
		at org.apache.catalina.startup.Catalina.start(Catalina.java:739)
		at sun.reflect.NativeMethodAccessorImpl.invoke0(Native Method)
		at sun.reflect.NativeMethodAccessorImpl.invoke(NativeMethodAccessorImpl.java:62)
		at sun.reflect.DelegatingMethodAccessorImpl.invoke(DelegatingMethodAccessorImpl.java:43)
		at java.lang.reflect.Method.invoke(Method.java:498)
		at org.apache.catalina.startup.Bootstrap.start(Bootstrap.java:345)
		at org.apache.catalina.startup.Bootstrap.main(Bootstrap.java:476)
15-Dec-2025 22:03:50.800 SEVERE [main] org.apache.catalina.core.ApplicationContext.log Servlet.init() for servlet [dispatcher] threw exception
	org.springframework.beans.factory.UnsatisfiedDependencyException: Error creating bean with name 'userService': Unsatisfied dependency expressed through field 'userRepository'; nested exception is org.springframework.beans.factory.NoSuchBeanDefinitionException: No qualifying bean of type 'demoapp.Repository.UserRepository' available: expected at least 1 bean which qualifies as autowire candidate. Dependency annotations: {@org.springframework.beans.factory.annotation.Autowired(required=true)}
		at org.springframework.beans.factory.annotation.AutowiredAnnotationBeanPostProcessor$AutowiredFieldElement.inject(AutowiredAnnotationBeanPostProcessor.java:586)
		at org.springframework.beans.factory.annotation.InjectionMetadata.inject(InjectionMetadata.java:91)
		at org.springframework.beans.factory.annotation.AutowiredAnnotationBeanPostProcessor.postProcessPropertyValues(AutowiredAnnotationBeanPostProcessor.java:372)
		at org.springframework.beans.factory.support.AbstractAutowireCapableBeanFactory.populateBean(AbstractAutowireCapableBeanFactory.java:1344)
		at org.springframework.beans.factory.support.AbstractAutowireCapableBeanFactory.doCreateBean(AbstractAutowireCapableBeanFactory.java:582)
		at org.springframework.beans.factory.support.AbstractAutowireCapableBeanFactory.createBean(AbstractAutowireCapableBeanFactory.java:502)
		at org.springframework.beans.factory.support.AbstractBeanFactory.lambda$doGetBean$0(AbstractBeanFactory.java:312)
		at org.springframework.beans.factory.support.DefaultSingletonBeanRegistry.getSingleton(DefaultSingletonBeanRegistry.java:228)
		at org.springframework.beans.factory.support.AbstractBeanFactory.doGetBean(AbstractBeanFactory.java:310)
		at org.springframework.beans.factory.support.AbstractBeanFactory.getBean(AbstractBeanFactory.java:200)
		at org.springframework.beans.factory.support.DefaultListableBeanFactory.preInstantiateSingletons(DefaultListableBeanFactory.java:758)
		at org.springframework.context.support.AbstractApplicationContext.finishBeanFactoryInitialization(AbstractApplicationContext.java:868)
		at org.springframework.context.support.AbstractApplicationContext.refresh(AbstractApplicationContext.java:549)
		at org.springframework.web.servlet.FrameworkServlet.configureAndRefreshWebApplicationContext(FrameworkServlet.java:676)
		at org.springframework.web.servlet.FrameworkServlet.initWebApplicationContext(FrameworkServlet.java:545)
		at org.springframework.web.servlet.FrameworkServlet.initServletBean(FrameworkServlet.java:499)
		at org.springframework.web.servlet.HttpServletBean.init(HttpServletBean.java:172)
		at javax.servlet.GenericServlet.init(GenericServlet.java:143)
		at org.apache.catalina.core.StandardWrapper.initServlet(StandardWrapper.java:989)
		at org.apache.catalina.core.StandardWrapper.load(StandardWrapper.java:846)
		at org.apache.catalina.core.StandardContext.loadOnStartup(StandardContext.java:4234)
		at org.apache.catalina.core.StandardContext.startInternal(StandardContext.java:4535)
		at org.apache.catalina.util.LifecycleBase.start(LifecycleBase.java:164)
		at org.apache.catalina.core.ContainerBase.addChildInternal(ContainerBase.java:599)
		at org.apache.catalina.core.ContainerBase.addChild(ContainerBase.java:571)
		at org.apache.catalina.core.StandardHost.addChild(StandardHost.java:604)
		at org.apache.catalina.startup.HostConfig.deployDescriptor(HostConfig.java:680)
		at org.apache.catalina.startup.HostConfig$DeployDescriptor.run(HostConfig.java:1839)
		at java.util.concurrent.Executors$RunnableAdapter.call(Executors.java:511)
		at java.util.concurrent.FutureTask.run(FutureTask.java:266)
		at org.apache.tomcat.util.threads.InlineExecutorService.execute(InlineExecutorService.java:82)
		at java.util.concurrent.AbstractExecutorService.submit(AbstractExecutorService.java:112)
		at org.apache.catalina.startup.HostConfig.deployDescriptors(HostConfig.java:575)
		at org.apache.catalina.startup.HostConfig.deployApps(HostConfig.java:466)
		at org.apache.catalina.startup.HostConfig.start(HostConfig.java:1579)
		at org.apache.catalina.startup.HostConfig.lifecycleEvent(HostConfig.java:312)
		at org.apache.catalina.util.LifecycleBase.fireLifecycleEvent(LifecycleBase.java:109)
		at org.apache.catalina.util.LifecycleBase.setStateInternal(LifecycleBase.java:389)
		at org.apache.catalina.util.LifecycleBase.setState(LifecycleBase.java:336)
		at org.apache.catalina.core.ContainerBase.startInternal(ContainerBase.java:776)
		at org.apache.catalina.core.StandardHost.startInternal(StandardHost.java:722)
		at org.apache.catalina.util.LifecycleBase.start(LifecycleBase.java:164)
		at org.apache.catalina.core.ContainerBase$StartChild.call(ContainerBase.java:1203)
		at org.apache.catalina.core.ContainerBase$StartChild.call(ContainerBase.java:1193)
		at java.util.concurrent.FutureTask.run(FutureTask.java:266)
		at org.apache.tomcat.util.threads.InlineExecutorService.execute(InlineExecutorService.java:82)
		at java.util.concurrent.AbstractExecutorService.submit(AbstractExecutorService.java:134)
		at org.apache.catalina.core.ContainerBase.startInternal(ContainerBase.java:749)
		at org.apache.catalina.core.StandardEngine.startInternal(StandardEngine.java:211)
		at org.apache.catalina.util.LifecycleBase.start(LifecycleBase.java:164)
		at org.apache.catalina.core.StandardService.startInternal(StandardService.java:412)
		at org.apache.catalina.util.LifecycleBase.start(LifecycleBase.java:164)
		at org.apache.catalina.core.StandardServer.startInternal(StandardServer.java:874)
		at org.apache.catalina.util.LifecycleBase.start(LifecycleBase.java:164)
		at org.apache.catalina.startup.Catalina.start(Catalina.java:739)
		at sun.reflect.NativeMethodAccessorImpl.invoke0(Native Method)
		at sun.reflect.NativeMethodAccessorImpl.invoke(NativeMethodAccessorImpl.java:62)
		at sun.reflect.DelegatingMethodAccessorImpl.invoke(DelegatingMethodAccessorImpl.java:43)
		at java.lang.reflect.Method.invoke(Method.java:498)
		at org.apache.catalina.startup.Bootstrap.start(Bootstrap.java:345)
		at org.apache.catalina.startup.Bootstrap.main(Bootstrap.java:476)
	Caused by: org.springframework.beans.factory.NoSuchBeanDefinitionException: No qualifying bean of type 'demoapp.Repository.UserRepository' available: expected at least 1 bean which qualifies as autowire candidate. Dependency annotations: {@org.springframework.beans.factory.annotation.Autowired(required=true)}
		at org.springframework.beans.factory.support.DefaultListableBeanFactory.raiseNoMatchingBeanFound(DefaultListableBeanFactory.java:1504)
		at org.springframework.beans.factory.support.DefaultListableBeanFactory.doResolveDependency(DefaultListableBeanFactory.java:1101)
		at org.springframework.beans.factory.support.DefaultListableBeanFactory.resolveDependency(DefaultListableBeanFactory.java:1062)
		at org.springframework.beans.factory.annotation.AutowiredAnnotationBeanPostProcessor$AutowiredFieldElement.inject(AutowiredAnnotationBeanPostProcessor.java:583)
		... 60 more
15-Dec-2025 22:03:50.801 SEVERE [main] org.apache.catalina.core.StandardContext.loadOnStartup Servlet [dispatcher] in web application [] threw load() exception
	org.springframework.beans.factory.NoSuchBeanDefinitionException: No qualifying bean of type 'demoapp.Repository.UserRepository' available: expected at least 1 bean which qualifies as autowire candidate. Dependency annotations: {@org.springframework.beans.factory.annotation.Autowired(required=true)}
		at org.springframework.beans.factory.support.DefaultListableBeanFactory.raiseNoMatchingBeanFound(DefaultListableBeanFactory.java:1504)
		at org.springframework.beans.factory.support.DefaultListableBeanFactory.doResolveDependency(DefaultListableBeanFactory.java:1101)
		at org.springframework.beans.factory.support.DefaultListableBeanFactory.resolveDependency(DefaultListableBeanFactory.java:1062)
		at org.springframework.beans.factory.annotation.AutowiredAnnotationBeanPostProcessor$AutowiredFieldElement.inject(AutowiredAnnotationBeanPostProcessor.java:583)
		at org.springframework.beans.factory.annotation.InjectionMetadata.inject(InjectionMetadata.java:91)
		at org.springframework.beans.factory.annotation.AutowiredAnnotationBeanPostProcessor.postProcessPropertyValues(AutowiredAnnotationBeanPostProcessor.java:372)
		at org.springframework.beans.factory.support.AbstractAutowireCapableBeanFactory.populateBean(AbstractAutowireCapableBeanFactory.java:1344)
		at org.springframework.beans.factory.support.AbstractAutowireCapableBeanFactory.doCreateBean(AbstractAutowireCapableBeanFactory.java:582)
		at org.springframework.beans.factory.support.AbstractAutowireCapableBeanFactory.createBean(AbstractAutowireCapableBeanFactory.java:502)
		at org.springframework.beans.factory.support.AbstractBeanFactory.lambda$doGetBean$0(AbstractBeanFactory.java:312)
		at org.springframework.beans.factory.support.DefaultSingletonBeanRegistry.getSingleton(DefaultSingletonBeanRegistry.java:228)
		at org.springframework.beans.factory.support.AbstractBeanFactory.doGetBean(AbstractBeanFactory.java:310)
		at org.springframework.beans.factory.support.AbstractBeanFactory.getBean(AbstractBeanFactory.java:200)
		at org.springframework.beans.factory.support.DefaultListableBeanFactory.preInstantiateSingletons(DefaultListableBeanFactory.java:758)
		at org.springframework.context.support.AbstractApplicationContext.finishBeanFactoryInitialization(AbstractApplicationContext.java:868)
		at org.springframework.context.support.AbstractApplicationContext.refresh(AbstractApplicationContext.java:549)
		at org.springframework.web.servlet.FrameworkServlet.configureAndRefreshWebApplicationContext(FrameworkServlet.java:676)
		at org.springframework.web.servlet.FrameworkServlet.initWebApplicationContext(FrameworkServlet.java:545)
		at org.springframework.web.servlet.FrameworkServlet.initServletBean(FrameworkServlet.java:499)
		at org.springframework.web.servlet.HttpServletBean.init(HttpServletBean.java:172)
		at javax.servlet.GenericServlet.init(GenericServlet.java:143)
		at org.apache.catalina.core.StandardWrapper.initServlet(StandardWrapper.java:989)
		at org.apache.catalina.core.StandardWrapper.load(StandardWrapper.java:846)
		at org.apache.catalina.core.StandardContext.loadOnStartup(StandardContext.java:4234)
		at org.apache.catalina.core.StandardContext.startInternal(StandardContext.java:4535)
		at org.apache.catalina.util.LifecycleBase.start(LifecycleBase.java:164)
		at org.apache.catalina.core.ContainerBase.addChildInternal(ContainerBase.java:599)
		at org.apache.catalina.core.ContainerBase.addChild(ContainerBase.java:571)
		at org.apache.catalina.core.StandardHost.addChild(StandardHost.java:604)
		at org.apache.catalina.startup.HostConfig.deployDescriptor(HostConfig.java:680)
		at org.apache.catalina.startup.HostConfig$DeployDescriptor.run(HostConfig.java:1839)
		at java.util.concurrent.Executors$RunnableAdapter.call(Executors.java:511)
		at java.util.concurrent.FutureTask.run(FutureTask.java:266)
		at org.apache.tomcat.util.threads.InlineExecutorService.execute(InlineExecutorService.java:82)
		at java.util.concurrent.AbstractExecutorService.submit(AbstractExecutorService.java:112)
		at org.apache.catalina.startup.HostConfig.deployDescriptors(HostConfig.java:575)
		at org.apache.catalina.startup.HostConfig.deployApps(HostConfig.java:466)
		at org.apache.catalina.startup.HostConfig.start(HostConfig.java:1579)
		at org.apache.catalina.startup.HostConfig.lifecycleEvent(HostConfig.java:312)
		at org.apache.catalina.util.LifecycleBase.fireLifecycleEvent(LifecycleBase.java:109)
		at org.apache.catalina.util.LifecycleBase.setStateInternal(LifecycleBase.java:389)
		at org.apache.catalina.util.LifecycleBase.setState(LifecycleBase.java:336)
		at org.apache.catalina.core.ContainerBase.startInternal(ContainerBase.java:776)
		at org.apache.catalina.core.StandardHost.startInternal(StandardHost.java:722)
		at org.apache.catalina.util.LifecycleBase.start(LifecycleBase.java:164)
		at org.apache.catalina.core.ContainerBase$StartChild.call(ContainerBase.java:1203)
		at org.apache.catalina.core.ContainerBase$StartChild.call(ContainerBase.java:1193)
		at java.util.concurrent.FutureTask.run(FutureTask.java:266)
		at org.apache.tomcat.util.threads.InlineExecutorService.execute(InlineExecutorService.java:82)
		at java.util.concurrent.AbstractExecutorService.submit(AbstractExecutorService.java:134)
		at org.apache.catalina.core.ContainerBase.startInternal(ContainerBase.java:749)
		at org.apache.catalina.core.StandardEngine.startInternal(StandardEngine.java:211)
		at org.apache.catalina.util.LifecycleBase.start(LifecycleBase.java:164)
		at org.apache.catalina.core.StandardService.startInternal(StandardService.java:412)
		at org.apache.catalina.util.LifecycleBase.start(LifecycleBase.java:164)
		at org.apache.catalina.core.StandardServer.startInternal(StandardServer.java:874)
		at org.apache.catalina.util.LifecycleBase.start(LifecycleBase.java:164)
		at org.apache.catalina.startup.Catalina.start(Catalina.java:739)
		at sun.reflect.NativeMethodAccessorImpl.invoke0(Native Method)
		at sun.reflect.NativeMethodAccessorImpl.invoke(NativeMethodAccessorImpl.java:62)
		at sun.reflect.DelegatingMethodAccessorImpl.invoke(DelegatingMethodAccessorImpl.java:43)
		at java.lang.reflect.Method.invoke(Method.java:498)
		at org.apache.catalina.startup.Bootstrap.start(Bootstrap.java:345)
		at org.apache.catalina.startup.Bootstrap.main(Bootstrap.java:476)
15-Dec-2025 22:07:39.862 INFO [main] org.apache.catalina.core.ApplicationContext.log 2 Spring WebApplicationInitializers detected on classpath
15-Dec-2025 22:07:40.641 INFO [main] org.apache.catalina.core.ApplicationContext.log Initializing Spring FrameworkServlet 'dispatcher'
15-Dec-2025 22:07:43.284 SEVERE [main] org.apache.catalina.core.ApplicationContext.log Servlet.init() for servlet [dispatcher] threw exception
	org.springframework.beans.factory.UnsatisfiedDependencyException: Error creating bean with name 'userService': Unsatisfied dependency expressed through field 'userRepository'; nested exception is org.springframework.beans.factory.NoSuchBeanDefinitionException: No qualifying bean of type 'demoapp.Repository.UserRepository' available: expected at least 1 bean which qualifies as autowire candidate. Dependency annotations: {@org.springframework.beans.factory.annotation.Autowired(required=true)}
		at org.springframework.beans.factory.annotation.AutowiredAnnotationBeanPostProcessor$AutowiredFieldElement.inject(AutowiredAnnotationBeanPostProcessor.java:586)
		at org.springframework.beans.factory.annotation.InjectionMetadata.inject(InjectionMetadata.java:91)
		at org.springframework.beans.factory.annotation.AutowiredAnnotationBeanPostProcessor.postProcessPropertyValues(AutowiredAnnotationBeanPostProcessor.java:372)
		at org.springframework.beans.factory.support.AbstractAutowireCapableBeanFactory.populateBean(AbstractAutowireCapableBeanFactory.java:1344)
		at org.springframework.beans.factory.support.AbstractAutowireCapableBeanFactory.doCreateBean(AbstractAutowireCapableBeanFactory.java:582)
		at org.springframework.beans.factory.support.AbstractAutowireCapableBeanFactory.createBean(AbstractAutowireCapableBeanFactory.java:502)
		at org.springframework.beans.factory.support.AbstractBeanFactory.lambda$doGetBean$0(AbstractBeanFactory.java:312)
		at org.springframework.beans.factory.support.DefaultSingletonBeanRegistry.getSingleton(DefaultSingletonBeanRegistry.java:228)
		at org.springframework.beans.factory.support.AbstractBeanFactory.doGetBean(AbstractBeanFactory.java:310)
		at org.springframework.beans.factory.support.AbstractBeanFactory.getBean(AbstractBeanFactory.java:200)
		at org.springframework.beans.factory.support.DefaultListableBeanFactory.preInstantiateSingletons(DefaultListableBeanFactory.java:758)
		at org.springframework.context.support.AbstractApplicationContext.finishBeanFactoryInitialization(AbstractApplicationContext.java:868)
		at org.springframework.context.support.AbstractApplicationContext.refresh(AbstractApplicationContext.java:549)
		at org.springframework.web.servlet.FrameworkServlet.configureAndRefreshWebApplicationContext(FrameworkServlet.java:676)
		at org.springframework.web.servlet.FrameworkServlet.initWebApplicationContext(FrameworkServlet.java:545)
		at org.springframework.web.servlet.FrameworkServlet.initServletBean(FrameworkServlet.java:499)
		at org.springframework.web.servlet.HttpServletBean.init(HttpServletBean.java:172)
		at javax.servlet.GenericServlet.init(GenericServlet.java:143)
		at org.apache.catalina.core.StandardWrapper.initServlet(StandardWrapper.java:989)
		at org.apache.catalina.core.StandardWrapper.load(StandardWrapper.java:846)
		at org.apache.catalina.core.StandardContext.loadOnStartup(StandardContext.java:4234)
		at org.apache.catalina.core.StandardContext.startInternal(StandardContext.java:4535)
		at org.apache.catalina.util.LifecycleBase.start(LifecycleBase.java:164)
		at org.apache.catalina.core.ContainerBase.addChildInternal(ContainerBase.java:599)
		at org.apache.catalina.core.ContainerBase.addChild(ContainerBase.java:571)
		at org.apache.catalina.core.StandardHost.addChild(StandardHost.java:604)
		at org.apache.catalina.startup.HostConfig.deployDescriptor(HostConfig.java:680)
		at org.apache.catalina.startup.HostConfig$DeployDescriptor.run(HostConfig.java:1839)
		at java.util.concurrent.Executors$RunnableAdapter.call(Executors.java:511)
		at java.util.concurrent.FutureTask.run(FutureTask.java:266)
		at org.apache.tomcat.util.threads.InlineExecutorService.execute(InlineExecutorService.java:82)
		at java.util.concurrent.AbstractExecutorService.submit(AbstractExecutorService.java:112)
		at org.apache.catalina.startup.HostConfig.deployDescriptors(HostConfig.java:575)
		at org.apache.catalina.startup.HostConfig.deployApps(HostConfig.java:466)
		at org.apache.catalina.startup.HostConfig.start(HostConfig.java:1579)
		at org.apache.catalina.startup.HostConfig.lifecycleEvent(HostConfig.java:312)
		at org.apache.catalina.util.LifecycleBase.fireLifecycleEvent(LifecycleBase.java:109)
		at org.apache.catalina.util.LifecycleBase.setStateInternal(LifecycleBase.java:389)
		at org.apache.catalina.util.LifecycleBase.setState(LifecycleBase.java:336)
		at org.apache.catalina.core.ContainerBase.startInternal(ContainerBase.java:776)
		at org.apache.catalina.core.StandardHost.startInternal(StandardHost.java:722)
		at org.apache.catalina.util.LifecycleBase.start(LifecycleBase.java:164)
		at org.apache.catalina.core.ContainerBase$StartChild.call(ContainerBase.java:1203)
		at org.apache.catalina.core.ContainerBase$StartChild.call(ContainerBase.java:1193)
		at java.util.concurrent.FutureTask.run(FutureTask.java:266)
		at org.apache.tomcat.util.threads.InlineExecutorService.execute(InlineExecutorService.java:82)
		at java.util.concurrent.AbstractExecutorService.submit(AbstractExecutorService.java:134)
		at org.apache.catalina.core.ContainerBase.startInternal(ContainerBase.java:749)
		at org.apache.catalina.core.StandardEngine.startInternal(StandardEngine.java:211)
		at org.apache.catalina.util.LifecycleBase.start(LifecycleBase.java:164)
		at org.apache.catalina.core.StandardService.startInternal(StandardService.java:412)
		at org.apache.catalina.util.LifecycleBase.start(LifecycleBase.java:164)
		at org.apache.catalina.core.StandardServer.startInternal(StandardServer.java:874)
		at org.apache.catalina.util.LifecycleBase.start(LifecycleBase.java:164)
		at org.apache.catalina.startup.Catalina.start(Catalina.java:739)
		at sun.reflect.NativeMethodAccessorImpl.invoke0(Native Method)
		at sun.reflect.NativeMethodAccessorImpl.invoke(NativeMethodAccessorImpl.java:62)
		at sun.reflect.DelegatingMethodAccessorImpl.invoke(DelegatingMethodAccessorImpl.java:43)
		at java.lang.reflect.Method.invoke(Method.java:498)
		at org.apache.catalina.startup.Bootstrap.start(Bootstrap.java:345)
		at org.apache.catalina.startup.Bootstrap.main(Bootstrap.java:476)
	Caused by: org.springframework.beans.factory.NoSuchBeanDefinitionException: No qualifying bean of type 'demoapp.Repository.UserRepository' available: expected at least 1 bean which qualifies as autowire candidate. Dependency annotations: {@org.springframework.beans.factory.annotation.Autowired(required=true)}
		at org.springframework.beans.factory.support.DefaultListableBeanFactory.raiseNoMatchingBeanFound(DefaultListableBeanFactory.java:1504)
		at org.springframework.beans.factory.support.DefaultListableBeanFactory.doResolveDependency(DefaultListableBeanFactory.java:1101)
		at org.springframework.beans.factory.support.DefaultListableBeanFactory.resolveDependency(DefaultListableBeanFactory.java:1062)
		at org.springframework.beans.factory.annotation.AutowiredAnnotationBeanPostProcessor$AutowiredFieldElement.inject(AutowiredAnnotationBeanPostProcessor.java:583)
		... 60 more
15-Dec-2025 22:07:43.284 SEVERE [main] org.apache.catalina.core.StandardContext.loadOnStartup Servlet [dispatcher] in web application [] threw load() exception
	org.springframework.beans.factory.NoSuchBeanDefinitionException: No qualifying bean of type 'demoapp.Repository.UserRepository' available: expected at least 1 bean which qualifies as autowire candidate. Dependency annotations: {@org.springframework.beans.factory.annotation.Autowired(required=true)}
		at org.springframework.beans.factory.support.DefaultListableBeanFactory.raiseNoMatchingBeanFound(DefaultListableBeanFactory.java:1504)
		at org.springframework.beans.factory.support.DefaultListableBeanFactory.doResolveDependency(DefaultListableBeanFactory.java:1101)
		at org.springframework.beans.factory.support.DefaultListableBeanFactory.resolveDependency(DefaultListableBeanFactory.java:1062)
		at org.springframework.beans.factory.annotation.AutowiredAnnotationBeanPostProcessor$AutowiredFieldElement.inject(AutowiredAnnotationBeanPostProcessor.java:583)
		at org.springframework.beans.factory.annotation.InjectionMetadata.inject(InjectionMetadata.java:91)
		at org.springframework.beans.factory.annotation.AutowiredAnnotationBeanPostProcessor.postProcessPropertyValues(AutowiredAnnotationBeanPostProcessor.java:372)
		at org.springframework.beans.factory.support.AbstractAutowireCapableBeanFactory.populateBean(AbstractAutowireCapableBeanFactory.java:1344)
		at org.springframework.beans.factory.support.AbstractAutowireCapableBeanFactory.doCreateBean(AbstractAutowireCapableBeanFactory.java:582)
		at org.springframework.beans.factory.support.AbstractAutowireCapableBeanFactory.createBean(AbstractAutowireCapableBeanFactory.java:502)
		at org.springframework.beans.factory.support.AbstractBeanFactory.lambda$doGetBean$0(AbstractBeanFactory.java:312)
		at org.springframework.beans.factory.support.DefaultSingletonBeanRegistry.getSingleton(DefaultSingletonBeanRegistry.java:228)
		at org.springframework.beans.factory.support.AbstractBeanFactory.doGetBean(AbstractBeanFactory.java:310)
		at org.springframework.beans.factory.support.AbstractBeanFactory.getBean(AbstractBeanFactory.java:200)
		at org.springframework.beans.factory.support.DefaultListableBeanFactory.preInstantiateSingletons(DefaultListableBeanFactory.java:758)
		at org.springframework.context.support.AbstractApplicationContext.finishBeanFactoryInitialization(AbstractApplicationContext.java:868)
		at org.springframework.context.support.AbstractApplicationContext.refresh(AbstractApplicationContext.java:549)
		at org.springframework.web.servlet.FrameworkServlet.configureAndRefreshWebApplicationContext(FrameworkServlet.java:676)
		at org.springframework.web.servlet.FrameworkServlet.initWebApplicationContext(FrameworkServlet.java:545)
		at org.springframework.web.servlet.FrameworkServlet.initServletBean(FrameworkServlet.java:499)
		at org.springframework.web.servlet.HttpServletBean.init(HttpServletBean.java:172)
		at javax.servlet.GenericServlet.init(GenericServlet.java:143)
		at org.apache.catalina.core.StandardWrapper.initServlet(StandardWrapper.java:989)
		at org.apache.catalina.core.StandardWrapper.load(StandardWrapper.java:846)
		at org.apache.catalina.core.StandardContext.loadOnStartup(StandardContext.java:4234)
		at org.apache.catalina.core.StandardContext.startInternal(StandardContext.java:4535)
		at org.apache.catalina.util.LifecycleBase.start(LifecycleBase.java:164)
		at org.apache.catalina.core.ContainerBase.addChildInternal(ContainerBase.java:599)
		at org.apache.catalina.core.ContainerBase.addChild(ContainerBase.java:571)
		at org.apache.catalina.core.StandardHost.addChild(StandardHost.java:604)
		at org.apache.catalina.startup.HostConfig.deployDescriptor(HostConfig.java:680)
		at org.apache.catalina.startup.HostConfig$DeployDescriptor.run(HostConfig.java:1839)
		at java.util.concurrent.Executors$RunnableAdapter.call(Executors.java:511)
		at java.util.concurrent.FutureTask.run(FutureTask.java:266)
		at org.apache.tomcat.util.threads.InlineExecutorService.execute(InlineExecutorService.java:82)
		at java.util.concurrent.AbstractExecutorService.submit(AbstractExecutorService.java:112)
		at org.apache.catalina.startup.HostConfig.deployDescriptors(HostConfig.java:575)
		at org.apache.catalina.startup.HostConfig.deployApps(HostConfig.java:466)
		at org.apache.catalina.startup.HostConfig.start(HostConfig.java:1579)
		at org.apache.catalina.startup.HostConfig.lifecycleEvent(HostConfig.java:312)
		at org.apache.catalina.util.LifecycleBase.fireLifecycleEvent(LifecycleBase.java:109)
		at org.apache.catalina.util.LifecycleBase.setStateInternal(LifecycleBase.java:389)
		at org.apache.catalina.util.LifecycleBase.setState(LifecycleBase.java:336)
		at org.apache.catalina.core.ContainerBase.startInternal(ContainerBase.java:776)
		at org.apache.catalina.core.StandardHost.startInternal(StandardHost.java:722)
		at org.apache.catalina.util.LifecycleBase.start(LifecycleBase.java:164)
		at org.apache.catalina.core.ContainerBase$StartChild.call(ContainerBase.java:1203)
		at org.apache.catalina.core.ContainerBase$StartChild.call(ContainerBase.java:1193)
		at java.util.concurrent.FutureTask.run(FutureTask.java:266)
		at org.apache.tomcat.util.threads.InlineExecutorService.execute(InlineExecutorService.java:82)
		at java.util.concurrent.AbstractExecutorService.submit(AbstractExecutorService.java:134)
		at org.apache.catalina.core.ContainerBase.startInternal(ContainerBase.java:749)
		at org.apache.catalina.core.StandardEngine.startInternal(StandardEngine.java:211)
		at org.apache.catalina.util.LifecycleBase.start(LifecycleBase.java:164)
		at org.apache.catalina.core.StandardService.startInternal(StandardService.java:412)
		at org.apache.catalina.util.LifecycleBase.start(LifecycleBase.java:164)
		at org.apache.catalina.core.StandardServer.startInternal(StandardServer.java:874)
		at org.apache.catalina.util.LifecycleBase.start(LifecycleBase.java:164)
		at org.apache.catalina.startup.Catalina.start(Catalina.java:739)
		at sun.reflect.NativeMethodAccessorImpl.invoke0(Native Method)
		at sun.reflect.NativeMethodAccessorImpl.invoke(NativeMethodAccessorImpl.java:62)
		at sun.reflect.DelegatingMethodAccessorImpl.invoke(DelegatingMethodAccessorImpl.java:43)
		at java.lang.reflect.Method.invoke(Method.java:498)
		at org.apache.catalina.startup.Bootstrap.start(Bootstrap.java:345)
		at org.apache.catalina.startup.Bootstrap.main(Bootstrap.java:476)
15-Dec-2025 22:07:52.172 INFO [http-nio-8080-exec-1] org.apache.catalina.core.ApplicationContext.log Initializing Spring FrameworkServlet 'dispatcher'
15-Dec-2025 22:07:52.671 SEVERE [http-nio-8080-exec-1] org.apache.catalina.core.ApplicationContext.log Servlet.init() for servlet [dispatcher] threw exception
	org.springframework.beans.factory.UnsatisfiedDependencyException: Error creating bean with name 'userService': Unsatisfied dependency expressed through field 'userRepository'; nested exception is org.springframework.beans.factory.NoSuchBeanDefinitionException: No qualifying bean of type 'demoapp.Repository.UserRepository' available: expected at least 1 bean which qualifies as autowire candidate. Dependency annotations: {@org.springframework.beans.factory.annotation.Autowired(required=true)}
		at org.springframework.beans.factory.annotation.AutowiredAnnotationBeanPostProcessor$AutowiredFieldElement.inject(AutowiredAnnotationBeanPostProcessor.java:586)
		at org.springframework.beans.factory.annotation.InjectionMetadata.inject(InjectionMetadata.java:91)
		at org.springframework.beans.factory.annotation.AutowiredAnnotationBeanPostProcessor.postProcessPropertyValues(AutowiredAnnotationBeanPostProcessor.java:372)
		at org.springframework.beans.factory.support.AbstractAutowireCapableBeanFactory.populateBean(AbstractAutowireCapableBeanFactory.java:1344)
		at org.springframework.beans.factory.support.AbstractAutowireCapableBeanFactory.doCreateBean(AbstractAutowireCapableBeanFactory.java:582)
		at org.springframework.beans.factory.support.AbstractAutowireCapableBeanFactory.createBean(AbstractAutowireCapableBeanFactory.java:502)
		at org.springframework.beans.factory.support.AbstractBeanFactory.lambda$doGetBean$0(AbstractBeanFactory.java:312)
		at org.springframework.beans.factory.support.DefaultSingletonBeanRegistry.getSingleton(DefaultSingletonBeanRegistry.java:228)
		at org.springframework.beans.factory.support.AbstractBeanFactory.doGetBean(AbstractBeanFactory.java:310)
		at org.springframework.beans.factory.support.AbstractBeanFactory.getBean(AbstractBeanFactory.java:200)
		at org.springframework.beans.factory.support.DefaultListableBeanFactory.preInstantiateSingletons(DefaultListableBeanFactory.java:758)
		at org.springframework.context.support.AbstractApplicationContext.finishBeanFactoryInitialization(AbstractApplicationContext.java:868)
		at org.springframework.context.support.AbstractApplicationContext.refresh(AbstractApplicationContext.java:549)
		at org.springframework.web.servlet.FrameworkServlet.configureAndRefreshWebApplicationContext(FrameworkServlet.java:676)
		at org.springframework.web.servlet.FrameworkServlet.initWebApplicationContext(FrameworkServlet.java:545)
		at org.springframework.web.servlet.FrameworkServlet.initServletBean(FrameworkServlet.java:499)
		at org.springframework.web.servlet.HttpServletBean.init(HttpServletBean.java:172)
		at javax.servlet.GenericServlet.init(GenericServlet.java:143)
		at org.apache.catalina.core.StandardWrapper.initServlet(StandardWrapper.java:989)
		at org.apache.catalina.core.StandardWrapper.allocate(StandardWrapper.java:680)
		at org.apache.catalina.core.StandardWrapperValve.invoke(StandardWrapperValve.java:116)
		at org.apache.catalina.core.StandardContextValve.invoke(StandardContextValve.java:90)
		at org.apache.catalina.authenticator.AuthenticatorBase.invoke(AuthenticatorBase.java:482)
		at org.apache.catalina.core.StandardHostValve.invoke(StandardHostValve.java:130)
		at org.apache.catalina.valves.ErrorReportValve.invoke(ErrorReportValve.java:93)
		at org.apache.catalina.valves.AbstractAccessLogValve.invoke(AbstractAccessLogValve.java:656)
		at org.apache.catalina.core.StandardEngineValve.invoke(StandardEngineValve.java:74)
		at org.apache.catalina.connector.CoyoteAdapter.service(CoyoteAdapter.java:346)
		at org.apache.coyote.http11.Http11Processor.service(Http11Processor.java:397)
		at org.apache.coyote.AbstractProcessorLight.process(AbstractProcessorLight.java:63)
		at org.apache.coyote.AbstractProtocol$ConnectionHandler.process(AbstractProtocol.java:935)
		at org.apache.tomcat.util.net.NioEndpoint$SocketProcessor.doRun(NioEndpoint.java:1833)
		at org.apache.tomcat.util.net.SocketProcessorBase.run(SocketProcessorBase.java:52)
		at org.apache.tomcat.util.threads.ThreadPoolExecutor.runWorker(ThreadPoolExecutor.java:975)
		at org.apache.tomcat.util.threads.ThreadPoolExecutor$Worker.run(ThreadPoolExecutor.java:493)
		at org.apache.tomcat.util.threads.TaskThread$WrappingRunnable.run(TaskThread.java:63)
		at java.lang.Thread.run(Thread.java:750)
	Caused by: org.springframework.beans.factory.NoSuchBeanDefinitionException: No qualifying bean of type 'demoapp.Repository.UserRepository' available: expected at least 1 bean which qualifies as autowire candidate. Dependency annotations: {@org.springframework.beans.factory.annotation.Autowired(required=true)}
		at org.springframework.beans.factory.support.DefaultListableBeanFactory.raiseNoMatchingBeanFound(DefaultListableBeanFactory.java:1504)
		at org.springframework.beans.factory.support.DefaultListableBeanFactory.doResolveDependency(DefaultListableBeanFactory.java:1101)
		at org.springframework.beans.factory.support.DefaultListableBeanFactory.resolveDependency(DefaultListableBeanFactory.java:1062)
		at org.springframework.beans.factory.annotation.AutowiredAnnotationBeanPostProcessor$AutowiredFieldElement.inject(AutowiredAnnotationBeanPostProcessor.java:583)
		... 36 more
15-Dec-2025 22:07:52.672 SEVERE [http-nio-8080-exec-1] org.apache.catalina.core.StandardWrapperValve.invoke Allocate exception for servlet [dispatcher]
	org.springframework.beans.factory.NoSuchBeanDefinitionException: No qualifying bean of type 'demoapp.Repository.UserRepository' available: expected at least 1 bean which qualifies as autowire candidate. Dependency annotations: {@org.springframework.beans.factory.annotation.Autowired(required=true)}
		at org.springframework.beans.factory.support.DefaultListableBeanFactory.raiseNoMatchingBeanFound(DefaultListableBeanFactory.java:1504)
		at org.springframework.beans.factory.support.DefaultListableBeanFactory.doResolveDependency(DefaultListableBeanFactory.java:1101)
		at org.springframework.beans.factory.support.DefaultListableBeanFactory.resolveDependency(DefaultListableBeanFactory.java:1062)
		at org.springframework.beans.factory.annotation.AutowiredAnnotationBeanPostProcessor$AutowiredFieldElement.inject(AutowiredAnnotationBeanPostProcessor.java:583)
		at org.springframework.beans.factory.annotation.InjectionMetadata.inject(InjectionMetadata.java:91)
		at org.springframework.beans.factory.annotation.AutowiredAnnotationBeanPostProcessor.postProcessPropertyValues(AutowiredAnnotationBeanPostProcessor.java:372)
		at org.springframework.beans.factory.support.AbstractAutowireCapableBeanFactory.populateBean(AbstractAutowireCapableBeanFactory.java:1344)
		at org.springframework.beans.factory.support.AbstractAutowireCapableBeanFactory.doCreateBean(AbstractAutowireCapableBeanFactory.java:582)
		at org.springframework.beans.factory.support.AbstractAutowireCapableBeanFactory.createBean(AbstractAutowireCapableBeanFactory.java:502)
		at org.springframework.beans.factory.support.AbstractBeanFactory.lambda$doGetBean$0(AbstractBeanFactory.java:312)
		at org.springframework.beans.factory.support.DefaultSingletonBeanRegistry.getSingleton(DefaultSingletonBeanRegistry.java:228)
		at org.springframework.beans.factory.support.AbstractBeanFactory.doGetBean(AbstractBeanFactory.java:310)
		at org.springframework.beans.factory.support.AbstractBeanFactory.getBean(AbstractBeanFactory.java:200)
		at org.springframework.beans.factory.support.DefaultListableBeanFactory.preInstantiateSingletons(DefaultListableBeanFactory.java:758)
		at org.springframework.context.support.AbstractApplicationContext.finishBeanFactoryInitialization(AbstractApplicationContext.java:868)
		at org.springframework.context.support.AbstractApplicationContext.refresh(AbstractApplicationContext.java:549)
		at org.springframework.web.servlet.FrameworkServlet.configureAndRefreshWebApplicationContext(FrameworkServlet.java:676)
		at org.springframework.web.servlet.FrameworkServlet.initWebApplicationContext(FrameworkServlet.java:545)
		at org.springframework.web.servlet.FrameworkServlet.initServletBean(FrameworkServlet.java:499)
		at org.springframework.web.servlet.HttpServletBean.init(HttpServletBean.java:172)
		at javax.servlet.GenericServlet.init(GenericServlet.java:143)
		at org.apache.catalina.core.StandardWrapper.initServlet(StandardWrapper.java:989)
		at org.apache.catalina.core.StandardWrapper.allocate(StandardWrapper.java:680)
		at org.apache.catalina.core.StandardWrapperValve.invoke(StandardWrapperValve.java:116)
		at org.apache.catalina.core.StandardContextValve.invoke(StandardContextValve.java:90)
		at org.apache.catalina.authenticator.AuthenticatorBase.invoke(AuthenticatorBase.java:482)
		at org.apache.catalina.core.StandardHostValve.invoke(StandardHostValve.java:130)
		at org.apache.catalina.valves.ErrorReportValve.invoke(ErrorReportValve.java:93)
		at org.apache.catalina.valves.AbstractAccessLogValve.invoke(AbstractAccessLogValve.java:656)
		at org.apache.catalina.core.StandardEngineValve.invoke(StandardEngineValve.java:74)
		at org.apache.catalina.connector.CoyoteAdapter.service(CoyoteAdapter.java:346)
		at org.apache.coyote.http11.Http11Processor.service(Http11Processor.java:397)
		at org.apache.coyote.AbstractProcessorLight.process(AbstractProcessorLight.java:63)
		at org.apache.coyote.AbstractProtocol$ConnectionHandler.process(AbstractProtocol.java:935)
		at org.apache.tomcat.util.net.NioEndpoint$SocketProcessor.doRun(NioEndpoint.java:1833)
		at org.apache.tomcat.util.net.SocketProcessorBase.run(SocketProcessorBase.java:52)
		at org.apache.tomcat.util.threads.ThreadPoolExecutor.runWorker(ThreadPoolExecutor.java:975)
		at org.apache.tomcat.util.threads.ThreadPoolExecutor$Worker.run(ThreadPoolExecutor.java:493)
		at org.apache.tomcat.util.threads.TaskThread$WrappingRunnable.run(TaskThread.java:63)
		at java.lang.Thread.run(Thread.java:750)
15-Dec-2025 22:07:52.888 INFO [http-nio-8080-exec-2] org.apache.catalina.core.ApplicationContext.log Initializing Spring FrameworkServlet 'dispatcher'
15-Dec-2025 22:07:53.543 SEVERE [http-nio-8080-exec-2] org.apache.catalina.core.ApplicationContext.log Servlet.init() for servlet [dispatcher] threw exception
	org.springframework.beans.factory.UnsatisfiedDependencyException: Error creating bean with name 'userService': Unsatisfied dependency expressed through field 'userRepository'; nested exception is org.springframework.beans.factory.NoSuchBeanDefinitionException: No qualifying bean of type 'demoapp.Repository.UserRepository' available: expected at least 1 bean which qualifies as autowire candidate. Dependency annotations: {@org.springframework.beans.factory.annotation.Autowired(required=true)}
		at org.springframework.beans.factory.annotation.AutowiredAnnotationBeanPostProcessor$AutowiredFieldElement.inject(AutowiredAnnotationBeanPostProcessor.java:586)
		at org.springframework.beans.factory.annotation.InjectionMetadata.inject(InjectionMetadata.java:91)
		at org.springframework.beans.factory.annotation.AutowiredAnnotationBeanPostProcessor.postProcessPropertyValues(AutowiredAnnotationBeanPostProcessor.java:372)
		at org.springframework.beans.factory.support.AbstractAutowireCapableBeanFactory.populateBean(AbstractAutowireCapableBeanFactory.java:1344)
		at org.springframework.beans.factory.support.AbstractAutowireCapableBeanFactory.doCreateBean(AbstractAutowireCapableBeanFactory.java:582)
		at org.springframework.beans.factory.support.AbstractAutowireCapableBeanFactory.createBean(AbstractAutowireCapableBeanFactory.java:502)
		at org.springframework.beans.factory.support.AbstractBeanFactory.lambda$doGetBean$0(AbstractBeanFactory.java:312)
		at org.springframework.beans.factory.support.DefaultSingletonBeanRegistry.getSingleton(DefaultSingletonBeanRegistry.java:228)
		at org.springframework.beans.factory.support.AbstractBeanFactory.doGetBean(AbstractBeanFactory.java:310)
		at org.springframework.beans.factory.support.AbstractBeanFactory.getBean(AbstractBeanFactory.java:200)
		at org.springframework.beans.factory.support.DefaultListableBeanFactory.preInstantiateSingletons(DefaultListableBeanFactory.java:758)
		at org.springframework.context.support.AbstractApplicationContext.finishBeanFactoryInitialization(AbstractApplicationContext.java:868)
		at org.springframework.context.support.AbstractApplicationContext.refresh(AbstractApplicationContext.java:549)
		at org.springframework.web.servlet.FrameworkServlet.configureAndRefreshWebApplicationContext(FrameworkServlet.java:676)
		at org.springframework.web.servlet.FrameworkServlet.initWebApplicationContext(FrameworkServlet.java:545)
		at org.springframework.web.servlet.FrameworkServlet.initServletBean(FrameworkServlet.java:499)
		at org.springframework.web.servlet.HttpServletBean.init(HttpServletBean.java:172)
		at javax.servlet.GenericServlet.init(GenericServlet.java:143)
		at org.apache.catalina.core.StandardWrapper.initServlet(StandardWrapper.java:989)
		at org.apache.catalina.core.StandardWrapper.allocate(StandardWrapper.java:680)
		at org.apache.catalina.core.StandardWrapperValve.invoke(StandardWrapperValve.java:116)
		at org.apache.catalina.core.StandardContextValve.invoke(StandardContextValve.java:90)
		at org.apache.catalina.authenticator.AuthenticatorBase.invoke(AuthenticatorBase.java:482)
		at org.apache.catalina.core.StandardHostValve.invoke(StandardHostValve.java:130)
		at org.apache.catalina.valves.ErrorReportValve.invoke(ErrorReportValve.java:93)
		at org.apache.catalina.valves.AbstractAccessLogValve.invoke(AbstractAccessLogValve.java:656)
		at org.apache.catalina.core.StandardEngineValve.invoke(StandardEngineValve.java:74)
		at org.apache.catalina.connector.CoyoteAdapter.service(CoyoteAdapter.java:346)
		at org.apache.coyote.http11.Http11Processor.service(Http11Processor.java:397)
		at org.apache.coyote.AbstractProcessorLight.process(AbstractProcessorLight.java:63)
		at org.apache.coyote.AbstractProtocol$ConnectionHandler.process(AbstractProtocol.java:935)
		at org.apache.tomcat.util.net.NioEndpoint$SocketProcessor.doRun(NioEndpoint.java:1833)
		at org.apache.tomcat.util.net.SocketProcessorBase.run(SocketProcessorBase.java:52)
		at org.apache.tomcat.util.threads.ThreadPoolExecutor.runWorker(ThreadPoolExecutor.java:975)
		at org.apache.tomcat.util.threads.ThreadPoolExecutor$Worker.run(ThreadPoolExecutor.java:493)
		at org.apache.tomcat.util.threads.TaskThread$WrappingRunnable.run(TaskThread.java:63)
		at java.lang.Thread.run(Thread.java:750)
	Caused by: org.springframework.beans.factory.NoSuchBeanDefinitionException: No qualifying bean of type 'demoapp.Repository.UserRepository' available: expected at least 1 bean which qualifies as autowire candidate. Dependency annotations: {@org.springframework.beans.factory.annotation.Autowired(required=true)}
		at org.springframework.beans.factory.support.DefaultListableBeanFactory.raiseNoMatchingBeanFound(DefaultListableBeanFactory.java:1504)
		at org.springframework.beans.factory.support.DefaultListableBeanFactory.doResolveDependency(DefaultListableBeanFactory.java:1101)
		at org.springframework.beans.factory.support.DefaultListableBeanFactory.resolveDependency(DefaultListableBeanFactory.java:1062)
		at org.springframework.beans.factory.annotation.AutowiredAnnotationBeanPostProcessor$AutowiredFieldElement.inject(AutowiredAnnotationBeanPostProcessor.java:583)
		... 36 more
15-Dec-2025 22:07:53.544 SEVERE [http-nio-8080-exec-2] org.apache.catalina.core.StandardWrapperValve.invoke Allocate exception for servlet [dispatcher]
	org.springframework.beans.factory.NoSuchBeanDefinitionException: No qualifying bean of type 'demoapp.Repository.UserRepository' available: expected at least 1 bean which qualifies as autowire candidate. Dependency annotations: {@org.springframework.beans.factory.annotation.Autowired(required=true)}
		at org.springframework.beans.factory.support.DefaultListableBeanFactory.raiseNoMatchingBeanFound(DefaultListableBeanFactory.java:1504)
		at org.springframework.beans.factory.support.DefaultListableBeanFactory.doResolveDependency(DefaultListableBeanFactory.java:1101)
		at org.springframework.beans.factory.support.DefaultListableBeanFactory.resolveDependency(DefaultListableBeanFactory.java:1062)
		at org.springframework.beans.factory.annotation.AutowiredAnnotationBeanPostProcessor$AutowiredFieldElement.inject(AutowiredAnnotationBeanPostProcessor.java:583)
		at org.springframework.beans.factory.annotation.InjectionMetadata.inject(InjectionMetadata.java:91)
		at org.springframework.beans.factory.annotation.AutowiredAnnotationBeanPostProcessor.postProcessPropertyValues(AutowiredAnnotationBeanPostProcessor.java:372)
		at org.springframework.beans.factory.support.AbstractAutowireCapableBeanFactory.populateBean(AbstractAutowireCapableBeanFactory.java:1344)
		at org.springframework.beans.factory.support.AbstractAutowireCapableBeanFactory.doCreateBean(AbstractAutowireCapableBeanFactory.java:582)
		at org.springframework.beans.factory.support.AbstractAutowireCapableBeanFactory.createBean(AbstractAutowireCapableBeanFactory.java:502)
		at org.springframework.beans.factory.support.AbstractBeanFactory.lambda$doGetBean$0(AbstractBeanFactory.java:312)
		at org.springframework.beans.factory.support.DefaultSingletonBeanRegistry.getSingleton(DefaultSingletonBeanRegistry.java:228)
		at org.springframework.beans.factory.support.AbstractBeanFactory.doGetBean(AbstractBeanFactory.java:310)
		at org.springframework.beans.factory.support.AbstractBeanFactory.getBean(AbstractBeanFactory.java:200)
		at org.springframework.beans.factory.support.DefaultListableBeanFactory.preInstantiateSingletons(DefaultListableBeanFactory.java:758)
		at org.springframework.context.support.AbstractApplicationContext.finishBeanFactoryInitialization(AbstractApplicationContext.java:868)
		at org.springframework.context.support.AbstractApplicationContext.refresh(AbstractApplicationContext.java:549)
		at org.springframework.web.servlet.FrameworkServlet.configureAndRefreshWebApplicationContext(FrameworkServlet.java:676)
		at org.springframework.web.servlet.FrameworkServlet.initWebApplicationContext(FrameworkServlet.java:545)
		at org.springframework.web.servlet.FrameworkServlet.initServletBean(FrameworkServlet.java:499)
		at org.springframework.web.servlet.HttpServletBean.init(HttpServletBean.java:172)
		at javax.servlet.GenericServlet.init(GenericServlet.java:143)
		at org.apache.catalina.core.StandardWrapper.initServlet(StandardWrapper.java:989)
		at org.apache.catalina.core.StandardWrapper.allocate(StandardWrapper.java:680)
		at org.apache.catalina.core.StandardWrapperValve.invoke(StandardWrapperValve.java:116)
		at org.apache.catalina.core.StandardContextValve.invoke(StandardContextValve.java:90)
		at org.apache.catalina.authenticator.AuthenticatorBase.invoke(AuthenticatorBase.java:482)
		at org.apache.catalina.core.StandardHostValve.invoke(StandardHostValve.java:130)
		at org.apache.catalina.valves.ErrorReportValve.invoke(ErrorReportValve.java:93)
		at org.apache.catalina.valves.AbstractAccessLogValve.invoke(AbstractAccessLogValve.java:656)
		at org.apache.catalina.core.StandardEngineValve.invoke(StandardEngineValve.java:74)
		at org.apache.catalina.connector.CoyoteAdapter.service(CoyoteAdapter.java:346)
		at org.apache.coyote.http11.Http11Processor.service(Http11Processor.java:397)
		at org.apache.coyote.AbstractProcessorLight.process(AbstractProcessorLight.java:63)
		at org.apache.coyote.AbstractProtocol$ConnectionHandler.process(AbstractProtocol.java:935)
		at org.apache.tomcat.util.net.NioEndpoint$SocketProcessor.doRun(NioEndpoint.java:1833)
		at org.apache.tomcat.util.net.SocketProcessorBase.run(SocketProcessorBase.java:52)
		at org.apache.tomcat.util.threads.ThreadPoolExecutor.runWorker(ThreadPoolExecutor.java:975)
		at org.apache.tomcat.util.threads.ThreadPoolExecutor$Worker.run(ThreadPoolExecutor.java:493)
		at org.apache.tomcat.util.threads.TaskThread$WrappingRunnable.run(TaskThread.java:63)
		at java.lang.Thread.run(Thread.java:750)
15-Dec-2025 22:11:41.596 INFO [main] org.apache.catalina.core.ApplicationContext.log 2 Spring WebApplicationInitializers detected on classpath
15-Dec-2025 22:11:42.498 INFO [main] org.apache.catalina.core.ApplicationContext.log Initializing Spring FrameworkServlet 'dispatcher'
15-Dec-2025 22:11:45.257 SEVERE [main] org.apache.catalina.core.ApplicationContext.log Servlet.init() for servlet [dispatcher] threw exception
	org.springframework.beans.factory.UnsatisfiedDependencyException: Error creating bean with name 'userService': Unsatisfied dependency expressed through field 'userRepository'; nested exception is org.springframework.beans.factory.NoSuchBeanDefinitionException: No qualifying bean of type 'demoapp.Repository.UserRepository' available: expected at least 1 bean which qualifies as autowire candidate. Dependency annotations: {@org.springframework.beans.factory.annotation.Autowired(required=true)}
		at org.springframework.beans.factory.annotation.AutowiredAnnotationBeanPostProcessor$AutowiredFieldElement.inject(AutowiredAnnotationBeanPostProcessor.java:586)
		at org.springframework.beans.factory.annotation.InjectionMetadata.inject(InjectionMetadata.java:91)
		at org.springframework.beans.factory.annotation.AutowiredAnnotationBeanPostProcessor.postProcessPropertyValues(AutowiredAnnotationBeanPostProcessor.java:372)
		at org.springframework.beans.factory.support.AbstractAutowireCapableBeanFactory.populateBean(AbstractAutowireCapableBeanFactory.java:1344)
		at org.springframework.beans.factory.support.AbstractAutowireCapableBeanFactory.doCreateBean(AbstractAutowireCapableBeanFactory.java:582)
		at org.springframework.beans.factory.support.AbstractAutowireCapableBeanFactory.createBean(AbstractAutowireCapableBeanFactory.java:502)
		at org.springframework.beans.factory.support.AbstractBeanFactory.lambda$doGetBean$0(AbstractBeanFactory.java:312)
		at org.springframework.beans.factory.support.DefaultSingletonBeanRegistry.getSingleton(DefaultSingletonBeanRegistry.java:228)
		at org.springframework.beans.factory.support.AbstractBeanFactory.doGetBean(AbstractBeanFactory.java:310)
		at org.springframework.beans.factory.support.AbstractBeanFactory.getBean(AbstractBeanFactory.java:200)
		at org.springframework.beans.factory.support.DefaultListableBeanFactory.preInstantiateSingletons(DefaultListableBeanFactory.java:758)
		at org.springframework.context.support.AbstractApplicationContext.finishBeanFactoryInitialization(AbstractApplicationContext.java:868)
		at org.springframework.context.support.AbstractApplicationContext.refresh(AbstractApplicationContext.java:549)
		at org.springframework.web.servlet.FrameworkServlet.configureAndRefreshWebApplicationContext(FrameworkServlet.java:676)
		at org.springframework.web.servlet.FrameworkServlet.initWebApplicationContext(FrameworkServlet.java:545)
		at org.springframework.web.servlet.FrameworkServlet.initServletBean(FrameworkServlet.java:499)
		at org.springframework.web.servlet.HttpServletBean.init(HttpServletBean.java:172)
		at javax.servlet.GenericServlet.init(GenericServlet.java:143)
		at org.apache.catalina.core.StandardWrapper.initServlet(StandardWrapper.java:989)
		at org.apache.catalina.core.StandardWrapper.load(StandardWrapper.java:846)
		at org.apache.catalina.core.StandardContext.loadOnStartup(StandardContext.java:4234)
		at org.apache.catalina.core.StandardContext.startInternal(StandardContext.java:4535)
		at org.apache.catalina.util.LifecycleBase.start(LifecycleBase.java:164)
		at org.apache.catalina.core.ContainerBase.addChildInternal(ContainerBase.java:599)
		at org.apache.catalina.core.ContainerBase.addChild(ContainerBase.java:571)
		at org.apache.catalina.core.StandardHost.addChild(StandardHost.java:604)
		at org.apache.catalina.startup.HostConfig.deployDescriptor(HostConfig.java:680)
		at org.apache.catalina.startup.HostConfig$DeployDescriptor.run(HostConfig.java:1839)
		at java.util.concurrent.Executors$RunnableAdapter.call(Executors.java:511)
		at java.util.concurrent.FutureTask.run(FutureTask.java:266)
		at org.apache.tomcat.util.threads.InlineExecutorService.execute(InlineExecutorService.java:82)
		at java.util.concurrent.AbstractExecutorService.submit(AbstractExecutorService.java:112)
		at org.apache.catalina.startup.HostConfig.deployDescriptors(HostConfig.java:575)
		at org.apache.catalina.startup.HostConfig.deployApps(HostConfig.java:466)
		at org.apache.catalina.startup.HostConfig.start(HostConfig.java:1579)
		at org.apache.catalina.startup.HostConfig.lifecycleEvent(HostConfig.java:312)
		at org.apache.catalina.util.LifecycleBase.fireLifecycleEvent(LifecycleBase.java:109)
		at org.apache.catalina.util.LifecycleBase.setStateInternal(LifecycleBase.java:389)
		at org.apache.catalina.util.LifecycleBase.setState(LifecycleBase.java:336)
		at org.apache.catalina.core.ContainerBase.startInternal(ContainerBase.java:776)
		at org.apache.catalina.core.StandardHost.startInternal(StandardHost.java:722)
		at org.apache.catalina.util.LifecycleBase.start(LifecycleBase.java:164)
		at org.apache.catalina.core.ContainerBase$StartChild.call(ContainerBase.java:1203)
		at org.apache.catalina.core.ContainerBase$StartChild.call(ContainerBase.java:1193)
		at java.util.concurrent.FutureTask.run(FutureTask.java:266)
		at org.apache.tomcat.util.threads.InlineExecutorService.execute(InlineExecutorService.java:82)
		at java.util.concurrent.AbstractExecutorService.submit(AbstractExecutorService.java:134)
		at org.apache.catalina.core.ContainerBase.startInternal(ContainerBase.java:749)
		at org.apache.catalina.core.StandardEngine.startInternal(StandardEngine.java:211)
		at org.apache.catalina.util.LifecycleBase.start(LifecycleBase.java:164)
		at org.apache.catalina.core.StandardService.startInternal(StandardService.java:412)
		at org.apache.catalina.util.LifecycleBase.start(LifecycleBase.java:164)
		at org.apache.catalina.core.StandardServer.startInternal(StandardServer.java:874)
		at org.apache.catalina.util.LifecycleBase.start(LifecycleBase.java:164)
		at org.apache.catalina.startup.Catalina.start(Catalina.java:739)
		at sun.reflect.NativeMethodAccessorImpl.invoke0(Native Method)
		at sun.reflect.NativeMethodAccessorImpl.invoke(NativeMethodAccessorImpl.java:62)
		at sun.reflect.DelegatingMethodAccessorImpl.invoke(DelegatingMethodAccessorImpl.java:43)
		at java.lang.reflect.Method.invoke(Method.java:498)
		at org.apache.catalina.startup.Bootstrap.start(Bootstrap.java:345)
		at org.apache.catalina.startup.Bootstrap.main(Bootstrap.java:476)
	Caused by: org.springframework.beans.factory.NoSuchBeanDefinitionException: No qualifying bean of type 'demoapp.Repository.UserRepository' available: expected at least 1 bean which qualifies as autowire candidate. Dependency annotations: {@org.springframework.beans.factory.annotation.Autowired(required=true)}
		at org.springframework.beans.factory.support.DefaultListableBeanFactory.raiseNoMatchingBeanFound(DefaultListableBeanFactory.java:1504)
		at org.springframework.beans.factory.support.DefaultListableBeanFactory.doResolveDependency(DefaultListableBeanFactory.java:1101)
		at org.springframework.beans.factory.support.DefaultListableBeanFactory.resolveDependency(DefaultListableBeanFactory.java:1062)
		at org.springframework.beans.factory.annotation.AutowiredAnnotationBeanPostProcessor$AutowiredFieldElement.inject(AutowiredAnnotationBeanPostProcessor.java:583)
		... 60 more
15-Dec-2025 22:11:45.257 SEVERE [main] org.apache.catalina.core.StandardContext.loadOnStartup Servlet [dispatcher] in web application [] threw load() exception
	org.springframework.beans.factory.NoSuchBeanDefinitionException: No qualifying bean of type 'demoapp.Repository.UserRepository' available: expected at least 1 bean which qualifies as autowire candidate. Dependency annotations: {@org.springframework.beans.factory.annotation.Autowired(required=true)}
		at org.springframework.beans.factory.support.DefaultListableBeanFactory.raiseNoMatchingBeanFound(DefaultListableBeanFactory.java:1504)
		at org.springframework.beans.factory.support.DefaultListableBeanFactory.doResolveDependency(DefaultListableBeanFactory.java:1101)
		at org.springframework.beans.factory.support.DefaultListableBeanFactory.resolveDependency(DefaultListableBeanFactory.java:1062)
		at org.springframework.beans.factory.annotation.AutowiredAnnotationBeanPostProcessor$AutowiredFieldElement.inject(AutowiredAnnotationBeanPostProcessor.java:583)
		at org.springframework.beans.factory.annotation.InjectionMetadata.inject(InjectionMetadata.java:91)
		at org.springframework.beans.factory.annotation.AutowiredAnnotationBeanPostProcessor.postProcessPropertyValues(AutowiredAnnotationBeanPostProcessor.java:372)
		at org.springframework.beans.factory.support.AbstractAutowireCapableBeanFactory.populateBean(AbstractAutowireCapableBeanFactory.java:1344)
		at org.springframework.beans.factory.support.AbstractAutowireCapableBeanFactory.doCreateBean(AbstractAutowireCapableBeanFactory.java:582)
		at org.springframework.beans.factory.support.AbstractAutowireCapableBeanFactory.createBean(AbstractAutowireCapableBeanFactory.java:502)
		at org.springframework.beans.factory.support.AbstractBeanFactory.lambda$doGetBean$0(AbstractBeanFactory.java:312)
		at org.springframework.beans.factory.support.DefaultSingletonBeanRegistry.getSingleton(DefaultSingletonBeanRegistry.java:228)
		at org.springframework.beans.factory.support.AbstractBeanFactory.doGetBean(AbstractBeanFactory.java:310)
		at org.springframework.beans.factory.support.AbstractBeanFactory.getBean(AbstractBeanFactory.java:200)
		at org.springframework.beans.factory.support.DefaultListableBeanFactory.preInstantiateSingletons(DefaultListableBeanFactory.java:758)
		at org.springframework.context.support.AbstractApplicationContext.finishBeanFactoryInitialization(AbstractApplicationContext.java:868)
		at org.springframework.context.support.AbstractApplicationContext.refresh(AbstractApplicationContext.java:549)
		at org.springframework.web.servlet.FrameworkServlet.configureAndRefreshWebApplicationContext(FrameworkServlet.java:676)
		at org.springframework.web.servlet.FrameworkServlet.initWebApplicationContext(FrameworkServlet.java:545)
		at org.springframework.web.servlet.FrameworkServlet.initServletBean(FrameworkServlet.java:499)
		at org.springframework.web.servlet.HttpServletBean.init(HttpServletBean.java:172)
		at javax.servlet.GenericServlet.init(GenericServlet.java:143)
		at org.apache.catalina.core.StandardWrapper.initServlet(StandardWrapper.java:989)
		at org.apache.catalina.core.StandardWrapper.load(StandardWrapper.java:846)
		at org.apache.catalina.core.StandardContext.loadOnStartup(StandardContext.java:4234)
		at org.apache.catalina.core.StandardContext.startInternal(StandardContext.java:4535)
		at org.apache.catalina.util.LifecycleBase.start(LifecycleBase.java:164)
		at org.apache.catalina.core.ContainerBase.addChildInternal(ContainerBase.java:599)
		at org.apache.catalina.core.ContainerBase.addChild(ContainerBase.java:571)
		at org.apache.catalina.core.StandardHost.addChild(StandardHost.java:604)
		at org.apache.catalina.startup.HostConfig.deployDescriptor(HostConfig.java:680)
		at org.apache.catalina.startup.HostConfig$DeployDescriptor.run(HostConfig.java:1839)
		at java.util.concurrent.Executors$RunnableAdapter.call(Executors.java:511)
		at java.util.concurrent.FutureTask.run(FutureTask.java:266)
		at org.apache.tomcat.util.threads.InlineExecutorService.execute(InlineExecutorService.java:82)
		at java.util.concurrent.AbstractExecutorService.submit(AbstractExecutorService.java:112)
		at org.apache.catalina.startup.HostConfig.deployDescriptors(HostConfig.java:575)
		at org.apache.catalina.startup.HostConfig.deployApps(HostConfig.java:466)
		at org.apache.catalina.startup.HostConfig.start(HostConfig.java:1579)
		at org.apache.catalina.startup.HostConfig.lifecycleEvent(HostConfig.java:312)
		at org.apache.catalina.util.LifecycleBase.fireLifecycleEvent(LifecycleBase.java:109)
		at org.apache.catalina.util.LifecycleBase.setStateInternal(LifecycleBase.java:389)
		at org.apache.catalina.util.LifecycleBase.setState(LifecycleBase.java:336)
		at org.apache.catalina.core.ContainerBase.startInternal(ContainerBase.java:776)
		at org.apache.catalina.core.StandardHost.startInternal(StandardHost.java:722)
		at org.apache.catalina.util.LifecycleBase.start(LifecycleBase.java:164)
		at org.apache.catalina.core.ContainerBase$StartChild.call(ContainerBase.java:1203)
		at org.apache.catalina.core.ContainerBase$StartChild.call(ContainerBase.java:1193)
		at java.util.concurrent.FutureTask.run(FutureTask.java:266)
		at org.apache.tomcat.util.threads.InlineExecutorService.execute(InlineExecutorService.java:82)
		at java.util.concurrent.AbstractExecutorService.submit(AbstractExecutorService.java:134)
		at org.apache.catalina.core.ContainerBase.startInternal(ContainerBase.java:749)
		at org.apache.catalina.core.StandardEngine.startInternal(StandardEngine.java:211)
		at org.apache.catalina.util.LifecycleBase.start(LifecycleBase.java:164)
		at org.apache.catalina.core.StandardService.startInternal(StandardService.java:412)
		at org.apache.catalina.util.LifecycleBase.start(LifecycleBase.java:164)
		at org.apache.catalina.core.StandardServer.startInternal(StandardServer.java:874)
		at org.apache.catalina.util.LifecycleBase.start(LifecycleBase.java:164)
		at org.apache.catalina.startup.Catalina.start(Catalina.java:739)
		at sun.reflect.NativeMethodAccessorImpl.invoke0(Native Method)
		at sun.reflect.NativeMethodAccessorImpl.invoke(NativeMethodAccessorImpl.java:62)
		at sun.reflect.DelegatingMethodAccessorImpl.invoke(DelegatingMethodAccessorImpl.java:43)
		at java.lang.reflect.Method.invoke(Method.java:498)
		at org.apache.catalina.startup.Bootstrap.start(Bootstrap.java:345)
		at org.apache.catalina.startup.Bootstrap.main(Bootstrap.java:476)
15-Dec-2025 22:11:50.290 INFO [http-nio-8080-exec-1] org.apache.catalina.core.ApplicationContext.log Initializing Spring FrameworkServlet 'dispatcher'
15-Dec-2025 22:11:50.603 SEVERE [http-nio-8080-exec-1] org.apache.catalina.core.ApplicationContext.log Servlet.init() for servlet [dispatcher] threw exception
	org.springframework.beans.factory.UnsatisfiedDependencyException: Error creating bean with name 'userService': Unsatisfied dependency expressed through field 'userRepository'; nested exception is org.springframework.beans.factory.NoSuchBeanDefinitionException: No qualifying bean of type 'demoapp.Repository.UserRepository' available: expected at least 1 bean which qualifies as autowire candidate. Dependency annotations: {@org.springframework.beans.factory.annotation.Autowired(required=true)}
		at org.springframework.beans.factory.annotation.AutowiredAnnotationBeanPostProcessor$AutowiredFieldElement.inject(AutowiredAnnotationBeanPostProcessor.java:586)
		at org.springframework.beans.factory.annotation.InjectionMetadata.inject(InjectionMetadata.java:91)
		at org.springframework.beans.factory.annotation.AutowiredAnnotationBeanPostProcessor.postProcessPropertyValues(AutowiredAnnotationBeanPostProcessor.java:372)
		at org.springframework.beans.factory.support.AbstractAutowireCapableBeanFactory.populateBean(AbstractAutowireCapableBeanFactory.java:1344)
		at org.springframework.beans.factory.support.AbstractAutowireCapableBeanFactory.doCreateBean(AbstractAutowireCapableBeanFactory.java:582)
		at org.springframework.beans.factory.support.AbstractAutowireCapableBeanFactory.createBean(AbstractAutowireCapableBeanFactory.java:502)
		at org.springframework.beans.factory.support.AbstractBeanFactory.lambda$doGetBean$0(AbstractBeanFactory.java:312)
		at org.springframework.beans.factory.support.DefaultSingletonBeanRegistry.getSingleton(DefaultSingletonBeanRegistry.java:228)
		at org.springframework.beans.factory.support.AbstractBeanFactory.doGetBean(AbstractBeanFactory.java:310)
		at org.springframework.beans.factory.support.AbstractBeanFactory.getBean(AbstractBeanFactory.java:200)
		at org.springframework.beans.factory.support.DefaultListableBeanFactory.preInstantiateSingletons(DefaultListableBeanFactory.java:758)
		at org.springframework.context.support.AbstractApplicationContext.finishBeanFactoryInitialization(AbstractApplicationContext.java:868)
		at org.springframework.context.support.AbstractApplicationContext.refresh(AbstractApplicationContext.java:549)
		at org.springframework.web.servlet.FrameworkServlet.configureAndRefreshWebApplicationContext(FrameworkServlet.java:676)
		at org.springframework.web.servlet.FrameworkServlet.initWebApplicationContext(FrameworkServlet.java:545)
		at org.springframework.web.servlet.FrameworkServlet.initServletBean(FrameworkServlet.java:499)
		at org.springframework.web.servlet.HttpServletBean.init(HttpServletBean.java:172)
		at javax.servlet.GenericServlet.init(GenericServlet.java:143)
		at org.apache.catalina.core.StandardWrapper.initServlet(StandardWrapper.java:989)
		at org.apache.catalina.core.StandardWrapper.allocate(StandardWrapper.java:680)
		at org.apache.catalina.core.StandardWrapperValve.invoke(StandardWrapperValve.java:116)
		at org.apache.catalina.core.StandardContextValve.invoke(StandardContextValve.java:90)
		at org.apache.catalina.authenticator.AuthenticatorBase.invoke(AuthenticatorBase.java:482)
		at org.apache.catalina.core.StandardHostValve.invoke(StandardHostValve.java:130)
		at org.apache.catalina.valves.ErrorReportValve.invoke(ErrorReportValve.java:93)
		at org.apache.catalina.valves.AbstractAccessLogValve.invoke(AbstractAccessLogValve.java:656)
		at org.apache.catalina.core.StandardEngineValve.invoke(StandardEngineValve.java:74)
		at org.apache.catalina.connector.CoyoteAdapter.service(CoyoteAdapter.java:346)
		at org.apache.coyote.http11.Http11Processor.service(Http11Processor.java:397)
		at org.apache.coyote.AbstractProcessorLight.process(AbstractProcessorLight.java:63)
		at org.apache.coyote.AbstractProtocol$ConnectionHandler.process(AbstractProtocol.java:935)
		at org.apache.tomcat.util.net.NioEndpoint$SocketProcessor.doRun(NioEndpoint.java:1833)
		at org.apache.tomcat.util.net.SocketProcessorBase.run(SocketProcessorBase.java:52)
		at org.apache.tomcat.util.threads.ThreadPoolExecutor.runWorker(ThreadPoolExecutor.java:975)
		at org.apache.tomcat.util.threads.ThreadPoolExecutor$Worker.run(ThreadPoolExecutor.java:493)
		at org.apache.tomcat.util.threads.TaskThread$WrappingRunnable.run(TaskThread.java:63)
		at java.lang.Thread.run(Thread.java:750)
	Caused by: org.springframework.beans.factory.NoSuchBeanDefinitionException: No qualifying bean of type 'demoapp.Repository.UserRepository' available: expected at least 1 bean which qualifies as autowire candidate. Dependency annotations: {@org.springframework.beans.factory.annotation.Autowired(required=true)}
		at org.springframework.beans.factory.support.DefaultListableBeanFactory.raiseNoMatchingBeanFound(DefaultListableBeanFactory.java:1504)
		at org.springframework.beans.factory.support.DefaultListableBeanFactory.doResolveDependency(DefaultListableBeanFactory.java:1101)
		at org.springframework.beans.factory.support.DefaultListableBeanFactory.resolveDependency(DefaultListableBeanFactory.java:1062)
		at org.springframework.beans.factory.annotation.AutowiredAnnotationBeanPostProcessor$AutowiredFieldElement.inject(AutowiredAnnotationBeanPostProcessor.java:583)
		... 36 more
15-Dec-2025 22:11:50.603 SEVERE [http-nio-8080-exec-1] org.apache.catalina.core.StandardWrapperValve.invoke Allocate exception for servlet [dispatcher]
	org.springframework.beans.factory.NoSuchBeanDefinitionException: No qualifying bean of type 'demoapp.Repository.UserRepository' available: expected at least 1 bean which qualifies as autowire candidate. Dependency annotations: {@org.springframework.beans.factory.annotation.Autowired(required=true)}
		at org.springframework.beans.factory.support.DefaultListableBeanFactory.raiseNoMatchingBeanFound(DefaultListableBeanFactory.java:1504)
		at org.springframework.beans.factory.support.DefaultListableBeanFactory.doResolveDependency(DefaultListableBeanFactory.java:1101)
		at org.springframework.beans.factory.support.DefaultListableBeanFactory.resolveDependency(DefaultListableBeanFactory.java:1062)
		at org.springframework.beans.factory.annotation.AutowiredAnnotationBeanPostProcessor$AutowiredFieldElement.inject(AutowiredAnnotationBeanPostProcessor.java:583)
		at org.springframework.beans.factory.annotation.InjectionMetadata.inject(InjectionMetadata.java:91)
		at org.springframework.beans.factory.annotation.AutowiredAnnotationBeanPostProcessor.postProcessPropertyValues(AutowiredAnnotationBeanPostProcessor.java:372)
		at org.springframework.beans.factory.support.AbstractAutowireCapableBeanFactory.populateBean(AbstractAutowireCapableBeanFactory.java:1344)
		at org.springframework.beans.factory.support.AbstractAutowireCapableBeanFactory.doCreateBean(AbstractAutowireCapableBeanFactory.java:582)
		at org.springframework.beans.factory.support.AbstractAutowireCapableBeanFactory.createBean(AbstractAutowireCapableBeanFactory.java:502)
		at org.springframework.beans.factory.support.AbstractBeanFactory.lambda$doGetBean$0(AbstractBeanFactory.java:312)
		at org.springframework.beans.factory.support.DefaultSingletonBeanRegistry.getSingleton(DefaultSingletonBeanRegistry.java:228)
		at org.springframework.beans.factory.support.AbstractBeanFactory.doGetBean(AbstractBeanFactory.java:310)
		at org.springframework.beans.factory.support.AbstractBeanFactory.getBean(AbstractBeanFactory.java:200)
		at org.springframework.beans.factory.support.DefaultListableBeanFactory.preInstantiateSingletons(DefaultListableBeanFactory.java:758)
		at org.springframework.context.support.AbstractApplicationContext.finishBeanFactoryInitialization(AbstractApplicationContext.java:868)
		at org.springframework.context.support.AbstractApplicationContext.refresh(AbstractApplicationContext.java:549)
		at org.springframework.web.servlet.FrameworkServlet.configureAndRefreshWebApplicationContext(FrameworkServlet.java:676)
		at org.springframework.web.servlet.FrameworkServlet.initWebApplicationContext(FrameworkServlet.java:545)
		at org.springframework.web.servlet.FrameworkServlet.initServletBean(FrameworkServlet.java:499)
		at org.springframework.web.servlet.HttpServletBean.init(HttpServletBean.java:172)
		at javax.servlet.GenericServlet.init(GenericServlet.java:143)
		at org.apache.catalina.core.StandardWrapper.initServlet(StandardWrapper.java:989)
		at org.apache.catalina.core.StandardWrapper.allocate(StandardWrapper.java:680)
		at org.apache.catalina.core.StandardWrapperValve.invoke(StandardWrapperValve.java:116)
		at org.apache.catalina.core.StandardContextValve.invoke(StandardContextValve.java:90)
		at org.apache.catalina.authenticator.AuthenticatorBase.invoke(AuthenticatorBase.java:482)
		at org.apache.catalina.core.StandardHostValve.invoke(StandardHostValve.java:130)
		at org.apache.catalina.valves.ErrorReportValve.invoke(ErrorReportValve.java:93)
		at org.apache.catalina.valves.AbstractAccessLogValve.invoke(AbstractAccessLogValve.java:656)
		at org.apache.catalina.core.StandardEngineValve.invoke(StandardEngineValve.java:74)
		at org.apache.catalina.connector.CoyoteAdapter.service(CoyoteAdapter.java:346)
		at org.apache.coyote.http11.Http11Processor.service(Http11Processor.java:397)
		at org.apache.coyote.AbstractProcessorLight.process(AbstractProcessorLight.java:63)
		at org.apache.coyote.AbstractProtocol$ConnectionHandler.process(AbstractProtocol.java:935)
		at org.apache.tomcat.util.net.NioEndpoint$SocketProcessor.doRun(NioEndpoint.java:1833)
		at org.apache.tomcat.util.net.SocketProcessorBase.run(SocketProcessorBase.java:52)
		at org.apache.tomcat.util.threads.ThreadPoolExecutor.runWorker(ThreadPoolExecutor.java:975)
		at org.apache.tomcat.util.threads.ThreadPoolExecutor$Worker.run(ThreadPoolExecutor.java:493)
		at org.apache.tomcat.util.threads.TaskThread$WrappingRunnable.run(TaskThread.java:63)
		at java.lang.Thread.run(Thread.java:750)
15-Dec-2025 23:02:23.614 INFO [main] org.apache.catalina.core.ApplicationContext.log 2 Spring WebApplicationInitializers detected on classpath
15-Dec-2025 23:02:24.276 INFO [main] org.apache.catalina.core.ApplicationContext.log Initializing Spring FrameworkServlet 'dispatcher'
15-Dec-2025 23:02:26.547 SEVERE [main] org.apache.catalina.core.ApplicationContext.log Servlet.init() for servlet [dispatcher] threw exception
	org.springframework.beans.factory.UnsatisfiedDependencyException: Error creating bean with name 'demoController': Unsatisfied dependency expressed through field 'userService'; nested exception is org.springframework.beans.factory.UnsatisfiedDependencyException: Error creating bean with name 'userService': Unsatisfied dependency expressed through field 'userRepository'; nested exception is org.springframework.beans.factory.NoSuchBeanDefinitionException: No qualifying bean of type 'demoapp.Repository.UserRepository' available: expected at least 1 bean which qualifies as autowire candidate. Dependency annotations: {@org.springframework.beans.factory.annotation.Autowired(required=true)}
		at org.springframework.beans.factory.annotation.AutowiredAnnotationBeanPostProcessor$AutowiredFieldElement.inject(AutowiredAnnotationBeanPostProcessor.java:586)
		at org.springframework.beans.factory.annotation.InjectionMetadata.inject(InjectionMetadata.java:91)
		at org.springframework.beans.factory.annotation.AutowiredAnnotationBeanPostProcessor.postProcessPropertyValues(AutowiredAnnotationBeanPostProcessor.java:372)
		at org.springframework.beans.factory.support.AbstractAutowireCapableBeanFactory.populateBean(AbstractAutowireCapableBeanFactory.java:1344)
		at org.springframework.beans.factory.support.AbstractAutowireCapableBeanFactory.doCreateBean(AbstractAutowireCapableBeanFactory.java:582)
		at org.springframework.beans.factory.support.AbstractAutowireCapableBeanFactory.createBean(AbstractAutowireCapableBeanFactory.java:502)
		at org.springframework.beans.factory.support.AbstractBeanFactory.lambda$doGetBean$0(AbstractBeanFactory.java:312)
		at org.springframework.beans.factory.support.DefaultSingletonBeanRegistry.getSingleton(DefaultSingletonBeanRegistry.java:228)
		at org.springframework.beans.factory.support.AbstractBeanFactory.doGetBean(AbstractBeanFactory.java:310)
		at org.springframework.beans.factory.support.AbstractBeanFactory.getBean(AbstractBeanFactory.java:200)
		at org.springframework.beans.factory.support.DefaultListableBeanFactory.preInstantiateSingletons(DefaultListableBeanFactory.java:758)
		at org.springframework.context.support.AbstractApplicationContext.finishBeanFactoryInitialization(AbstractApplicationContext.java:868)
		at org.springframework.context.support.AbstractApplicationContext.refresh(AbstractApplicationContext.java:549)
		at org.springframework.web.servlet.FrameworkServlet.configureAndRefreshWebApplicationContext(FrameworkServlet.java:676)
		at org.springframework.web.servlet.FrameworkServlet.initWebApplicationContext(FrameworkServlet.java:545)
		at org.springframework.web.servlet.FrameworkServlet.initServletBean(FrameworkServlet.java:499)
		at org.springframework.web.servlet.HttpServletBean.init(HttpServletBean.java:172)
		at javax.servlet.GenericServlet.init(GenericServlet.java:143)
		at org.apache.catalina.core.StandardWrapper.initServlet(StandardWrapper.java:989)
		at org.apache.catalina.core.StandardWrapper.load(StandardWrapper.java:846)
		at org.apache.catalina.core.StandardContext.loadOnStartup(StandardContext.java:4234)
		at org.apache.catalina.core.StandardContext.startInternal(StandardContext.java:4535)
		at org.apache.catalina.util.LifecycleBase.start(LifecycleBase.java:164)
		at org.apache.catalina.core.ContainerBase.addChildInternal(ContainerBase.java:599)
		at org.apache.catalina.core.ContainerBase.addChild(ContainerBase.java:571)
		at org.apache.catalina.core.StandardHost.addChild(StandardHost.java:604)
		at org.apache.catalina.startup.HostConfig.deployDescriptor(HostConfig.java:680)
		at org.apache.catalina.startup.HostConfig$DeployDescriptor.run(HostConfig.java:1839)
		at java.util.concurrent.Executors$RunnableAdapter.call(Executors.java:511)
		at java.util.concurrent.FutureTask.run(FutureTask.java:266)
		at org.apache.tomcat.util.threads.InlineExecutorService.execute(InlineExecutorService.java:82)
		at java.util.concurrent.AbstractExecutorService.submit(AbstractExecutorService.java:112)
		at org.apache.catalina.startup.HostConfig.deployDescriptors(HostConfig.java:575)
		at org.apache.catalina.startup.HostConfig.deployApps(HostConfig.java:466)
		at org.apache.catalina.startup.HostConfig.start(HostConfig.java:1579)
		at org.apache.catalina.startup.HostConfig.lifecycleEvent(HostConfig.java:312)
		at org.apache.catalina.util.LifecycleBase.fireLifecycleEvent(LifecycleBase.java:109)
		at org.apache.catalina.util.LifecycleBase.setStateInternal(LifecycleBase.java:389)
		at org.apache.catalina.util.LifecycleBase.setState(LifecycleBase.java:336)
		at org.apache.catalina.core.ContainerBase.startInternal(ContainerBase.java:776)
		at org.apache.catalina.core.StandardHost.startInternal(StandardHost.java:722)
		at org.apache.catalina.util.LifecycleBase.start(LifecycleBase.java:164)
		at org.apache.catalina.core.ContainerBase$StartChild.call(ContainerBase.java:1203)
		at org.apache.catalina.core.ContainerBase$StartChild.call(ContainerBase.java:1193)
		at java.util.concurrent.FutureTask.run(FutureTask.java:266)
		at org.apache.tomcat.util.threads.InlineExecutorService.execute(InlineExecutorService.java:82)
		at java.util.concurrent.AbstractExecutorService.submit(AbstractExecutorService.java:134)
		at org.apache.catalina.core.ContainerBase.startInternal(ContainerBase.java:749)
		at org.apache.catalina.core.StandardEngine.startInternal(StandardEngine.java:211)
		at org.apache.catalina.util.LifecycleBase.start(LifecycleBase.java:164)
		at org.apache.catalina.core.StandardService.startInternal(StandardService.java:412)
		at org.apache.catalina.util.LifecycleBase.start(LifecycleBase.java:164)
		at org.apache.catalina.core.StandardServer.startInternal(StandardServer.java:874)
		at org.apache.catalina.util.LifecycleBase.start(LifecycleBase.java:164)
		at org.apache.catalina.startup.Catalina.start(Catalina.java:739)
		at sun.reflect.NativeMethodAccessorImpl.invoke0(Native Method)
		at sun.reflect.NativeMethodAccessorImpl.invoke(NativeMethodAccessorImpl.java:62)
		at sun.reflect.DelegatingMethodAccessorImpl.invoke(DelegatingMethodAccessorImpl.java:43)
		at java.lang.reflect.Method.invoke(Method.java:498)
		at org.apache.catalina.startup.Bootstrap.start(Bootstrap.java:345)
		at org.apache.catalina.startup.Bootstrap.main(Bootstrap.java:476)
	Caused by: org.springframework.beans.factory.UnsatisfiedDependencyException: Error creating bean with name 'userService': Unsatisfied dependency expressed through field 'userRepository'; nested exception is org.springframework.beans.factory.NoSuchBeanDefinitionException: No qualifying bean of type 'demoapp.Repository.UserRepository' available: expected at least 1 bean which qualifies as autowire candidate. Dependency annotations: {@org.springframework.beans.factory.annotation.Autowired(required=true)}
		at org.springframework.beans.factory.annotation.AutowiredAnnotationBeanPostProcessor$AutowiredFieldElement.inject(AutowiredAnnotationBeanPostProcessor.java:586)
		at org.springframework.beans.factory.annotation.InjectionMetadata.inject(InjectionMetadata.java:91)
		at org.springframework.beans.factory.annotation.AutowiredAnnotationBeanPostProcessor.postProcessPropertyValues(AutowiredAnnotationBeanPostProcessor.java:372)
		at org.springframework.beans.factory.support.AbstractAutowireCapableBeanFactory.populateBean(AbstractAutowireCapableBeanFactory.java:1344)
		at org.springframework.beans.factory.support.AbstractAutowireCapableBeanFactory.doCreateBean(AbstractAutowireCapableBeanFactory.java:582)
		at org.springframework.beans.factory.support.AbstractAutowireCapableBeanFactory.createBean(AbstractAutowireCapableBeanFactory.java:502)
		at org.springframework.beans.factory.support.AbstractBeanFactory.lambda$doGetBean$0(AbstractBeanFactory.java:312)
		at org.springframework.beans.factory.support.DefaultSingletonBeanRegistry.getSingleton(DefaultSingletonBeanRegistry.java:228)
		at org.springframework.beans.factory.support.AbstractBeanFactory.doGetBean(AbstractBeanFactory.java:310)
		at org.springframework.beans.factory.support.AbstractBeanFactory.getBean(AbstractBeanFactory.java:200)
		at org.springframework.beans.factory.config.DependencyDescriptor.resolveCandidate(DependencyDescriptor.java:251)
		at org.springframework.beans.factory.support.DefaultListableBeanFactory.doResolveDependency(DefaultListableBeanFactory.java:1135)
		at org.springframework.beans.factory.support.DefaultListableBeanFactory.resolveDependency(DefaultListableBeanFactory.java:1062)
		at org.springframework.beans.factory.annotation.AutowiredAnnotationBeanPostProcessor$AutowiredFieldElement.inject(AutowiredAnnotationBeanPostProcessor.java:583)
		... 60 more
	Caused by: org.springframework.beans.factory.NoSuchBeanDefinitionException: No qualifying bean of type 'demoapp.Repository.UserRepository' available: expected at least 1 bean which qualifies as autowire candidate. Dependency annotations: {@org.springframework.beans.factory.annotation.Autowired(required=true)}
		at org.springframework.beans.factory.support.DefaultListableBeanFactory.raiseNoMatchingBeanFound(DefaultListableBeanFactory.java:1504)
		at org.springframework.beans.factory.support.DefaultListableBeanFactory.doResolveDependency(DefaultListableBeanFactory.java:1101)
		at org.springframework.beans.factory.support.DefaultListableBeanFactory.resolveDependency(DefaultListableBeanFactory.java:1062)
		at org.springframework.beans.factory.annotation.AutowiredAnnotationBeanPostProcessor$AutowiredFieldElement.inject(AutowiredAnnotationBeanPostProcessor.java:583)
		... 73 more
15-Dec-2025 23:02:26.547 SEVERE [main] org.apache.catalina.core.StandardContext.loadOnStartup Servlet [dispatcher] in web application [] threw load() exception
	org.springframework.beans.factory.NoSuchBeanDefinitionException: No qualifying bean of type 'demoapp.Repository.UserRepository' available: expected at least 1 bean which qualifies as autowire candidate. Dependency annotations: {@org.springframework.beans.factory.annotation.Autowired(required=true)}
		at org.springframework.beans.factory.support.DefaultListableBeanFactory.raiseNoMatchingBeanFound(DefaultListableBeanFactory.java:1504)
		at org.springframework.beans.factory.support.DefaultListableBeanFactory.doResolveDependency(DefaultListableBeanFactory.java:1101)
		at org.springframework.beans.factory.support.DefaultListableBeanFactory.resolveDependency(DefaultListableBeanFactory.java:1062)
		at org.springframework.beans.factory.annotation.AutowiredAnnotationBeanPostProcessor$AutowiredFieldElement.inject(AutowiredAnnotationBeanPostProcessor.java:583)
		at org.springframework.beans.factory.annotation.InjectionMetadata.inject(InjectionMetadata.java:91)
		at org.springframework.beans.factory.annotation.AutowiredAnnotationBeanPostProcessor.postProcessPropertyValues(AutowiredAnnotationBeanPostProcessor.java:372)
		at org.springframework.beans.factory.support.AbstractAutowireCapableBeanFactory.populateBean(AbstractAutowireCapableBeanFactory.java:1344)
		at org.springframework.beans.factory.support.AbstractAutowireCapableBeanFactory.doCreateBean(AbstractAutowireCapableBeanFactory.java:582)
		at org.springframework.beans.factory.support.AbstractAutowireCapableBeanFactory.createBean(AbstractAutowireCapableBeanFactory.java:502)
		at org.springframework.beans.factory.support.AbstractBeanFactory.lambda$doGetBean$0(AbstractBeanFactory.java:312)
		at org.springframework.beans.factory.support.DefaultSingletonBeanRegistry.getSingleton(DefaultSingletonBeanRegistry.java:228)
		at org.springframework.beans.factory.support.AbstractBeanFactory.doGetBean(AbstractBeanFactory.java:310)
		at org.springframework.beans.factory.support.AbstractBeanFactory.getBean(AbstractBeanFactory.java:200)
		at org.springframework.beans.factory.config.DependencyDescriptor.resolveCandidate(DependencyDescriptor.java:251)
		at org.springframework.beans.factory.support.DefaultListableBeanFactory.doResolveDependency(DefaultListableBeanFactory.java:1135)
		at org.springframework.beans.factory.support.DefaultListableBeanFactory.resolveDependency(DefaultListableBeanFactory.java:1062)
		at org.springframework.beans.factory.annotation.AutowiredAnnotationBeanPostProcessor$AutowiredFieldElement.inject(AutowiredAnnotationBeanPostProcessor.java:583)
		at org.springframework.beans.factory.annotation.InjectionMetadata.inject(InjectionMetadata.java:91)
		at org.springframework.beans.factory.annotation.AutowiredAnnotationBeanPostProcessor.postProcessPropertyValues(AutowiredAnnotationBeanPostProcessor.java:372)
		at org.springframework.beans.factory.support.AbstractAutowireCapableBeanFactory.populateBean(AbstractAutowireCapableBeanFactory.java:1344)
		at org.springframework.beans.factory.support.AbstractAutowireCapableBeanFactory.doCreateBean(AbstractAutowireCapableBeanFactory.java:582)
		at org.springframework.beans.factory.support.AbstractAutowireCapableBeanFactory.createBean(AbstractAutowireCapableBeanFactory.java:502)
		at org.springframework.beans.factory.support.AbstractBeanFactory.lambda$doGetBean$0(AbstractBeanFactory.java:312)
		at org.springframework.beans.factory.support.DefaultSingletonBeanRegistry.getSingleton(DefaultSingletonBeanRegistry.java:228)
		at org.springframework.beans.factory.support.AbstractBeanFactory.doGetBean(AbstractBeanFactory.java:310)
		at org.springframework.beans.factory.support.AbstractBeanFactory.getBean(AbstractBeanFactory.java:200)
		at org.springframework.beans.factory.support.DefaultListableBeanFactory.preInstantiateSingletons(DefaultListableBeanFactory.java:758)
		at org.springframework.context.support.AbstractApplicationContext.finishBeanFactoryInitialization(AbstractApplicationContext.java:868)
		at org.springframework.context.support.AbstractApplicationContext.refresh(AbstractApplicationContext.java:549)
		at org.springframework.web.servlet.FrameworkServlet.configureAndRefreshWebApplicationContext(FrameworkServlet.java:676)
		at org.springframework.web.servlet.FrameworkServlet.initWebApplicationContext(FrameworkServlet.java:545)
		at org.springframework.web.servlet.FrameworkServlet.initServletBean(FrameworkServlet.java:499)
		at org.springframework.web.servlet.HttpServletBean.init(HttpServletBean.java:172)
		at javax.servlet.GenericServlet.init(GenericServlet.java:143)
		at org.apache.catalina.core.StandardWrapper.initServlet(StandardWrapper.java:989)
		at org.apache.catalina.core.StandardWrapper.load(StandardWrapper.java:846)
		at org.apache.catalina.core.StandardContext.loadOnStartup(StandardContext.java:4234)
		at org.apache.catalina.core.StandardContext.startInternal(StandardContext.java:4535)
		at org.apache.catalina.util.LifecycleBase.start(LifecycleBase.java:164)
		at org.apache.catalina.core.ContainerBase.addChildInternal(ContainerBase.java:599)
		at org.apache.catalina.core.ContainerBase.addChild(ContainerBase.java:571)
		at org.apache.catalina.core.StandardHost.addChild(StandardHost.java:604)
		at org.apache.catalina.startup.HostConfig.deployDescriptor(HostConfig.java:680)
		at org.apache.catalina.startup.HostConfig$DeployDescriptor.run(HostConfig.java:1839)
		at java.util.concurrent.Executors$RunnableAdapter.call(Executors.java:511)
		at java.util.concurrent.FutureTask.run(FutureTask.java:266)
		at org.apache.tomcat.util.threads.InlineExecutorService.execute(InlineExecutorService.java:82)
		at java.util.concurrent.AbstractExecutorService.submit(AbstractExecutorService.java:112)
		at org.apache.catalina.startup.HostConfig.deployDescriptors(HostConfig.java:575)
		at org.apache.catalina.startup.HostConfig.deployApps(HostConfig.java:466)
		at org.apache.catalina.startup.HostConfig.start(HostConfig.java:1579)
		at org.apache.catalina.startup.HostConfig.lifecycleEvent(HostConfig.java:312)
		at org.apache.catalina.util.LifecycleBase.fireLifecycleEvent(LifecycleBase.java:109)
		at org.apache.catalina.util.LifecycleBase.setStateInternal(LifecycleBase.java:389)
		at org.apache.catalina.util.LifecycleBase.setState(LifecycleBase.java:336)
		at org.apache.catalina.core.ContainerBase.startInternal(ContainerBase.java:776)
		at org.apache.catalina.core.StandardHost.startInternal(StandardHost.java:722)
		at org.apache.catalina.util.LifecycleBase.start(LifecycleBase.java:164)
		at org.apache.catalina.core.ContainerBase$StartChild.call(ContainerBase.java:1203)
		at org.apache.catalina.core.ContainerBase$StartChild.call(ContainerBase.java:1193)
		at java.util.concurrent.FutureTask.run(FutureTask.java:266)
		at org.apache.tomcat.util.threads.InlineExecutorService.execute(InlineExecutorService.java:82)
		at java.util.concurrent.AbstractExecutorService.submit(AbstractExecutorService.java:134)
		at org.apache.catalina.core.ContainerBase.startInternal(ContainerBase.java:749)
		at org.apache.catalina.core.StandardEngine.startInternal(StandardEngine.java:211)
		at org.apache.catalina.util.LifecycleBase.start(LifecycleBase.java:164)
		at org.apache.catalina.core.StandardService.startInternal(StandardService.java:412)
		at org.apache.catalina.util.LifecycleBase.start(LifecycleBase.java:164)
		at org.apache.catalina.core.StandardServer.startInternal(StandardServer.java:874)
		at org.apache.catalina.util.LifecycleBase.start(LifecycleBase.java:164)
		at org.apache.catalina.startup.Catalina.start(Catalina.java:739)
		at sun.reflect.NativeMethodAccessorImpl.invoke0(Native Method)
		at sun.reflect.NativeMethodAccessorImpl.invoke(NativeMethodAccessorImpl.java:62)
		at sun.reflect.DelegatingMethodAccessorImpl.invoke(DelegatingMethodAccessorImpl.java:43)
		at java.lang.reflect.Method.invoke(Method.java:498)
		at org.apache.catalina.startup.Bootstrap.start(Bootstrap.java:345)
		at org.apache.catalina.startup.Bootstrap.main(Bootstrap.java:476)
15-Dec-2025 23:02:41.811 INFO [http-nio-8080-exec-2] org.apache.catalina.core.ApplicationContext.log Initializing Spring FrameworkServlet 'dispatcher'
15-Dec-2025 23:02:42.108 SEVERE [http-nio-8080-exec-2] org.apache.catalina.core.ApplicationContext.log Servlet.init() for servlet [dispatcher] threw exception
	org.springframework.beans.factory.UnsatisfiedDependencyException: Error creating bean with name 'demoController': Unsatisfied dependency expressed through field 'userService'; nested exception is org.springframework.beans.factory.UnsatisfiedDependencyException: Error creating bean with name 'userService': Unsatisfied dependency expressed through field 'userRepository'; nested exception is org.springframework.beans.factory.NoSuchBeanDefinitionException: No qualifying bean of type 'demoapp.Repository.UserRepository' available: expected at least 1 bean which qualifies as autowire candidate. Dependency annotations: {@org.springframework.beans.factory.annotation.Autowired(required=true)}
		at org.springframework.beans.factory.annotation.AutowiredAnnotationBeanPostProcessor$AutowiredFieldElement.inject(AutowiredAnnotationBeanPostProcessor.java:586)
		at org.springframework.beans.factory.annotation.InjectionMetadata.inject(InjectionMetadata.java:91)
		at org.springframework.beans.factory.annotation.AutowiredAnnotationBeanPostProcessor.postProcessPropertyValues(AutowiredAnnotationBeanPostProcessor.java:372)
		at org.springframework.beans.factory.support.AbstractAutowireCapableBeanFactory.populateBean(AbstractAutowireCapableBeanFactory.java:1344)
		at org.springframework.beans.factory.support.AbstractAutowireCapableBeanFactory.doCreateBean(AbstractAutowireCapableBeanFactory.java:582)
		at org.springframework.beans.factory.support.AbstractAutowireCapableBeanFactory.createBean(AbstractAutowireCapableBeanFactory.java:502)
		at org.springframework.beans.factory.support.AbstractBeanFactory.lambda$doGetBean$0(AbstractBeanFactory.java:312)
		at org.springframework.beans.factory.support.DefaultSingletonBeanRegistry.getSingleton(DefaultSingletonBeanRegistry.java:228)
		at org.springframework.beans.factory.support.AbstractBeanFactory.doGetBean(AbstractBeanFactory.java:310)
		at org.springframework.beans.factory.support.AbstractBeanFactory.getBean(AbstractBeanFactory.java:200)
		at org.springframework.beans.factory.support.DefaultListableBeanFactory.preInstantiateSingletons(DefaultListableBeanFactory.java:758)
		at org.springframework.context.support.AbstractApplicationContext.finishBeanFactoryInitialization(AbstractApplicationContext.java:868)
		at org.springframework.context.support.AbstractApplicationContext.refresh(AbstractApplicationContext.java:549)
		at org.springframework.web.servlet.FrameworkServlet.configureAndRefreshWebApplicationContext(FrameworkServlet.java:676)
		at org.springframework.web.servlet.FrameworkServlet.initWebApplicationContext(FrameworkServlet.java:545)
		at org.springframework.web.servlet.FrameworkServlet.initServletBean(FrameworkServlet.java:499)
		at org.springframework.web.servlet.HttpServletBean.init(HttpServletBean.java:172)
		at javax.servlet.GenericServlet.init(GenericServlet.java:143)
		at org.apache.catalina.core.StandardWrapper.initServlet(StandardWrapper.java:989)
		at org.apache.catalina.core.StandardWrapper.allocate(StandardWrapper.java:680)
		at org.apache.catalina.core.StandardWrapperValve.invoke(StandardWrapperValve.java:116)
		at org.apache.catalina.core.StandardContextValve.invoke(StandardContextValve.java:90)
		at org.apache.catalina.authenticator.AuthenticatorBase.invoke(AuthenticatorBase.java:482)
		at org.apache.catalina.core.StandardHostValve.invoke(StandardHostValve.java:130)
		at org.apache.catalina.valves.ErrorReportValve.invoke(ErrorReportValve.java:93)
		at org.apache.catalina.valves.AbstractAccessLogValve.invoke(AbstractAccessLogValve.java:656)
		at org.apache.catalina.core.StandardEngineValve.invoke(StandardEngineValve.java:74)
		at org.apache.catalina.connector.CoyoteAdapter.service(CoyoteAdapter.java:346)
		at org.apache.coyote.http11.Http11Processor.service(Http11Processor.java:397)
		at org.apache.coyote.AbstractProcessorLight.process(AbstractProcessorLight.java:63)
		at org.apache.coyote.AbstractProtocol$ConnectionHandler.process(AbstractProtocol.java:935)
		at org.apache.tomcat.util.net.NioEndpoint$SocketProcessor.doRun(NioEndpoint.java:1833)
		at org.apache.tomcat.util.net.SocketProcessorBase.run(SocketProcessorBase.java:52)
		at org.apache.tomcat.util.threads.ThreadPoolExecutor.runWorker(ThreadPoolExecutor.java:975)
		at org.apache.tomcat.util.threads.ThreadPoolExecutor$Worker.run(ThreadPoolExecutor.java:493)
		at org.apache.tomcat.util.threads.TaskThread$WrappingRunnable.run(TaskThread.java:63)
		at java.lang.Thread.run(Thread.java:750)
	Caused by: org.springframework.beans.factory.UnsatisfiedDependencyException: Error creating bean with name 'userService': Unsatisfied dependency expressed through field 'userRepository'; nested exception is org.springframework.beans.factory.NoSuchBeanDefinitionException: No qualifying bean of type 'demoapp.Repository.UserRepository' available: expected at least 1 bean which qualifies as autowire candidate. Dependency annotations: {@org.springframework.beans.factory.annotation.Autowired(required=true)}
		at org.springframework.beans.factory.annotation.AutowiredAnnotationBeanPostProcessor$AutowiredFieldElement.inject(AutowiredAnnotationBeanPostProcessor.java:586)
		at org.springframework.beans.factory.annotation.InjectionMetadata.inject(InjectionMetadata.java:91)
		at org.springframework.beans.factory.annotation.AutowiredAnnotationBeanPostProcessor.postProcessPropertyValues(AutowiredAnnotationBeanPostProcessor.java:372)
		at org.springframework.beans.factory.support.AbstractAutowireCapableBeanFactory.populateBean(AbstractAutowireCapableBeanFactory.java:1344)
		at org.springframework.beans.factory.support.AbstractAutowireCapableBeanFactory.doCreateBean(AbstractAutowireCapableBeanFactory.java:582)
		at org.springframework.beans.factory.support.AbstractAutowireCapableBeanFactory.createBean(AbstractAutowireCapableBeanFactory.java:502)
		at org.springframework.beans.factory.support.AbstractBeanFactory.lambda$doGetBean$0(AbstractBeanFactory.java:312)
		at org.springframework.beans.factory.support.DefaultSingletonBeanRegistry.getSingleton(DefaultSingletonBeanRegistry.java:228)
		at org.springframework.beans.factory.support.AbstractBeanFactory.doGetBean(AbstractBeanFactory.java:310)
		at org.springframework.beans.factory.support.AbstractBeanFactory.getBean(AbstractBeanFactory.java:200)
		at org.springframework.beans.factory.config.DependencyDescriptor.resolveCandidate(DependencyDescriptor.java:251)
		at org.springframework.beans.factory.support.DefaultListableBeanFactory.doResolveDependency(DefaultListableBeanFactory.java:1135)
		at org.springframework.beans.factory.support.DefaultListableBeanFactory.resolveDependency(DefaultListableBeanFactory.java:1062)
		at org.springframework.beans.factory.annotation.AutowiredAnnotationBeanPostProcessor$AutowiredFieldElement.inject(AutowiredAnnotationBeanPostProcessor.java:583)
		... 36 more
	Caused by: org.springframework.beans.factory.NoSuchBeanDefinitionException: No qualifying bean of type 'demoapp.Repository.UserRepository' available: expected at least 1 bean which qualifies as autowire candidate. Dependency annotations: {@org.springframework.beans.factory.annotation.Autowired(required=true)}
		at org.springframework.beans.factory.support.DefaultListableBeanFactory.raiseNoMatchingBeanFound(DefaultListableBeanFactory.java:1504)
		at org.springframework.beans.factory.support.DefaultListableBeanFactory.doResolveDependency(DefaultListableBeanFactory.java:1101)
		at org.springframework.beans.factory.support.DefaultListableBeanFactory.resolveDependency(DefaultListableBeanFactory.java:1062)
		at org.springframework.beans.factory.annotation.AutowiredAnnotationBeanPostProcessor$AutowiredFieldElement.inject(AutowiredAnnotationBeanPostProcessor.java:583)
		... 49 more
15-Dec-2025 23:02:42.109 SEVERE [http-nio-8080-exec-2] org.apache.catalina.core.StandardWrapperValve.invoke Allocate exception for servlet [dispatcher]
	org.springframework.beans.factory.NoSuchBeanDefinitionException: No qualifying bean of type 'demoapp.Repository.UserRepository' available: expected at least 1 bean which qualifies as autowire candidate. Dependency annotations: {@org.springframework.beans.factory.annotation.Autowired(required=true)}
		at org.springframework.beans.factory.support.DefaultListableBeanFactory.raiseNoMatchingBeanFound(DefaultListableBeanFactory.java:1504)
		at org.springframework.beans.factory.support.DefaultListableBeanFactory.doResolveDependency(DefaultListableBeanFactory.java:1101)
		at org.springframework.beans.factory.support.DefaultListableBeanFactory.resolveDependency(DefaultListableBeanFactory.java:1062)
		at org.springframework.beans.factory.annotation.AutowiredAnnotationBeanPostProcessor$AutowiredFieldElement.inject(AutowiredAnnotationBeanPostProcessor.java:583)
		at org.springframework.beans.factory.annotation.InjectionMetadata.inject(InjectionMetadata.java:91)
		at org.springframework.beans.factory.annotation.AutowiredAnnotationBeanPostProcessor.postProcessPropertyValues(AutowiredAnnotationBeanPostProcessor.java:372)
		at org.springframework.beans.factory.support.AbstractAutowireCapableBeanFactory.populateBean(AbstractAutowireCapableBeanFactory.java:1344)
		at org.springframework.beans.factory.support.AbstractAutowireCapableBeanFactory.doCreateBean(AbstractAutowireCapableBeanFactory.java:582)
		at org.springframework.beans.factory.support.AbstractAutowireCapableBeanFactory.createBean(AbstractAutowireCapableBeanFactory.java:502)
		at org.springframework.beans.factory.support.AbstractBeanFactory.lambda$doGetBean$0(AbstractBeanFactory.java:312)
		at org.springframework.beans.factory.support.DefaultSingletonBeanRegistry.getSingleton(DefaultSingletonBeanRegistry.java:228)
		at org.springframework.beans.factory.support.AbstractBeanFactory.doGetBean(AbstractBeanFactory.java:310)
		at org.springframework.beans.factory.support.AbstractBeanFactory.getBean(AbstractBeanFactory.java:200)
		at org.springframework.beans.factory.config.DependencyDescriptor.resolveCandidate(DependencyDescriptor.java:251)
		at org.springframework.beans.factory.support.DefaultListableBeanFactory.doResolveDependency(DefaultListableBeanFactory.java:1135)
		at org.springframework.beans.factory.support.DefaultListableBeanFactory.resolveDependency(DefaultListableBeanFactory.java:1062)
		at org.springframework.beans.factory.annotation.AutowiredAnnotationBeanPostProcessor$AutowiredFieldElement.inject(AutowiredAnnotationBeanPostProcessor.java:583)
		at org.springframework.beans.factory.annotation.InjectionMetadata.inject(InjectionMetadata.java:91)
		at org.springframework.beans.factory.annotation.AutowiredAnnotationBeanPostProcessor.postProcessPropertyValues(AutowiredAnnotationBeanPostProcessor.java:372)
		at org.springframework.beans.factory.support.AbstractAutowireCapableBeanFactory.populateBean(AbstractAutowireCapableBeanFactory.java:1344)
		at org.springframework.beans.factory.support.AbstractAutowireCapableBeanFactory.doCreateBean(AbstractAutowireCapableBeanFactory.java:582)
		at org.springframework.beans.factory.support.AbstractAutowireCapableBeanFactory.createBean(AbstractAutowireCapableBeanFactory.java:502)
		at org.springframework.beans.factory.support.AbstractBeanFactory.lambda$doGetBean$0(AbstractBeanFactory.java:312)
		at org.springframework.beans.factory.support.DefaultSingletonBeanRegistry.getSingleton(DefaultSingletonBeanRegistry.java:228)
		at org.springframework.beans.factory.support.AbstractBeanFactory.doGetBean(AbstractBeanFactory.java:310)
		at org.springframework.beans.factory.support.AbstractBeanFactory.getBean(AbstractBeanFactory.java:200)
		at org.springframework.beans.factory.support.DefaultListableBeanFactory.preInstantiateSingletons(DefaultListableBeanFactory.java:758)
		at org.springframework.context.support.AbstractApplicationContext.finishBeanFactoryInitialization(AbstractApplicationContext.java:868)
		at org.springframework.context.support.AbstractApplicationContext.refresh(AbstractApplicationContext.java:549)
		at org.springframework.web.servlet.FrameworkServlet.configureAndRefreshWebApplicationContext(FrameworkServlet.java:676)
		at org.springframework.web.servlet.FrameworkServlet.initWebApplicationContext(FrameworkServlet.java:545)
		at org.springframework.web.servlet.FrameworkServlet.initServletBean(FrameworkServlet.java:499)
		at org.springframework.web.servlet.HttpServletBean.init(HttpServletBean.java:172)
		at javax.servlet.GenericServlet.init(GenericServlet.java:143)
		at org.apache.catalina.core.StandardWrapper.initServlet(StandardWrapper.java:989)
		at org.apache.catalina.core.StandardWrapper.allocate(StandardWrapper.java:680)
		at org.apache.catalina.core.StandardWrapperValve.invoke(StandardWrapperValve.java:116)
		at org.apache.catalina.core.StandardContextValve.invoke(StandardContextValve.java:90)
		at org.apache.catalina.authenticator.AuthenticatorBase.invoke(AuthenticatorBase.java:482)
		at org.apache.catalina.core.StandardHostValve.invoke(StandardHostValve.java:130)
		at org.apache.catalina.valves.ErrorReportValve.invoke(ErrorReportValve.java:93)
		at org.apache.catalina.valves.AbstractAccessLogValve.invoke(AbstractAccessLogValve.java:656)
		at org.apache.catalina.core.StandardEngineValve.invoke(StandardEngineValve.java:74)
		at org.apache.catalina.connector.CoyoteAdapter.service(CoyoteAdapter.java:346)
		at org.apache.coyote.http11.Http11Processor.service(Http11Processor.java:397)
		at org.apache.coyote.AbstractProcessorLight.process(AbstractProcessorLight.java:63)
		at org.apache.coyote.AbstractProtocol$ConnectionHandler.process(AbstractProtocol.java:935)
		at org.apache.tomcat.util.net.NioEndpoint$SocketProcessor.doRun(NioEndpoint.java:1833)
		at org.apache.tomcat.util.net.SocketProcessorBase.run(SocketProcessorBase.java:52)
		at org.apache.tomcat.util.threads.ThreadPoolExecutor.runWorker(ThreadPoolExecutor.java:975)
		at org.apache.tomcat.util.threads.ThreadPoolExecutor$Worker.run(ThreadPoolExecutor.java:493)
		at org.apache.tomcat.util.threads.TaskThread$WrappingRunnable.run(TaskThread.java:63)
		at java.lang.Thread.run(Thread.java:750)
15-Dec-2025 23:03:01.000 INFO [http-nio-8080-exec-3] org.apache.catalina.core.ApplicationContext.log Initializing Spring FrameworkServlet 'dispatcher'
15-Dec-2025 23:03:01.289 SEVERE [http-nio-8080-exec-3] org.apache.catalina.core.ApplicationContext.log Servlet.init() for servlet [dispatcher] threw exception
	org.springframework.beans.factory.UnsatisfiedDependencyException: Error creating bean with name 'demoController': Unsatisfied dependency expressed through field 'userService'; nested exception is org.springframework.beans.factory.UnsatisfiedDependencyException: Error creating bean with name 'userService': Unsatisfied dependency expressed through field 'userRepository'; nested exception is org.springframework.beans.factory.NoSuchBeanDefinitionException: No qualifying bean of type 'demoapp.Repository.UserRepository' available: expected at least 1 bean which qualifies as autowire candidate. Dependency annotations: {@org.springframework.beans.factory.annotation.Autowired(required=true)}
		at org.springframework.beans.factory.annotation.AutowiredAnnotationBeanPostProcessor$AutowiredFieldElement.inject(AutowiredAnnotationBeanPostProcessor.java:586)
		at org.springframework.beans.factory.annotation.InjectionMetadata.inject(InjectionMetadata.java:91)
		at org.springframework.beans.factory.annotation.AutowiredAnnotationBeanPostProcessor.postProcessPropertyValues(AutowiredAnnotationBeanPostProcessor.java:372)
		at org.springframework.beans.factory.support.AbstractAutowireCapableBeanFactory.populateBean(AbstractAutowireCapableBeanFactory.java:1344)
		at org.springframework.beans.factory.support.AbstractAutowireCapableBeanFactory.doCreateBean(AbstractAutowireCapableBeanFactory.java:582)
		at org.springframework.beans.factory.support.AbstractAutowireCapableBeanFactory.createBean(AbstractAutowireCapableBeanFactory.java:502)
		at org.springframework.beans.factory.support.AbstractBeanFactory.lambda$doGetBean$0(AbstractBeanFactory.java:312)
		at org.springframework.beans.factory.support.DefaultSingletonBeanRegistry.getSingleton(DefaultSingletonBeanRegistry.java:228)
		at org.springframework.beans.factory.support.AbstractBeanFactory.doGetBean(AbstractBeanFactory.java:310)
		at org.springframework.beans.factory.support.AbstractBeanFactory.getBean(AbstractBeanFactory.java:200)
		at org.springframework.beans.factory.support.DefaultListableBeanFactory.preInstantiateSingletons(DefaultListableBeanFactory.java:758)
		at org.springframework.context.support.AbstractApplicationContext.finishBeanFactoryInitialization(AbstractApplicationContext.java:868)
		at org.springframework.context.support.AbstractApplicationContext.refresh(AbstractApplicationContext.java:549)
		at org.springframework.web.servlet.FrameworkServlet.configureAndRefreshWebApplicationContext(FrameworkServlet.java:676)
		at org.springframework.web.servlet.FrameworkServlet.initWebApplicationContext(FrameworkServlet.java:545)
		at org.springframework.web.servlet.FrameworkServlet.initServletBean(FrameworkServlet.java:499)
		at org.springframework.web.servlet.HttpServletBean.init(HttpServletBean.java:172)
		at javax.servlet.GenericServlet.init(GenericServlet.java:143)
		at org.apache.catalina.core.StandardWrapper.initServlet(StandardWrapper.java:989)
		at org.apache.catalina.core.StandardWrapper.allocate(StandardWrapper.java:680)
		at org.apache.catalina.core.StandardWrapperValve.invoke(StandardWrapperValve.java:116)
		at org.apache.catalina.core.StandardContextValve.invoke(StandardContextValve.java:90)
		at org.apache.catalina.authenticator.AuthenticatorBase.invoke(AuthenticatorBase.java:482)
		at org.apache.catalina.core.StandardHostValve.invoke(StandardHostValve.java:130)
		at org.apache.catalina.valves.ErrorReportValve.invoke(ErrorReportValve.java:93)
		at org.apache.catalina.valves.AbstractAccessLogValve.invoke(AbstractAccessLogValve.java:656)
		at org.apache.catalina.core.StandardEngineValve.invoke(StandardEngineValve.java:74)
		at org.apache.catalina.connector.CoyoteAdapter.service(CoyoteAdapter.java:346)
		at org.apache.coyote.http11.Http11Processor.service(Http11Processor.java:397)
		at org.apache.coyote.AbstractProcessorLight.process(AbstractProcessorLight.java:63)
		at org.apache.coyote.AbstractProtocol$ConnectionHandler.process(AbstractProtocol.java:935)
		at org.apache.tomcat.util.net.NioEndpoint$SocketProcessor.doRun(NioEndpoint.java:1833)
		at org.apache.tomcat.util.net.SocketProcessorBase.run(SocketProcessorBase.java:52)
		at org.apache.tomcat.util.threads.ThreadPoolExecutor.runWorker(ThreadPoolExecutor.java:975)
		at org.apache.tomcat.util.threads.ThreadPoolExecutor$Worker.run(ThreadPoolExecutor.java:493)
		at org.apache.tomcat.util.threads.TaskThread$WrappingRunnable.run(TaskThread.java:63)
		at java.lang.Thread.run(Thread.java:750)
	Caused by: org.springframework.beans.factory.UnsatisfiedDependencyException: Error creating bean with name 'userService': Unsatisfied dependency expressed through field 'userRepository'; nested exception is org.springframework.beans.factory.NoSuchBeanDefinitionException: No qualifying bean of type 'demoapp.Repository.UserRepository' available: expected at least 1 bean which qualifies as autowire candidate. Dependency annotations: {@org.springframework.beans.factory.annotation.Autowired(required=true)}
		at org.springframework.beans.factory.annotation.AutowiredAnnotationBeanPostProcessor$AutowiredFieldElement.inject(AutowiredAnnotationBeanPostProcessor.java:586)
		at org.springframework.beans.factory.annotation.InjectionMetadata.inject(InjectionMetadata.java:91)
		at org.springframework.beans.factory.annotation.AutowiredAnnotationBeanPostProcessor.postProcessPropertyValues(AutowiredAnnotationBeanPostProcessor.java:372)
		at org.springframework.beans.factory.support.AbstractAutowireCapableBeanFactory.populateBean(AbstractAutowireCapableBeanFactory.java:1344)
		at org.springframework.beans.factory.support.AbstractAutowireCapableBeanFactory.doCreateBean(AbstractAutowireCapableBeanFactory.java:582)
		at org.springframework.beans.factory.support.AbstractAutowireCapableBeanFactory.createBean(AbstractAutowireCapableBeanFactory.java:502)
		at org.springframework.beans.factory.support.AbstractBeanFactory.lambda$doGetBean$0(AbstractBeanFactory.java:312)
		at org.springframework.beans.factory.support.DefaultSingletonBeanRegistry.getSingleton(DefaultSingletonBeanRegistry.java:228)
		at org.springframework.beans.factory.support.AbstractBeanFactory.doGetBean(AbstractBeanFactory.java:310)
		at org.springframework.beans.factory.support.AbstractBeanFactory.getBean(AbstractBeanFactory.java:200)
		at org.springframework.beans.factory.config.DependencyDescriptor.resolveCandidate(DependencyDescriptor.java:251)
		at org.springframework.beans.factory.support.DefaultListableBeanFactory.doResolveDependency(DefaultListableBeanFactory.java:1135)
		at org.springframework.beans.factory.support.DefaultListableBeanFactory.resolveDependency(DefaultListableBeanFactory.java:1062)
		at org.springframework.beans.factory.annotation.AutowiredAnnotationBeanPostProcessor$AutowiredFieldElement.inject(AutowiredAnnotationBeanPostProcessor.java:583)
		... 36 more
	Caused by: org.springframework.beans.factory.NoSuchBeanDefinitionException: No qualifying bean of type 'demoapp.Repository.UserRepository' available: expected at least 1 bean which qualifies as autowire candidate. Dependency annotations: {@org.springframework.beans.factory.annotation.Autowired(required=true)}
		at org.springframework.beans.factory.support.DefaultListableBeanFactory.raiseNoMatchingBeanFound(DefaultListableBeanFactory.java:1504)
		at org.springframework.beans.factory.support.DefaultListableBeanFactory.doResolveDependency(DefaultListableBeanFactory.java:1101)
		at org.springframework.beans.factory.support.DefaultListableBeanFactory.resolveDependency(DefaultListableBeanFactory.java:1062)
		at org.springframework.beans.factory.annotation.AutowiredAnnotationBeanPostProcessor$AutowiredFieldElement.inject(AutowiredAnnotationBeanPostProcessor.java:583)
		... 49 more
15-Dec-2025 23:03:01.291 SEVERE [http-nio-8080-exec-3] org.apache.catalina.core.StandardWrapperValve.invoke Allocate exception for servlet [dispatcher]
	org.springframework.beans.factory.NoSuchBeanDefinitionException: No qualifying bean of type 'demoapp.Repository.UserRepository' available: expected at least 1 bean which qualifies as autowire candidate. Dependency annotations: {@org.springframework.beans.factory.annotation.Autowired(required=true)}
		at org.springframework.beans.factory.support.DefaultListableBeanFactory.raiseNoMatchingBeanFound(DefaultListableBeanFactory.java:1504)
		at org.springframework.beans.factory.support.DefaultListableBeanFactory.doResolveDependency(DefaultListableBeanFactory.java:1101)
		at org.springframework.beans.factory.support.DefaultListableBeanFactory.resolveDependency(DefaultListableBeanFactory.java:1062)
		at org.springframework.beans.factory.annotation.AutowiredAnnotationBeanPostProcessor$AutowiredFieldElement.inject(AutowiredAnnotationBeanPostProcessor.java:583)
		at org.springframework.beans.factory.annotation.InjectionMetadata.inject(InjectionMetadata.java:91)
		at org.springframework.beans.factory.annotation.AutowiredAnnotationBeanPostProcessor.postProcessPropertyValues(AutowiredAnnotationBeanPostProcessor.java:372)
		at org.springframework.beans.factory.support.AbstractAutowireCapableBeanFactory.populateBean(AbstractAutowireCapableBeanFactory.java:1344)
		at org.springframework.beans.factory.support.AbstractAutowireCapableBeanFactory.doCreateBean(AbstractAutowireCapableBeanFactory.java:582)
		at org.springframework.beans.factory.support.AbstractAutowireCapableBeanFactory.createBean(AbstractAutowireCapableBeanFactory.java:502)
		at org.springframework.beans.factory.support.AbstractBeanFactory.lambda$doGetBean$0(AbstractBeanFactory.java:312)
		at org.springframework.beans.factory.support.DefaultSingletonBeanRegistry.getSingleton(DefaultSingletonBeanRegistry.java:228)
		at org.springframework.beans.factory.support.AbstractBeanFactory.doGetBean(AbstractBeanFactory.java:310)
		at org.springframework.beans.factory.support.AbstractBeanFactory.getBean(AbstractBeanFactory.java:200)
		at org.springframework.beans.factory.config.DependencyDescriptor.resolveCandidate(DependencyDescriptor.java:251)
		at org.springframework.beans.factory.support.DefaultListableBeanFactory.doResolveDependency(DefaultListableBeanFactory.java:1135)
		at org.springframework.beans.factory.support.DefaultListableBeanFactory.resolveDependency(DefaultListableBeanFactory.java:1062)
		at org.springframework.beans.factory.annotation.AutowiredAnnotationBeanPostProcessor$AutowiredFieldElement.inject(AutowiredAnnotationBeanPostProcessor.java:583)
		at org.springframework.beans.factory.annotation.InjectionMetadata.inject(InjectionMetadata.java:91)
		at org.springframework.beans.factory.annotation.AutowiredAnnotationBeanPostProcessor.postProcessPropertyValues(AutowiredAnnotationBeanPostProcessor.java:372)
		at org.springframework.beans.factory.support.AbstractAutowireCapableBeanFactory.populateBean(AbstractAutowireCapableBeanFactory.java:1344)
		at org.springframework.beans.factory.support.AbstractAutowireCapableBeanFactory.doCreateBean(AbstractAutowireCapableBeanFactory.java:582)
		at org.springframework.beans.factory.support.AbstractAutowireCapableBeanFactory.createBean(AbstractAutowireCapableBeanFactory.java:502)
		at org.springframework.beans.factory.support.AbstractBeanFactory.lambda$doGetBean$0(AbstractBeanFactory.java:312)
		at org.springframework.beans.factory.support.DefaultSingletonBeanRegistry.getSingleton(DefaultSingletonBeanRegistry.java:228)
		at org.springframework.beans.factory.support.AbstractBeanFactory.doGetBean(AbstractBeanFactory.java:310)
		at org.springframework.beans.factory.support.AbstractBeanFactory.getBean(AbstractBeanFactory.java:200)
		at org.springframework.beans.factory.support.DefaultListableBeanFactory.preInstantiateSingletons(DefaultListableBeanFactory.java:758)
		at org.springframework.context.support.AbstractApplicationContext.finishBeanFactoryInitialization(AbstractApplicationContext.java:868)
		at org.springframework.context.support.AbstractApplicationContext.refresh(AbstractApplicationContext.java:549)
		at org.springframework.web.servlet.FrameworkServlet.configureAndRefreshWebApplicationContext(FrameworkServlet.java:676)
		at org.springframework.web.servlet.FrameworkServlet.initWebApplicationContext(FrameworkServlet.java:545)
		at org.springframework.web.servlet.FrameworkServlet.initServletBean(FrameworkServlet.java:499)
		at org.springframework.web.servlet.HttpServletBean.init(HttpServletBean.java:172)
		at javax.servlet.GenericServlet.init(GenericServlet.java:143)
		at org.apache.catalina.core.StandardWrapper.initServlet(StandardWrapper.java:989)
		at org.apache.catalina.core.StandardWrapper.allocate(StandardWrapper.java:680)
		at org.apache.catalina.core.StandardWrapperValve.invoke(StandardWrapperValve.java:116)
		at org.apache.catalina.core.StandardContextValve.invoke(StandardContextValve.java:90)
		at org.apache.catalina.authenticator.AuthenticatorBase.invoke(AuthenticatorBase.java:482)
		at org.apache.catalina.core.StandardHostValve.invoke(StandardHostValve.java:130)
		at org.apache.catalina.valves.ErrorReportValve.invoke(ErrorReportValve.java:93)
		at org.apache.catalina.valves.AbstractAccessLogValve.invoke(AbstractAccessLogValve.java:656)
		at org.apache.catalina.core.StandardEngineValve.invoke(StandardEngineValve.java:74)
		at org.apache.catalina.connector.CoyoteAdapter.service(CoyoteAdapter.java:346)
		at org.apache.coyote.http11.Http11Processor.service(Http11Processor.java:397)
		at org.apache.coyote.AbstractProcessorLight.process(AbstractProcessorLight.java:63)
		at org.apache.coyote.AbstractProtocol$ConnectionHandler.process(AbstractProtocol.java:935)
		at org.apache.tomcat.util.net.NioEndpoint$SocketProcessor.doRun(NioEndpoint.java:1833)
		at org.apache.tomcat.util.net.SocketProcessorBase.run(SocketProcessorBase.java:52)
		at org.apache.tomcat.util.threads.ThreadPoolExecutor.runWorker(ThreadPoolExecutor.java:975)
		at org.apache.tomcat.util.threads.ThreadPoolExecutor$Worker.run(ThreadPoolExecutor.java:493)
		at org.apache.tomcat.util.threads.TaskThread$WrappingRunnable.run(TaskThread.java:63)
		at java.lang.Thread.run(Thread.java:750)
15-Dec-2025 23:03:03.633 INFO [http-nio-8080-exec-4] org.apache.catalina.core.ApplicationContext.log Initializing Spring FrameworkServlet 'dispatcher'
15-Dec-2025 23:03:04.135 SEVERE [http-nio-8080-exec-4] org.apache.catalina.core.ApplicationContext.log Servlet.init() for servlet [dispatcher] threw exception
	org.springframework.beans.factory.UnsatisfiedDependencyException: Error creating bean with name 'demoController': Unsatisfied dependency expressed through field 'userService'; nested exception is org.springframework.beans.factory.UnsatisfiedDependencyException: Error creating bean with name 'userService': Unsatisfied dependency expressed through field 'userRepository'; nested exception is org.springframework.beans.factory.NoSuchBeanDefinitionException: No qualifying bean of type 'demoapp.Repository.UserRepository' available: expected at least 1 bean which qualifies as autowire candidate. Dependency annotations: {@org.springframework.beans.factory.annotation.Autowired(required=true)}
		at org.springframework.beans.factory.annotation.AutowiredAnnotationBeanPostProcessor$AutowiredFieldElement.inject(AutowiredAnnotationBeanPostProcessor.java:586)
		at org.springframework.beans.factory.annotation.InjectionMetadata.inject(InjectionMetadata.java:91)
		at org.springframework.beans.factory.annotation.AutowiredAnnotationBeanPostProcessor.postProcessPropertyValues(AutowiredAnnotationBeanPostProcessor.java:372)
		at org.springframework.beans.factory.support.AbstractAutowireCapableBeanFactory.populateBean(AbstractAutowireCapableBeanFactory.java:1344)
		at org.springframework.beans.factory.support.AbstractAutowireCapableBeanFactory.doCreateBean(AbstractAutowireCapableBeanFactory.java:582)
		at org.springframework.beans.factory.support.AbstractAutowireCapableBeanFactory.createBean(AbstractAutowireCapableBeanFactory.java:502)
		at org.springframework.beans.factory.support.AbstractBeanFactory.lambda$doGetBean$0(AbstractBeanFactory.java:312)
		at org.springframework.beans.factory.support.DefaultSingletonBeanRegistry.getSingleton(DefaultSingletonBeanRegistry.java:228)
		at org.springframework.beans.factory.support.AbstractBeanFactory.doGetBean(AbstractBeanFactory.java:310)
		at org.springframework.beans.factory.support.AbstractBeanFactory.getBean(AbstractBeanFactory.java:200)
		at org.springframework.beans.factory.support.DefaultListableBeanFactory.preInstantiateSingletons(DefaultListableBeanFactory.java:758)
		at org.springframework.context.support.AbstractApplicationContext.finishBeanFactoryInitialization(AbstractApplicationContext.java:868)
		at org.springframework.context.support.AbstractApplicationContext.refresh(AbstractApplicationContext.java:549)
		at org.springframework.web.servlet.FrameworkServlet.configureAndRefreshWebApplicationContext(FrameworkServlet.java:676)
		at org.springframework.web.servlet.FrameworkServlet.initWebApplicationContext(FrameworkServlet.java:545)
		at org.springframework.web.servlet.FrameworkServlet.initServletBean(FrameworkServlet.java:499)
		at org.springframework.web.servlet.HttpServletBean.init(HttpServletBean.java:172)
		at javax.servlet.GenericServlet.init(GenericServlet.java:143)
		at org.apache.catalina.core.StandardWrapper.initServlet(StandardWrapper.java:989)
		at org.apache.catalina.core.StandardWrapper.allocate(StandardWrapper.java:680)
		at org.apache.catalina.core.StandardWrapperValve.invoke(StandardWrapperValve.java:116)
		at org.apache.catalina.core.StandardContextValve.invoke(StandardContextValve.java:90)
		at org.apache.catalina.authenticator.AuthenticatorBase.invoke(AuthenticatorBase.java:482)
		at org.apache.catalina.core.StandardHostValve.invoke(StandardHostValve.java:130)
		at org.apache.catalina.valves.ErrorReportValve.invoke(ErrorReportValve.java:93)
		at org.apache.catalina.valves.AbstractAccessLogValve.invoke(AbstractAccessLogValve.java:656)
		at org.apache.catalina.core.StandardEngineValve.invoke(StandardEngineValve.java:74)
		at org.apache.catalina.connector.CoyoteAdapter.service(CoyoteAdapter.java:346)
		at org.apache.coyote.http11.Http11Processor.service(Http11Processor.java:397)
		at org.apache.coyote.AbstractProcessorLight.process(AbstractProcessorLight.java:63)
		at org.apache.coyote.AbstractProtocol$ConnectionHandler.process(AbstractProtocol.java:935)
		at org.apache.tomcat.util.net.NioEndpoint$SocketProcessor.doRun(NioEndpoint.java:1833)
		at org.apache.tomcat.util.net.SocketProcessorBase.run(SocketProcessorBase.java:52)
		at org.apache.tomcat.util.threads.ThreadPoolExecutor.runWorker(ThreadPoolExecutor.java:975)
		at org.apache.tomcat.util.threads.ThreadPoolExecutor$Worker.run(ThreadPoolExecutor.java:493)
		at org.apache.tomcat.util.threads.TaskThread$WrappingRunnable.run(TaskThread.java:63)
		at java.lang.Thread.run(Thread.java:750)
	Caused by: org.springframework.beans.factory.UnsatisfiedDependencyException: Error creating bean with name 'userService': Unsatisfied dependency expressed through field 'userRepository'; nested exception is org.springframework.beans.factory.NoSuchBeanDefinitionException: No qualifying bean of type 'demoapp.Repository.UserRepository' available: expected at least 1 bean which qualifies as autowire candidate. Dependency annotations: {@org.springframework.beans.factory.annotation.Autowired(required=true)}
		at org.springframework.beans.factory.annotation.AutowiredAnnotationBeanPostProcessor$AutowiredFieldElement.inject(AutowiredAnnotationBeanPostProcessor.java:586)
		at org.springframework.beans.factory.annotation.InjectionMetadata.inject(InjectionMetadata.java:91)
		at org.springframework.beans.factory.annotation.AutowiredAnnotationBeanPostProcessor.postProcessPropertyValues(AutowiredAnnotationBeanPostProcessor.java:372)
		at org.springframework.beans.factory.support.AbstractAutowireCapableBeanFactory.populateBean(AbstractAutowireCapableBeanFactory.java:1344)
		at org.springframework.beans.factory.support.AbstractAutowireCapableBeanFactory.doCreateBean(AbstractAutowireCapableBeanFactory.java:582)
		at org.springframework.beans.factory.support.AbstractAutowireCapableBeanFactory.createBean(AbstractAutowireCapableBeanFactory.java:502)
		at org.springframework.beans.factory.support.AbstractBeanFactory.lambda$doGetBean$0(AbstractBeanFactory.java:312)
		at org.springframework.beans.factory.support.DefaultSingletonBeanRegistry.getSingleton(DefaultSingletonBeanRegistry.java:228)
		at org.springframework.beans.factory.support.AbstractBeanFactory.doGetBean(AbstractBeanFactory.java:310)
		at org.springframework.beans.factory.support.AbstractBeanFactory.getBean(AbstractBeanFactory.java:200)
		at org.springframework.beans.factory.config.DependencyDescriptor.resolveCandidate(DependencyDescriptor.java:251)
		at org.springframework.beans.factory.support.DefaultListableBeanFactory.doResolveDependency(DefaultListableBeanFactory.java:1135)
		at org.springframework.beans.factory.support.DefaultListableBeanFactory.resolveDependency(DefaultListableBeanFactory.java:1062)
		at org.springframework.beans.factory.annotation.AutowiredAnnotationBeanPostProcessor$AutowiredFieldElement.inject(AutowiredAnnotationBeanPostProcessor.java:583)
		... 36 more
	Caused by: org.springframework.beans.factory.NoSuchBeanDefinitionException: No qualifying bean of type 'demoapp.Repository.UserRepository' available: expected at least 1 bean which qualifies as autowire candidate. Dependency annotations: {@org.springframework.beans.factory.annotation.Autowired(required=true)}
		at org.springframework.beans.factory.support.DefaultListableBeanFactory.raiseNoMatchingBeanFound(DefaultListableBeanFactory.java:1504)
		at org.springframework.beans.factory.support.DefaultListableBeanFactory.doResolveDependency(DefaultListableBeanFactory.java:1101)
		at org.springframework.beans.factory.support.DefaultListableBeanFactory.resolveDependency(DefaultListableBeanFactory.java:1062)
		at org.springframework.beans.factory.annotation.AutowiredAnnotationBeanPostProcessor$AutowiredFieldElement.inject(AutowiredAnnotationBeanPostProcessor.java:583)
		... 49 more
15-Dec-2025 23:03:04.136 SEVERE [http-nio-8080-exec-4] org.apache.catalina.core.StandardWrapperValve.invoke Allocate exception for servlet [dispatcher]
	org.springframework.beans.factory.NoSuchBeanDefinitionException: No qualifying bean of type 'demoapp.Repository.UserRepository' available: expected at least 1 bean which qualifies as autowire candidate. Dependency annotations: {@org.springframework.beans.factory.annotation.Autowired(required=true)}
		at org.springframework.beans.factory.support.DefaultListableBeanFactory.raiseNoMatchingBeanFound(DefaultListableBeanFactory.java:1504)
		at org.springframework.beans.factory.support.DefaultListableBeanFactory.doResolveDependency(DefaultListableBeanFactory.java:1101)
		at org.springframework.beans.factory.support.DefaultListableBeanFactory.resolveDependency(DefaultListableBeanFactory.java:1062)
		at org.springframework.beans.factory.annotation.AutowiredAnnotationBeanPostProcessor$AutowiredFieldElement.inject(AutowiredAnnotationBeanPostProcessor.java:583)
		at org.springframework.beans.factory.annotation.InjectionMetadata.inject(InjectionMetadata.java:91)
		at org.springframework.beans.factory.annotation.AutowiredAnnotationBeanPostProcessor.postProcessPropertyValues(AutowiredAnnotationBeanPostProcessor.java:372)
		at org.springframework.beans.factory.support.AbstractAutowireCapableBeanFactory.populateBean(AbstractAutowireCapableBeanFactory.java:1344)
		at org.springframework.beans.factory.support.AbstractAutowireCapableBeanFactory.doCreateBean(AbstractAutowireCapableBeanFactory.java:582)
		at org.springframework.beans.factory.support.AbstractAutowireCapableBeanFactory.createBean(AbstractAutowireCapableBeanFactory.java:502)
		at org.springframework.beans.factory.support.AbstractBeanFactory.lambda$doGetBean$0(AbstractBeanFactory.java:312)
		at org.springframework.beans.factory.support.DefaultSingletonBeanRegistry.getSingleton(DefaultSingletonBeanRegistry.java:228)
		at org.springframework.beans.factory.support.AbstractBeanFactory.doGetBean(AbstractBeanFactory.java:310)
		at org.springframework.beans.factory.support.AbstractBeanFactory.getBean(AbstractBeanFactory.java:200)
		at org.springframework.beans.factory.config.DependencyDescriptor.resolveCandidate(DependencyDescriptor.java:251)
		at org.springframework.beans.factory.support.DefaultListableBeanFactory.doResolveDependency(DefaultListableBeanFactory.java:1135)
		at org.springframework.beans.factory.support.DefaultListableBeanFactory.resolveDependency(DefaultListableBeanFactory.java:1062)
		at org.springframework.beans.factory.annotation.AutowiredAnnotationBeanPostProcessor$AutowiredFieldElement.inject(AutowiredAnnotationBeanPostProcessor.java:583)
		at org.springframework.beans.factory.annotation.InjectionMetadata.inject(InjectionMetadata.java:91)
		at org.springframework.beans.factory.annotation.AutowiredAnnotationBeanPostProcessor.postProcessPropertyValues(AutowiredAnnotationBeanPostProcessor.java:372)
		at org.springframework.beans.factory.support.AbstractAutowireCapableBeanFactory.populateBean(AbstractAutowireCapableBeanFactory.java:1344)
		at org.springframework.beans.factory.support.AbstractAutowireCapableBeanFactory.doCreateBean(AbstractAutowireCapableBeanFactory.java:582)
		at org.springframework.beans.factory.support.AbstractAutowireCapableBeanFactory.createBean(AbstractAutowireCapableBeanFactory.java:502)
		at org.springframework.beans.factory.support.AbstractBeanFactory.lambda$doGetBean$0(AbstractBeanFactory.java:312)
		at org.springframework.beans.factory.support.DefaultSingletonBeanRegistry.getSingleton(DefaultSingletonBeanRegistry.java:228)
		at org.springframework.beans.factory.support.AbstractBeanFactory.doGetBean(AbstractBeanFactory.java:310)
		at org.springframework.beans.factory.support.AbstractBeanFactory.getBean(AbstractBeanFactory.java:200)
		at org.springframework.beans.factory.support.DefaultListableBeanFactory.preInstantiateSingletons(DefaultListableBeanFactory.java:758)
		at org.springframework.context.support.AbstractApplicationContext.finishBeanFactoryInitialization(AbstractApplicationContext.java:868)
		at org.springframework.context.support.AbstractApplicationContext.refresh(AbstractApplicationContext.java:549)
		at org.springframework.web.servlet.FrameworkServlet.configureAndRefreshWebApplicationContext(FrameworkServlet.java:676)
		at org.springframework.web.servlet.FrameworkServlet.initWebApplicationContext(FrameworkServlet.java:545)
		at org.springframework.web.servlet.FrameworkServlet.initServletBean(FrameworkServlet.java:499)
		at org.springframework.web.servlet.HttpServletBean.init(HttpServletBean.java:172)
		at javax.servlet.GenericServlet.init(GenericServlet.java:143)
		at org.apache.catalina.core.StandardWrapper.initServlet(StandardWrapper.java:989)
		at org.apache.catalina.core.StandardWrapper.allocate(StandardWrapper.java:680)
		at org.apache.catalina.core.StandardWrapperValve.invoke(StandardWrapperValve.java:116)
		at org.apache.catalina.core.StandardContextValve.invoke(StandardContextValve.java:90)
		at org.apache.catalina.authenticator.AuthenticatorBase.invoke(AuthenticatorBase.java:482)
		at org.apache.catalina.core.StandardHostValve.invoke(StandardHostValve.java:130)
		at org.apache.catalina.valves.ErrorReportValve.invoke(ErrorReportValve.java:93)
		at org.apache.catalina.valves.AbstractAccessLogValve.invoke(AbstractAccessLogValve.java:656)
		at org.apache.catalina.core.StandardEngineValve.invoke(StandardEngineValve.java:74)
		at org.apache.catalina.connector.CoyoteAdapter.service(CoyoteAdapter.java:346)
		at org.apache.coyote.http11.Http11Processor.service(Http11Processor.java:397)
		at org.apache.coyote.AbstractProcessorLight.process(AbstractProcessorLight.java:63)
		at org.apache.coyote.AbstractProtocol$ConnectionHandler.process(AbstractProtocol.java:935)
		at org.apache.tomcat.util.net.NioEndpoint$SocketProcessor.doRun(NioEndpoint.java:1833)
		at org.apache.tomcat.util.net.SocketProcessorBase.run(SocketProcessorBase.java:52)
		at org.apache.tomcat.util.threads.ThreadPoolExecutor.runWorker(ThreadPoolExecutor.java:975)
		at org.apache.tomcat.util.threads.ThreadPoolExecutor$Worker.run(ThreadPoolExecutor.java:493)
		at org.apache.tomcat.util.threads.TaskThread$WrappingRunnable.run(TaskThread.java:63)
		at java.lang.Thread.run(Thread.java:750)
15-Dec-2025 23:03:43.474 INFO [http-nio-8080-exec-6] org.apache.catalina.core.ApplicationContext.log Initializing Spring FrameworkServlet 'dispatcher'
15-Dec-2025 23:03:44.147 SEVERE [http-nio-8080-exec-6] org.apache.catalina.core.ApplicationContext.log Servlet.init() for servlet [dispatcher] threw exception
	org.springframework.beans.factory.UnsatisfiedDependencyException: Error creating bean with name 'demoController': Unsatisfied dependency expressed through field 'userService'; nested exception is org.springframework.beans.factory.UnsatisfiedDependencyException: Error creating bean with name 'userService': Unsatisfied dependency expressed through field 'userRepository'; nested exception is org.springframework.beans.factory.NoSuchBeanDefinitionException: No qualifying bean of type 'demoapp.Repository.UserRepository' available: expected at least 1 bean which qualifies as autowire candidate. Dependency annotations: {@org.springframework.beans.factory.annotation.Autowired(required=true)}
		at org.springframework.beans.factory.annotation.AutowiredAnnotationBeanPostProcessor$AutowiredFieldElement.inject(AutowiredAnnotationBeanPostProcessor.java:586)
		at org.springframework.beans.factory.annotation.InjectionMetadata.inject(InjectionMetadata.java:91)
		at org.springframework.beans.factory.annotation.AutowiredAnnotationBeanPostProcessor.postProcessPropertyValues(AutowiredAnnotationBeanPostProcessor.java:372)
		at org.springframework.beans.factory.support.AbstractAutowireCapableBeanFactory.populateBean(AbstractAutowireCapableBeanFactory.java:1344)
		at org.springframework.beans.factory.support.AbstractAutowireCapableBeanFactory.doCreateBean(AbstractAutowireCapableBeanFactory.java:582)
		at org.springframework.beans.factory.support.AbstractAutowireCapableBeanFactory.createBean(AbstractAutowireCapableBeanFactory.java:502)
		at org.springframework.beans.factory.support.AbstractBeanFactory.lambda$doGetBean$0(AbstractBeanFactory.java:312)
		at org.springframework.beans.factory.support.DefaultSingletonBeanRegistry.getSingleton(DefaultSingletonBeanRegistry.java:228)
		at org.springframework.beans.factory.support.AbstractBeanFactory.doGetBean(AbstractBeanFactory.java:310)
		at org.springframework.beans.factory.support.AbstractBeanFactory.getBean(AbstractBeanFactory.java:200)
		at org.springframework.beans.factory.support.DefaultListableBeanFactory.preInstantiateSingletons(DefaultListableBeanFactory.java:758)
		at org.springframework.context.support.AbstractApplicationContext.finishBeanFactoryInitialization(AbstractApplicationContext.java:868)
		at org.springframework.context.support.AbstractApplicationContext.refresh(AbstractApplicationContext.java:549)
		at org.springframework.web.servlet.FrameworkServlet.configureAndRefreshWebApplicationContext(FrameworkServlet.java:676)
		at org.springframework.web.servlet.FrameworkServlet.initWebApplicationContext(FrameworkServlet.java:545)
		at org.springframework.web.servlet.FrameworkServlet.initServletBean(FrameworkServlet.java:499)
		at org.springframework.web.servlet.HttpServletBean.init(HttpServletBean.java:172)
		at javax.servlet.GenericServlet.init(GenericServlet.java:143)
		at org.apache.catalina.core.StandardWrapper.initServlet(StandardWrapper.java:989)
		at org.apache.catalina.core.StandardWrapper.allocate(StandardWrapper.java:680)
		at org.apache.catalina.core.StandardWrapperValve.invoke(StandardWrapperValve.java:116)
		at org.apache.catalina.core.StandardContextValve.invoke(StandardContextValve.java:90)
		at org.apache.catalina.authenticator.AuthenticatorBase.invoke(AuthenticatorBase.java:482)
		at org.apache.catalina.core.StandardHostValve.invoke(StandardHostValve.java:130)
		at org.apache.catalina.valves.ErrorReportValve.invoke(ErrorReportValve.java:93)
		at org.apache.catalina.valves.AbstractAccessLogValve.invoke(AbstractAccessLogValve.java:656)
		at org.apache.catalina.core.StandardEngineValve.invoke(StandardEngineValve.java:74)
		at org.apache.catalina.connector.CoyoteAdapter.service(CoyoteAdapter.java:346)
		at org.apache.coyote.http11.Http11Processor.service(Http11Processor.java:397)
		at org.apache.coyote.AbstractProcessorLight.process(AbstractProcessorLight.java:63)
		at org.apache.coyote.AbstractProtocol$ConnectionHandler.process(AbstractProtocol.java:935)
		at org.apache.tomcat.util.net.NioEndpoint$SocketProcessor.doRun(NioEndpoint.java:1833)
		at org.apache.tomcat.util.net.SocketProcessorBase.run(SocketProcessorBase.java:52)
		at org.apache.tomcat.util.threads.ThreadPoolExecutor.runWorker(ThreadPoolExecutor.java:975)
		at org.apache.tomcat.util.threads.ThreadPoolExecutor$Worker.run(ThreadPoolExecutor.java:493)
		at org.apache.tomcat.util.threads.TaskThread$WrappingRunnable.run(TaskThread.java:63)
		at java.lang.Thread.run(Thread.java:750)
	Caused by: org.springframework.beans.factory.UnsatisfiedDependencyException: Error creating bean with name 'userService': Unsatisfied dependency expressed through field 'userRepository'; nested exception is org.springframework.beans.factory.NoSuchBeanDefinitionException: No qualifying bean of type 'demoapp.Repository.UserRepository' available: expected at least 1 bean which qualifies as autowire candidate. Dependency annotations: {@org.springframework.beans.factory.annotation.Autowired(required=true)}
		at org.springframework.beans.factory.annotation.AutowiredAnnotationBeanPostProcessor$AutowiredFieldElement.inject(AutowiredAnnotationBeanPostProcessor.java:586)
		at org.springframework.beans.factory.annotation.InjectionMetadata.inject(InjectionMetadata.java:91)
		at org.springframework.beans.factory.annotation.AutowiredAnnotationBeanPostProcessor.postProcessPropertyValues(AutowiredAnnotationBeanPostProcessor.java:372)
		at org.springframework.beans.factory.support.AbstractAutowireCapableBeanFactory.populateBean(AbstractAutowireCapableBeanFactory.java:1344)
		at org.springframework.beans.factory.support.AbstractAutowireCapableBeanFactory.doCreateBean(AbstractAutowireCapableBeanFactory.java:582)
		at org.springframework.beans.factory.support.AbstractAutowireCapableBeanFactory.createBean(AbstractAutowireCapableBeanFactory.java:502)
		at org.springframework.beans.factory.support.AbstractBeanFactory.lambda$doGetBean$0(AbstractBeanFactory.java:312)
		at org.springframework.beans.factory.support.DefaultSingletonBeanRegistry.getSingleton(DefaultSingletonBeanRegistry.java:228)
		at org.springframework.beans.factory.support.AbstractBeanFactory.doGetBean(AbstractBeanFactory.java:310)
		at org.springframework.beans.factory.support.AbstractBeanFactory.getBean(AbstractBeanFactory.java:200)
		at org.springframework.beans.factory.config.DependencyDescriptor.resolveCandidate(DependencyDescriptor.java:251)
		at org.springframework.beans.factory.support.DefaultListableBeanFactory.doResolveDependency(DefaultListableBeanFactory.java:1135)
		at org.springframework.beans.factory.support.DefaultListableBeanFactory.resolveDependency(DefaultListableBeanFactory.java:1062)
		at org.springframework.beans.factory.annotation.AutowiredAnnotationBeanPostProcessor$AutowiredFieldElement.inject(AutowiredAnnotationBeanPostProcessor.java:583)
		... 36 more
	Caused by: org.springframework.beans.factory.NoSuchBeanDefinitionException: No qualifying bean of type 'demoapp.Repository.UserRepository' available: expected at least 1 bean which qualifies as autowire candidate. Dependency annotations: {@org.springframework.beans.factory.annotation.Autowired(required=true)}
		at org.springframework.beans.factory.support.DefaultListableBeanFactory.raiseNoMatchingBeanFound(DefaultListableBeanFactory.java:1504)
		at org.springframework.beans.factory.support.DefaultListableBeanFactory.doResolveDependency(DefaultListableBeanFactory.java:1101)
		at org.springframework.beans.factory.support.DefaultListableBeanFactory.resolveDependency(DefaultListableBeanFactory.java:1062)
		at org.springframework.beans.factory.annotation.AutowiredAnnotationBeanPostProcessor$AutowiredFieldElement.inject(AutowiredAnnotationBeanPostProcessor.java:583)
		... 49 more
15-Dec-2025 23:03:44.154 SEVERE [http-nio-8080-exec-6] org.apache.catalina.core.StandardWrapperValve.invoke Allocate exception for servlet [dispatcher]
	org.springframework.beans.factory.NoSuchBeanDefinitionException: No qualifying bean of type 'demoapp.Repository.UserRepository' available: expected at least 1 bean which qualifies as autowire candidate. Dependency annotations: {@org.springframework.beans.factory.annotation.Autowired(required=true)}
		at org.springframework.beans.factory.support.DefaultListableBeanFactory.raiseNoMatchingBeanFound(DefaultListableBeanFactory.java:1504)
		at org.springframework.beans.factory.support.DefaultListableBeanFactory.doResolveDependency(DefaultListableBeanFactory.java:1101)
		at org.springframework.beans.factory.support.DefaultListableBeanFactory.resolveDependency(DefaultListableBeanFactory.java:1062)
		at org.springframework.beans.factory.annotation.AutowiredAnnotationBeanPostProcessor$AutowiredFieldElement.inject(AutowiredAnnotationBeanPostProcessor.java:583)
		at org.springframework.beans.factory.annotation.InjectionMetadata.inject(InjectionMetadata.java:91)
		at org.springframework.beans.factory.annotation.AutowiredAnnotationBeanPostProcessor.postProcessPropertyValues(AutowiredAnnotationBeanPostProcessor.java:372)
		at org.springframework.beans.factory.support.AbstractAutowireCapableBeanFactory.populateBean(AbstractAutowireCapableBeanFactory.java:1344)
		at org.springframework.beans.factory.support.AbstractAutowireCapableBeanFactory.doCreateBean(AbstractAutowireCapableBeanFactory.java:582)
		at org.springframework.beans.factory.support.AbstractAutowireCapableBeanFactory.createBean(AbstractAutowireCapableBeanFactory.java:502)
		at org.springframework.beans.factory.support.AbstractBeanFactory.lambda$doGetBean$0(AbstractBeanFactory.java:312)
		at org.springframework.beans.factory.support.DefaultSingletonBeanRegistry.getSingleton(DefaultSingletonBeanRegistry.java:228)
		at org.springframework.beans.factory.support.AbstractBeanFactory.doGetBean(AbstractBeanFactory.java:310)
		at org.springframework.beans.factory.support.AbstractBeanFactory.getBean(AbstractBeanFactory.java:200)
		at org.springframework.beans.factory.config.DependencyDescriptor.resolveCandidate(DependencyDescriptor.java:251)
		at org.springframework.beans.factory.support.DefaultListableBeanFactory.doResolveDependency(DefaultListableBeanFactory.java:1135)
		at org.springframework.beans.factory.support.DefaultListableBeanFactory.resolveDependency(DefaultListableBeanFactory.java:1062)
		at org.springframework.beans.factory.annotation.AutowiredAnnotationBeanPostProcessor$AutowiredFieldElement.inject(AutowiredAnnotationBeanPostProcessor.java:583)
		at org.springframework.beans.factory.annotation.InjectionMetadata.inject(InjectionMetadata.java:91)
		at org.springframework.beans.factory.annotation.AutowiredAnnotationBeanPostProcessor.postProcessPropertyValues(AutowiredAnnotationBeanPostProcessor.java:372)
		at org.springframework.beans.factory.support.AbstractAutowireCapableBeanFactory.populateBean(AbstractAutowireCapableBeanFactory.java:1344)
		at org.springframework.beans.factory.support.AbstractAutowireCapableBeanFactory.doCreateBean(AbstractAutowireCapableBeanFactory.java:582)
		at org.springframework.beans.factory.support.AbstractAutowireCapableBeanFactory.createBean(AbstractAutowireCapableBeanFactory.java:502)
		at org.springframework.beans.factory.support.AbstractBeanFactory.lambda$doGetBean$0(AbstractBeanFactory.java:312)
		at org.springframework.beans.factory.support.DefaultSingletonBeanRegistry.getSingleton(DefaultSingletonBeanRegistry.java:228)
		at org.springframework.beans.factory.support.AbstractBeanFactory.doGetBean(AbstractBeanFactory.java:310)
		at org.springframework.beans.factory.support.AbstractBeanFactory.getBean(AbstractBeanFactory.java:200)
		at org.springframework.beans.factory.support.DefaultListableBeanFactory.preInstantiateSingletons(DefaultListableBeanFactory.java:758)
		at org.springframework.context.support.AbstractApplicationContext.finishBeanFactoryInitialization(AbstractApplicationContext.java:868)
		at org.springframework.context.support.AbstractApplicationContext.refresh(AbstractApplicationContext.java:549)
		at org.springframework.web.servlet.FrameworkServlet.configureAndRefreshWebApplicationContext(FrameworkServlet.java:676)
		at org.springframework.web.servlet.FrameworkServlet.initWebApplicationContext(FrameworkServlet.java:545)
		at org.springframework.web.servlet.FrameworkServlet.initServletBean(FrameworkServlet.java:499)
		at org.springframework.web.servlet.HttpServletBean.init(HttpServletBean.java:172)
		at javax.servlet.GenericServlet.init(GenericServlet.java:143)
		at org.apache.catalina.core.StandardWrapper.initServlet(StandardWrapper.java:989)
		at org.apache.catalina.core.StandardWrapper.allocate(StandardWrapper.java:680)
		at org.apache.catalina.core.StandardWrapperValve.invoke(StandardWrapperValve.java:116)
		at org.apache.catalina.core.StandardContextValve.invoke(StandardContextValve.java:90)
		at org.apache.catalina.authenticator.AuthenticatorBase.invoke(AuthenticatorBase.java:482)
		at org.apache.catalina.core.StandardHostValve.invoke(StandardHostValve.java:130)
		at org.apache.catalina.valves.ErrorReportValve.invoke(ErrorReportValve.java:93)
		at org.apache.catalina.valves.AbstractAccessLogValve.invoke(AbstractAccessLogValve.java:656)
		at org.apache.catalina.core.StandardEngineValve.invoke(StandardEngineValve.java:74)
		at org.apache.catalina.connector.CoyoteAdapter.service(CoyoteAdapter.java:346)
		at org.apache.coyote.http11.Http11Processor.service(Http11Processor.java:397)
		at org.apache.coyote.AbstractProcessorLight.process(AbstractProcessorLight.java:63)
		at org.apache.coyote.AbstractProtocol$ConnectionHandler.process(AbstractProtocol.java:935)
		at org.apache.tomcat.util.net.NioEndpoint$SocketProcessor.doRun(NioEndpoint.java:1833)
		at org.apache.tomcat.util.net.SocketProcessorBase.run(SocketProcessorBase.java:52)
		at org.apache.tomcat.util.threads.ThreadPoolExecutor.runWorker(ThreadPoolExecutor.java:975)
		at org.apache.tomcat.util.threads.ThreadPoolExecutor$Worker.run(ThreadPoolExecutor.java:493)
		at org.apache.tomcat.util.threads.TaskThread$WrappingRunnable.run(TaskThread.java:63)
		at java.lang.Thread.run(Thread.java:750)
15-Dec-2025 23:07:56.052 INFO [main] org.apache.catalina.core.ApplicationContext.log 2 Spring WebApplicationInitializers detected on classpath
15-Dec-2025 23:07:56.791 INFO [main] org.apache.catalina.core.ApplicationContext.log Initializing Spring FrameworkServlet 'dispatcher'
15-Dec-2025 23:07:59.337 SEVERE [main] org.apache.catalina.core.ApplicationContext.log Servlet.init() for servlet [dispatcher] threw exception
	org.springframework.beans.factory.UnsatisfiedDependencyException: Error creating bean with name 'demoController': Unsatisfied dependency expressed through field 'userService'; nested exception is org.springframework.beans.factory.UnsatisfiedDependencyException: Error creating bean with name 'userService': Unsatisfied dependency expressed through field 'userRepository'; nested exception is org.springframework.beans.factory.BeanCreationException: Error creating bean with name 'userRepository': Cannot create inner bean '(inner bean)#360d3f47' of type [org.springframework.orm.jpa.SharedEntityManagerCreator] while setting bean property 'entityManager'; nested exception is org.springframework.beans.factory.BeanCreationException: Error creating bean with name '(inner bean)#360d3f47': Cannot resolve reference to bean 'entityManagerFactory' while setting constructor argument; nested exception is org.springframework.beans.factory.NoSuchBeanDefinitionException: No bean named 'entityManagerFactory' available
		at org.springframework.beans.factory.annotation.AutowiredAnnotationBeanPostProcessor$AutowiredFieldElement.inject(AutowiredAnnotationBeanPostProcessor.java:586)
		at org.springframework.beans.factory.annotation.InjectionMetadata.inject(InjectionMetadata.java:91)
		at org.springframework.beans.factory.annotation.AutowiredAnnotationBeanPostProcessor.postProcessPropertyValues(AutowiredAnnotationBeanPostProcessor.java:372)
		at org.springframework.beans.factory.support.AbstractAutowireCapableBeanFactory.populateBean(AbstractAutowireCapableBeanFactory.java:1344)
		at org.springframework.beans.factory.support.AbstractAutowireCapableBeanFactory.doCreateBean(AbstractAutowireCapableBeanFactory.java:582)
		at org.springframework.beans.factory.support.AbstractAutowireCapableBeanFactory.createBean(AbstractAutowireCapableBeanFactory.java:502)
		at org.springframework.beans.factory.support.AbstractBeanFactory.lambda$doGetBean$0(AbstractBeanFactory.java:312)
		at org.springframework.beans.factory.support.DefaultSingletonBeanRegistry.getSingleton(DefaultSingletonBeanRegistry.java:228)
		at org.springframework.beans.factory.support.AbstractBeanFactory.doGetBean(AbstractBeanFactory.java:310)
		at org.springframework.beans.factory.support.AbstractBeanFactory.getBean(AbstractBeanFactory.java:200)
		at org.springframework.beans.factory.support.DefaultListableBeanFactory.preInstantiateSingletons(DefaultListableBeanFactory.java:758)
		at org.springframework.context.support.AbstractApplicationContext.finishBeanFactoryInitialization(AbstractApplicationContext.java:868)
		at org.springframework.context.support.AbstractApplicationContext.refresh(AbstractApplicationContext.java:549)
		at org.springframework.web.servlet.FrameworkServlet.configureAndRefreshWebApplicationContext(FrameworkServlet.java:676)
		at org.springframework.web.servlet.FrameworkServlet.initWebApplicationContext(FrameworkServlet.java:545)
		at org.springframework.web.servlet.FrameworkServlet.initServletBean(FrameworkServlet.java:499)
		at org.springframework.web.servlet.HttpServletBean.init(HttpServletBean.java:172)
		at javax.servlet.GenericServlet.init(GenericServlet.java:143)
		at org.apache.catalina.core.StandardWrapper.initServlet(StandardWrapper.java:989)
		at org.apache.catalina.core.StandardWrapper.load(StandardWrapper.java:846)
		at org.apache.catalina.core.StandardContext.loadOnStartup(StandardContext.java:4234)
		at org.apache.catalina.core.StandardContext.startInternal(StandardContext.java:4535)
		at org.apache.catalina.util.LifecycleBase.start(LifecycleBase.java:164)
		at org.apache.catalina.core.ContainerBase.addChildInternal(ContainerBase.java:599)
		at org.apache.catalina.core.ContainerBase.addChild(ContainerBase.java:571)
		at org.apache.catalina.core.StandardHost.addChild(StandardHost.java:604)
		at org.apache.catalina.startup.HostConfig.deployDescriptor(HostConfig.java:680)
		at org.apache.catalina.startup.HostConfig$DeployDescriptor.run(HostConfig.java:1839)
		at java.util.concurrent.Executors$RunnableAdapter.call(Executors.java:511)
		at java.util.concurrent.FutureTask.run(FutureTask.java:266)
		at org.apache.tomcat.util.threads.InlineExecutorService.execute(InlineExecutorService.java:82)
		at java.util.concurrent.AbstractExecutorService.submit(AbstractExecutorService.java:112)
		at org.apache.catalina.startup.HostConfig.deployDescriptors(HostConfig.java:575)
		at org.apache.catalina.startup.HostConfig.deployApps(HostConfig.java:466)
		at org.apache.catalina.startup.HostConfig.start(HostConfig.java:1579)
		at org.apache.catalina.startup.HostConfig.lifecycleEvent(HostConfig.java:312)
		at org.apache.catalina.util.LifecycleBase.fireLifecycleEvent(LifecycleBase.java:109)
		at org.apache.catalina.util.LifecycleBase.setStateInternal(LifecycleBase.java:389)
		at org.apache.catalina.util.LifecycleBase.setState(LifecycleBase.java:336)
		at org.apache.catalina.core.ContainerBase.startInternal(ContainerBase.java:776)
		at org.apache.catalina.core.StandardHost.startInternal(StandardHost.java:722)
		at org.apache.catalina.util.LifecycleBase.start(LifecycleBase.java:164)
		at org.apache.catalina.core.ContainerBase$StartChild.call(ContainerBase.java:1203)
		at org.apache.catalina.core.ContainerBase$StartChild.call(ContainerBase.java:1193)
		at java.util.concurrent.FutureTask.run(FutureTask.java:266)
		at org.apache.tomcat.util.threads.InlineExecutorService.execute(InlineExecutorService.java:82)
		at java.util.concurrent.AbstractExecutorService.submit(AbstractExecutorService.java:134)
		at org.apache.catalina.core.ContainerBase.startInternal(ContainerBase.java:749)
		at org.apache.catalina.core.StandardEngine.startInternal(StandardEngine.java:211)
		at org.apache.catalina.util.LifecycleBase.start(LifecycleBase.java:164)
		at org.apache.catalina.core.StandardService.startInternal(StandardService.java:412)
		at org.apache.catalina.util.LifecycleBase.start(LifecycleBase.java:164)
		at org.apache.catalina.core.StandardServer.startInternal(StandardServer.java:874)
		at org.apache.catalina.util.LifecycleBase.start(LifecycleBase.java:164)
		at org.apache.catalina.startup.Catalina.start(Catalina.java:739)
		at sun.reflect.NativeMethodAccessorImpl.invoke0(Native Method)
		at sun.reflect.NativeMethodAccessorImpl.invoke(NativeMethodAccessorImpl.java:62)
		at sun.reflect.DelegatingMethodAccessorImpl.invoke(DelegatingMethodAccessorImpl.java:43)
		at java.lang.reflect.Method.invoke(Method.java:498)
		at org.apache.catalina.startup.Bootstrap.start(Bootstrap.java:345)
		at org.apache.catalina.startup.Bootstrap.main(Bootstrap.java:476)
	Caused by: org.springframework.beans.factory.UnsatisfiedDependencyException: Error creating bean with name 'userService': Unsatisfied dependency expressed through field 'userRepository'; nested exception is org.springframework.beans.factory.BeanCreationException: Error creating bean with name 'userRepository': Cannot create inner bean '(inner bean)#360d3f47' of type [org.springframework.orm.jpa.SharedEntityManagerCreator] while setting bean property 'entityManager'; nested exception is org.springframework.beans.factory.BeanCreationException: Error creating bean with name '(inner bean)#360d3f47': Cannot resolve reference to bean 'entityManagerFactory' while setting constructor argument; nested exception is org.springframework.beans.factory.NoSuchBeanDefinitionException: No bean named 'entityManagerFactory' available
		at org.springframework.beans.factory.annotation.AutowiredAnnotationBeanPostProcessor$AutowiredFieldElement.inject(AutowiredAnnotationBeanPostProcessor.java:586)
		at org.springframework.beans.factory.annotation.InjectionMetadata.inject(InjectionMetadata.java:91)
		at org.springframework.beans.factory.annotation.AutowiredAnnotationBeanPostProcessor.postProcessPropertyValues(AutowiredAnnotationBeanPostProcessor.java:372)
		at org.springframework.beans.factory.support.AbstractAutowireCapableBeanFactory.populateBean(AbstractAutowireCapableBeanFactory.java:1344)
		at org.springframework.beans.factory.support.AbstractAutowireCapableBeanFactory.doCreateBean(AbstractAutowireCapableBeanFactory.java:582)
		at org.springframework.beans.factory.support.AbstractAutowireCapableBeanFactory.createBean(AbstractAutowireCapableBeanFactory.java:502)
		at org.springframework.beans.factory.support.AbstractBeanFactory.lambda$doGetBean$0(AbstractBeanFactory.java:312)
		at org.springframework.beans.factory.support.DefaultSingletonBeanRegistry.getSingleton(DefaultSingletonBeanRegistry.java:228)
		at org.springframework.beans.factory.support.AbstractBeanFactory.doGetBean(AbstractBeanFactory.java:310)
		at org.springframework.beans.factory.support.AbstractBeanFactory.getBean(AbstractBeanFactory.java:200)
		at org.springframework.beans.factory.config.DependencyDescriptor.resolveCandidate(DependencyDescriptor.java:251)
		at org.springframework.beans.factory.support.DefaultListableBeanFactory.doResolveDependency(DefaultListableBeanFactory.java:1135)
		at org.springframework.beans.factory.support.DefaultListableBeanFactory.resolveDependency(DefaultListableBeanFactory.java:1062)
		at org.springframework.beans.factory.annotation.AutowiredAnnotationBeanPostProcessor$AutowiredFieldElement.inject(AutowiredAnnotationBeanPostProcessor.java:583)
		... 60 more
	Caused by: org.springframework.beans.factory.BeanCreationException: Error creating bean with name 'userRepository': Cannot create inner bean '(inner bean)#360d3f47' of type [org.springframework.orm.jpa.SharedEntityManagerCreator] while setting bean property 'entityManager'; nested exception is org.springframework.beans.factory.BeanCreationException: Error creating bean with name '(inner bean)#360d3f47': Cannot resolve reference to bean 'entityManagerFactory' while setting constructor argument; nested exception is org.springframework.beans.factory.NoSuchBeanDefinitionException: No bean named 'entityManagerFactory' available
		at org.springframework.beans.factory.support.BeanDefinitionValueResolver.resolveInnerBean(BeanDefinitionValueResolver.java:327)
		at org.springframework.beans.factory.support.BeanDefinitionValueResolver.resolveValueIfNecessary(BeanDefinitionValueResolver.java:131)
		at org.springframework.beans.factory.support.AbstractAutowireCapableBeanFactory.applyPropertyValues(AbstractAutowireCapableBeanFactory.java:1613)
		at org.springframework.beans.factory.support.AbstractAutowireCapableBeanFactory.populateBean(AbstractAutowireCapableBeanFactory.java:1357)
		at org.springframework.beans.factory.support.AbstractAutowireCapableBeanFactory.doCreateBean(AbstractAutowireCapableBeanFactory.java:582)
		at org.springframework.beans.factory.support.AbstractAutowireCapableBeanFactory.createBean(AbstractAutowireCapableBeanFactory.java:502)
		at org.springframework.beans.factory.support.AbstractBeanFactory.lambda$doGetBean$0(AbstractBeanFactory.java:312)
		at org.springframework.beans.factory.support.DefaultSingletonBeanRegistry.getSingleton(DefaultSingletonBeanRegistry.java:228)
		at org.springframework.beans.factory.support.AbstractBeanFactory.doGetBean(AbstractBeanFactory.java:310)
		at org.springframework.beans.factory.support.AbstractBeanFactory.getBean(AbstractBeanFactory.java:200)
		at org.springframework.beans.factory.config.DependencyDescriptor.resolveCandidate(DependencyDescriptor.java:251)
		at org.springframework.beans.factory.support.DefaultListableBeanFactory.doResolveDependency(DefaultListableBeanFactory.java:1135)
		at org.springframework.beans.factory.support.DefaultListableBeanFactory.resolveDependency(DefaultListableBeanFactory.java:1062)
		at org.springframework.beans.factory.annotation.AutowiredAnnotationBeanPostProcessor$AutowiredFieldElement.inject(AutowiredAnnotationBeanPostProcessor.java:583)
		... 73 more
	Caused by: org.springframework.beans.factory.BeanCreationException: Error creating bean with name '(inner bean)#360d3f47': Cannot resolve reference to bean 'entityManagerFactory' while setting constructor argument; nested exception is org.springframework.beans.factory.NoSuchBeanDefinitionException: No bean named 'entityManagerFactory' available
		at org.springframework.beans.factory.support.BeanDefinitionValueResolver.resolveReference(BeanDefinitionValueResolver.java:378)
		at org.springframework.beans.factory.support.BeanDefinitionValueResolver.resolveValueIfNecessary(BeanDefinitionValueResolver.java:110)
		at org.springframework.beans.factory.support.ConstructorResolver.resolveConstructorArguments(ConstructorResolver.java:622)
		at org.springframework.beans.factory.support.ConstructorResolver.instantiateUsingFactoryMethod(ConstructorResolver.java:440)
		at org.springframework.beans.factory.support.AbstractAutowireCapableBeanFactory.instantiateUsingFactoryMethod(AbstractAutowireCapableBeanFactory.java:1250)
		at org.springframework.beans.factory.support.AbstractAutowireCapableBeanFactory.createBeanInstance(AbstractAutowireCapableBeanFactory.java:1099)
		at org.springframework.beans.factory.support.AbstractAutowireCapableBeanFactory.doCreateBean(AbstractAutowireCapableBeanFactory.java:545)
		at org.springframework.beans.factory.support.AbstractAutowireCapableBeanFactory.createBean(AbstractAutowireCapableBeanFactory.java:502)
		at org.springframework.beans.factory.support.BeanDefinitionValueResolver.resolveInnerBean(BeanDefinitionValueResolver.java:312)
		... 86 more
	Caused by: org.springframework.beans.factory.NoSuchBeanDefinitionException: No bean named 'entityManagerFactory' available
		at org.springframework.beans.factory.support.DefaultListableBeanFactory.getBeanDefinition(DefaultListableBeanFactory.java:687)
		at org.springframework.beans.factory.support.AbstractBeanFactory.getMergedLocalBeanDefinition(AbstractBeanFactory.java:1205)
		at org.springframework.beans.factory.support.AbstractBeanFactory.doGetBean(AbstractBeanFactory.java:292)
		at org.springframework.beans.factory.support.AbstractBeanFactory.getBean(AbstractBeanFactory.java:200)
		at org.springframework.beans.factory.support.BeanDefinitionValueResolver.resolveReference(BeanDefinitionValueResolver.java:367)
		... 94 more
15-Dec-2025 23:07:59.338 SEVERE [main] org.apache.catalina.core.StandardContext.loadOnStartup Servlet [dispatcher] in web application [] threw load() exception
	org.springframework.beans.factory.NoSuchBeanDefinitionException: No bean named 'entityManagerFactory' available
		at org.springframework.beans.factory.support.DefaultListableBeanFactory.getBeanDefinition(DefaultListableBeanFactory.java:687)
		at org.springframework.beans.factory.support.AbstractBeanFactory.getMergedLocalBeanDefinition(AbstractBeanFactory.java:1205)
		at org.springframework.beans.factory.support.AbstractBeanFactory.doGetBean(AbstractBeanFactory.java:292)
		at org.springframework.beans.factory.support.AbstractBeanFactory.getBean(AbstractBeanFactory.java:200)
		at org.springframework.beans.factory.support.BeanDefinitionValueResolver.resolveReference(BeanDefinitionValueResolver.java:367)
		at org.springframework.beans.factory.support.BeanDefinitionValueResolver.resolveValueIfNecessary(BeanDefinitionValueResolver.java:110)
		at org.springframework.beans.factory.support.ConstructorResolver.resolveConstructorArguments(ConstructorResolver.java:622)
		at org.springframework.beans.factory.support.ConstructorResolver.instantiateUsingFactoryMethod(ConstructorResolver.java:440)
		at org.springframework.beans.factory.support.AbstractAutowireCapableBeanFactory.instantiateUsingFactoryMethod(AbstractAutowireCapableBeanFactory.java:1250)
		at org.springframework.beans.factory.support.AbstractAutowireCapableBeanFactory.createBeanInstance(AbstractAutowireCapableBeanFactory.java:1099)
		at org.springframework.beans.factory.support.AbstractAutowireCapableBeanFactory.doCreateBean(AbstractAutowireCapableBeanFactory.java:545)
		at org.springframework.beans.factory.support.AbstractAutowireCapableBeanFactory.createBean(AbstractAutowireCapableBeanFactory.java:502)
		at org.springframework.beans.factory.support.BeanDefinitionValueResolver.resolveInnerBean(BeanDefinitionValueResolver.java:312)
		at org.springframework.beans.factory.support.BeanDefinitionValueResolver.resolveValueIfNecessary(BeanDefinitionValueResolver.java:131)
		at org.springframework.beans.factory.support.AbstractAutowireCapableBeanFactory.applyPropertyValues(AbstractAutowireCapableBeanFactory.java:1613)
		at org.springframework.beans.factory.support.AbstractAutowireCapableBeanFactory.populateBean(AbstractAutowireCapableBeanFactory.java:1357)
		at org.springframework.beans.factory.support.AbstractAutowireCapableBeanFactory.doCreateBean(AbstractAutowireCapableBeanFactory.java:582)
		at org.springframework.beans.factory.support.AbstractAutowireCapableBeanFactory.createBean(AbstractAutowireCapableBeanFactory.java:502)
		at org.springframework.beans.factory.support.AbstractBeanFactory.lambda$doGetBean$0(AbstractBeanFactory.java:312)
		at org.springframework.beans.factory.support.DefaultSingletonBeanRegistry.getSingleton(DefaultSingletonBeanRegistry.java:228)
		at org.springframework.beans.factory.support.AbstractBeanFactory.doGetBean(AbstractBeanFactory.java:310)
		at org.springframework.beans.factory.support.AbstractBeanFactory.getBean(AbstractBeanFactory.java:200)
		at org.springframework.beans.factory.config.DependencyDescriptor.resolveCandidate(DependencyDescriptor.java:251)
		at org.springframework.beans.factory.support.DefaultListableBeanFactory.doResolveDependency(DefaultListableBeanFactory.java:1135)
		at org.springframework.beans.factory.support.DefaultListableBeanFactory.resolveDependency(DefaultListableBeanFactory.java:1062)
		at org.springframework.beans.factory.annotation.AutowiredAnnotationBeanPostProcessor$AutowiredFieldElement.inject(AutowiredAnnotationBeanPostProcessor.java:583)
		at org.springframework.beans.factory.annotation.InjectionMetadata.inject(InjectionMetadata.java:91)
		at org.springframework.beans.factory.annotation.AutowiredAnnotationBeanPostProcessor.postProcessPropertyValues(AutowiredAnnotationBeanPostProcessor.java:372)
		at org.springframework.beans.factory.support.AbstractAutowireCapableBeanFactory.populateBean(AbstractAutowireCapableBeanFactory.java:1344)
		at org.springframework.beans.factory.support.AbstractAutowireCapableBeanFactory.doCreateBean(AbstractAutowireCapableBeanFactory.java:582)
		at org.springframework.beans.factory.support.AbstractAutowireCapableBeanFactory.createBean(AbstractAutowireCapableBeanFactory.java:502)
		at org.springframework.beans.factory.support.AbstractBeanFactory.lambda$doGetBean$0(AbstractBeanFactory.java:312)
		at org.springframework.beans.factory.support.DefaultSingletonBeanRegistry.getSingleton(DefaultSingletonBeanRegistry.java:228)
		at org.springframework.beans.factory.support.AbstractBeanFactory.doGetBean(AbstractBeanFactory.java:310)
		at org.springframework.beans.factory.support.AbstractBeanFactory.getBean(AbstractBeanFactory.java:200)
		at org.springframework.beans.factory.config.DependencyDescriptor.resolveCandidate(DependencyDescriptor.java:251)
		at org.springframework.beans.factory.support.DefaultListableBeanFactory.doResolveDependency(DefaultListableBeanFactory.java:1135)
		at org.springframework.beans.factory.support.DefaultListableBeanFactory.resolveDependency(DefaultListableBeanFactory.java:1062)
		at org.springframework.beans.factory.annotation.AutowiredAnnotationBeanPostProcessor$AutowiredFieldElement.inject(AutowiredAnnotationBeanPostProcessor.java:583)
		at org.springframework.beans.factory.annotation.InjectionMetadata.inject(InjectionMetadata.java:91)
		at org.springframework.beans.factory.annotation.AutowiredAnnotationBeanPostProcessor.postProcessPropertyValues(AutowiredAnnotationBeanPostProcessor.java:372)
		at org.springframework.beans.factory.support.AbstractAutowireCapableBeanFactory.populateBean(AbstractAutowireCapableBeanFactory.java:1344)
		at org.springframework.beans.factory.support.AbstractAutowireCapableBeanFactory.doCreateBean(AbstractAutowireCapableBeanFactory.java:582)
		at org.springframework.beans.factory.support.AbstractAutowireCapableBeanFactory.createBean(AbstractAutowireCapableBeanFactory.java:502)
		at org.springframework.beans.factory.support.AbstractBeanFactory.lambda$doGetBean$0(AbstractBeanFactory.java:312)
		at org.springframework.beans.factory.support.DefaultSingletonBeanRegistry.getSingleton(DefaultSingletonBeanRegistry.java:228)
		at org.springframework.beans.factory.support.AbstractBeanFactory.doGetBean(AbstractBeanFactory.java:310)
		at org.springframework.beans.factory.support.AbstractBeanFactory.getBean(AbstractBeanFactory.java:200)
		at org.springframework.beans.factory.support.DefaultListableBeanFactory.preInstantiateSingletons(DefaultListableBeanFactory.java:758)
		at org.springframework.context.support.AbstractApplicationContext.finishBeanFactoryInitialization(AbstractApplicationContext.java:868)
		at org.springframework.context.support.AbstractApplicationContext.refresh(AbstractApplicationContext.java:549)
		at org.springframework.web.servlet.FrameworkServlet.configureAndRefreshWebApplicationContext(FrameworkServlet.java:676)
		at org.springframework.web.servlet.FrameworkServlet.initWebApplicationContext(FrameworkServlet.java:545)
		at org.springframework.web.servlet.FrameworkServlet.initServletBean(FrameworkServlet.java:499)
		at org.springframework.web.servlet.HttpServletBean.init(HttpServletBean.java:172)
		at javax.servlet.GenericServlet.init(GenericServlet.java:143)
		at org.apache.catalina.core.StandardWrapper.initServlet(StandardWrapper.java:989)
		at org.apache.catalina.core.StandardWrapper.load(StandardWrapper.java:846)
		at org.apache.catalina.core.StandardContext.loadOnStartup(StandardContext.java:4234)
		at org.apache.catalina.core.StandardContext.startInternal(StandardContext.java:4535)
		at org.apache.catalina.util.LifecycleBase.start(LifecycleBase.java:164)
		at org.apache.catalina.core.ContainerBase.addChildInternal(ContainerBase.java:599)
		at org.apache.catalina.core.ContainerBase.addChild(ContainerBase.java:571)
		at org.apache.catalina.core.StandardHost.addChild(StandardHost.java:604)
		at org.apache.catalina.startup.HostConfig.deployDescriptor(HostConfig.java:680)
		at org.apache.catalina.startup.HostConfig$DeployDescriptor.run(HostConfig.java:1839)
		at java.util.concurrent.Executors$RunnableAdapter.call(Executors.java:511)
		at java.util.concurrent.FutureTask.run(FutureTask.java:266)
		at org.apache.tomcat.util.threads.InlineExecutorService.execute(InlineExecutorService.java:82)
		at java.util.concurrent.AbstractExecutorService.submit(AbstractExecutorService.java:112)
		at org.apache.catalina.startup.HostConfig.deployDescriptors(HostConfig.java:575)
		at org.apache.catalina.startup.HostConfig.deployApps(HostConfig.java:466)
		at org.apache.catalina.startup.HostConfig.start(HostConfig.java:1579)
		at org.apache.catalina.startup.HostConfig.lifecycleEvent(HostConfig.java:312)
		at org.apache.catalina.util.LifecycleBase.fireLifecycleEvent(LifecycleBase.java:109)
		at org.apache.catalina.util.LifecycleBase.setStateInternal(LifecycleBase.java:389)
		at org.apache.catalina.util.LifecycleBase.setState(LifecycleBase.java:336)
		at org.apache.catalina.core.ContainerBase.startInternal(ContainerBase.java:776)
		at org.apache.catalina.core.StandardHost.startInternal(StandardHost.java:722)
		at org.apache.catalina.util.LifecycleBase.start(LifecycleBase.java:164)
		at org.apache.catalina.core.ContainerBase$StartChild.call(ContainerBase.java:1203)
		at org.apache.catalina.core.ContainerBase$StartChild.call(ContainerBase.java:1193)
		at java.util.concurrent.FutureTask.run(FutureTask.java:266)
		at org.apache.tomcat.util.threads.InlineExecutorService.execute(InlineExecutorService.java:82)
		at java.util.concurrent.AbstractExecutorService.submit(AbstractExecutorService.java:134)
		at org.apache.catalina.core.ContainerBase.startInternal(ContainerBase.java:749)
		at org.apache.catalina.core.StandardEngine.startInternal(StandardEngine.java:211)
		at org.apache.catalina.util.LifecycleBase.start(LifecycleBase.java:164)
		at org.apache.catalina.core.StandardService.startInternal(StandardService.java:412)
		at org.apache.catalina.util.LifecycleBase.start(LifecycleBase.java:164)
		at org.apache.catalina.core.StandardServer.startInternal(StandardServer.java:874)
		at org.apache.catalina.util.LifecycleBase.start(LifecycleBase.java:164)
		at org.apache.catalina.startup.Catalina.start(Catalina.java:739)
		at sun.reflect.NativeMethodAccessorImpl.invoke0(Native Method)
		at sun.reflect.NativeMethodAccessorImpl.invoke(NativeMethodAccessorImpl.java:62)
		at sun.reflect.DelegatingMethodAccessorImpl.invoke(DelegatingMethodAccessorImpl.java:43)
		at java.lang.reflect.Method.invoke(Method.java:498)
		at org.apache.catalina.startup.Bootstrap.start(Bootstrap.java:345)
		at org.apache.catalina.startup.Bootstrap.main(Bootstrap.java:476)
15-Dec-2025 23:08:06.703 INFO [http-nio-8080-exec-1] org.apache.catalina.core.ApplicationContext.log Initializing Spring FrameworkServlet 'dispatcher'
15-Dec-2025 23:08:07.301 SEVERE [http-nio-8080-exec-1] org.apache.catalina.core.ApplicationContext.log Servlet.init() for servlet [dispatcher] threw exception
	org.springframework.beans.factory.UnsatisfiedDependencyException: Error creating bean with name 'demoController': Unsatisfied dependency expressed through field 'userService'; nested exception is org.springframework.beans.factory.UnsatisfiedDependencyException: Error creating bean with name 'userService': Unsatisfied dependency expressed through field 'userRepository'; nested exception is org.springframework.beans.factory.BeanCreationException: Error creating bean with name 'userRepository': Cannot create inner bean '(inner bean)#53171bd' of type [org.springframework.orm.jpa.SharedEntityManagerCreator] while setting bean property 'entityManager'; nested exception is org.springframework.beans.factory.BeanCreationException: Error creating bean with name '(inner bean)#53171bd': Cannot resolve reference to bean 'entityManagerFactory' while setting constructor argument; nested exception is org.springframework.beans.factory.NoSuchBeanDefinitionException: No bean named 'entityManagerFactory' available
		at org.springframework.beans.factory.annotation.AutowiredAnnotationBeanPostProcessor$AutowiredFieldElement.inject(AutowiredAnnotationBeanPostProcessor.java:586)
		at org.springframework.beans.factory.annotation.InjectionMetadata.inject(InjectionMetadata.java:91)
		at org.springframework.beans.factory.annotation.AutowiredAnnotationBeanPostProcessor.postProcessPropertyValues(AutowiredAnnotationBeanPostProcessor.java:372)
		at org.springframework.beans.factory.support.AbstractAutowireCapableBeanFactory.populateBean(AbstractAutowireCapableBeanFactory.java:1344)
		at org.springframework.beans.factory.support.AbstractAutowireCapableBeanFactory.doCreateBean(AbstractAutowireCapableBeanFactory.java:582)
		at org.springframework.beans.factory.support.AbstractAutowireCapableBeanFactory.createBean(AbstractAutowireCapableBeanFactory.java:502)
		at org.springframework.beans.factory.support.AbstractBeanFactory.lambda$doGetBean$0(AbstractBeanFactory.java:312)
		at org.springframework.beans.factory.support.DefaultSingletonBeanRegistry.getSingleton(DefaultSingletonBeanRegistry.java:228)
		at org.springframework.beans.factory.support.AbstractBeanFactory.doGetBean(AbstractBeanFactory.java:310)
		at org.springframework.beans.factory.support.AbstractBeanFactory.getBean(AbstractBeanFactory.java:200)
		at org.springframework.beans.factory.support.DefaultListableBeanFactory.preInstantiateSingletons(DefaultListableBeanFactory.java:758)
		at org.springframework.context.support.AbstractApplicationContext.finishBeanFactoryInitialization(AbstractApplicationContext.java:868)
		at org.springframework.context.support.AbstractApplicationContext.refresh(AbstractApplicationContext.java:549)
		at org.springframework.web.servlet.FrameworkServlet.configureAndRefreshWebApplicationContext(FrameworkServlet.java:676)
		at org.springframework.web.servlet.FrameworkServlet.initWebApplicationContext(FrameworkServlet.java:545)
		at org.springframework.web.servlet.FrameworkServlet.initServletBean(FrameworkServlet.java:499)
		at org.springframework.web.servlet.HttpServletBean.init(HttpServletBean.java:172)
		at javax.servlet.GenericServlet.init(GenericServlet.java:143)
		at org.apache.catalina.core.StandardWrapper.initServlet(StandardWrapper.java:989)
		at org.apache.catalina.core.StandardWrapper.allocate(StandardWrapper.java:680)
		at org.apache.catalina.core.StandardWrapperValve.invoke(StandardWrapperValve.java:116)
		at org.apache.catalina.core.StandardContextValve.invoke(StandardContextValve.java:90)
		at org.apache.catalina.authenticator.AuthenticatorBase.invoke(AuthenticatorBase.java:482)
		at org.apache.catalina.core.StandardHostValve.invoke(StandardHostValve.java:130)
		at org.apache.catalina.valves.ErrorReportValve.invoke(ErrorReportValve.java:93)
		at org.apache.catalina.valves.AbstractAccessLogValve.invoke(AbstractAccessLogValve.java:656)
		at org.apache.catalina.core.StandardEngineValve.invoke(StandardEngineValve.java:74)
		at org.apache.catalina.connector.CoyoteAdapter.service(CoyoteAdapter.java:346)
		at org.apache.coyote.http11.Http11Processor.service(Http11Processor.java:397)
		at org.apache.coyote.AbstractProcessorLight.process(AbstractProcessorLight.java:63)
		at org.apache.coyote.AbstractProtocol$ConnectionHandler.process(AbstractProtocol.java:935)
		at org.apache.tomcat.util.net.NioEndpoint$SocketProcessor.doRun(NioEndpoint.java:1833)
		at org.apache.tomcat.util.net.SocketProcessorBase.run(SocketProcessorBase.java:52)
		at org.apache.tomcat.util.threads.ThreadPoolExecutor.runWorker(ThreadPoolExecutor.java:975)
		at org.apache.tomcat.util.threads.ThreadPoolExecutor$Worker.run(ThreadPoolExecutor.java:493)
		at org.apache.tomcat.util.threads.TaskThread$WrappingRunnable.run(TaskThread.java:63)
		at java.lang.Thread.run(Thread.java:750)
	Caused by: org.springframework.beans.factory.UnsatisfiedDependencyException: Error creating bean with name 'userService': Unsatisfied dependency expressed through field 'userRepository'; nested exception is org.springframework.beans.factory.BeanCreationException: Error creating bean with name 'userRepository': Cannot create inner bean '(inner bean)#53171bd' of type [org.springframework.orm.jpa.SharedEntityManagerCreator] while setting bean property 'entityManager'; nested exception is org.springframework.beans.factory.BeanCreationException: Error creating bean with name '(inner bean)#53171bd': Cannot resolve reference to bean 'entityManagerFactory' while setting constructor argument; nested exception is org.springframework.beans.factory.NoSuchBeanDefinitionException: No bean named 'entityManagerFactory' available
		at org.springframework.beans.factory.annotation.AutowiredAnnotationBeanPostProcessor$AutowiredFieldElement.inject(AutowiredAnnotationBeanPostProcessor.java:586)
		at org.springframework.beans.factory.annotation.InjectionMetadata.inject(InjectionMetadata.java:91)
		at org.springframework.beans.factory.annotation.AutowiredAnnotationBeanPostProcessor.postProcessPropertyValues(AutowiredAnnotationBeanPostProcessor.java:372)
		at org.springframework.beans.factory.support.AbstractAutowireCapableBeanFactory.populateBean(AbstractAutowireCapableBeanFactory.java:1344)
		at org.springframework.beans.factory.support.AbstractAutowireCapableBeanFactory.doCreateBean(AbstractAutowireCapableBeanFactory.java:582)
		at org.springframework.beans.factory.support.AbstractAutowireCapableBeanFactory.createBean(AbstractAutowireCapableBeanFactory.java:502)
		at org.springframework.beans.factory.support.AbstractBeanFactory.lambda$doGetBean$0(AbstractBeanFactory.java:312)
		at org.springframework.beans.factory.support.DefaultSingletonBeanRegistry.getSingleton(DefaultSingletonBeanRegistry.java:228)
		at org.springframework.beans.factory.support.AbstractBeanFactory.doGetBean(AbstractBeanFactory.java:310)
		at org.springframework.beans.factory.support.AbstractBeanFactory.getBean(AbstractBeanFactory.java:200)
		at org.springframework.beans.factory.config.DependencyDescriptor.resolveCandidate(DependencyDescriptor.java:251)
		at org.springframework.beans.factory.support.DefaultListableBeanFactory.doResolveDependency(DefaultListableBeanFactory.java:1135)
		at org.springframework.beans.factory.support.DefaultListableBeanFactory.resolveDependency(DefaultListableBeanFactory.java:1062)
		at org.springframework.beans.factory.annotation.AutowiredAnnotationBeanPostProcessor$AutowiredFieldElement.inject(AutowiredAnnotationBeanPostProcessor.java:583)
		... 36 more
	Caused by: org.springframework.beans.factory.BeanCreationException: Error creating bean with name 'userRepository': Cannot create inner bean '(inner bean)#53171bd' of type [org.springframework.orm.jpa.SharedEntityManagerCreator] while setting bean property 'entityManager'; nested exception is org.springframework.beans.factory.BeanCreationException: Error creating bean with name '(inner bean)#53171bd': Cannot resolve reference to bean 'entityManagerFactory' while setting constructor argument; nested exception is org.springframework.beans.factory.NoSuchBeanDefinitionException: No bean named 'entityManagerFactory' available
		at org.springframework.beans.factory.support.BeanDefinitionValueResolver.resolveInnerBean(BeanDefinitionValueResolver.java:327)
		at org.springframework.beans.factory.support.BeanDefinitionValueResolver.resolveValueIfNecessary(BeanDefinitionValueResolver.java:131)
		at org.springframework.beans.factory.support.AbstractAutowireCapableBeanFactory.applyPropertyValues(AbstractAutowireCapableBeanFactory.java:1613)
		at org.springframework.beans.factory.support.AbstractAutowireCapableBeanFactory.populateBean(AbstractAutowireCapableBeanFactory.java:1357)
		at org.springframework.beans.factory.support.AbstractAutowireCapableBeanFactory.doCreateBean(AbstractAutowireCapableBeanFactory.java:582)
		at org.springframework.beans.factory.support.AbstractAutowireCapableBeanFactory.createBean(AbstractAutowireCapableBeanFactory.java:502)
		at org.springframework.beans.factory.support.AbstractBeanFactory.lambda$doGetBean$0(AbstractBeanFactory.java:312)
		at org.springframework.beans.factory.support.DefaultSingletonBeanRegistry.getSingleton(DefaultSingletonBeanRegistry.java:228)
		at org.springframework.beans.factory.support.AbstractBeanFactory.doGetBean(AbstractBeanFactory.java:310)
		at org.springframework.beans.factory.support.AbstractBeanFactory.getBean(AbstractBeanFactory.java:200)
		at org.springframework.beans.factory.config.DependencyDescriptor.resolveCandidate(DependencyDescriptor.java:251)
		at org.springframework.beans.factory.support.DefaultListableBeanFactory.doResolveDependency(DefaultListableBeanFactory.java:1135)
		at org.springframework.beans.factory.support.DefaultListableBeanFactory.resolveDependency(DefaultListableBeanFactory.java:1062)
		at org.springframework.beans.factory.annotation.AutowiredAnnotationBeanPostProcessor$AutowiredFieldElement.inject(AutowiredAnnotationBeanPostProcessor.java:583)
		... 49 more
	Caused by: org.springframework.beans.factory.BeanCreationException: Error creating bean with name '(inner bean)#53171bd': Cannot resolve reference to bean 'entityManagerFactory' while setting constructor argument; nested exception is org.springframework.beans.factory.NoSuchBeanDefinitionException: No bean named 'entityManagerFactory' available
		at org.springframework.beans.factory.support.BeanDefinitionValueResolver.resolveReference(BeanDefinitionValueResolver.java:378)
		at org.springframework.beans.factory.support.BeanDefinitionValueResolver.resolveValueIfNecessary(BeanDefinitionValueResolver.java:110)
		at org.springframework.beans.factory.support.ConstructorResolver.resolveConstructorArguments(ConstructorResolver.java:622)
		at org.springframework.beans.factory.support.ConstructorResolver.instantiateUsingFactoryMethod(ConstructorResolver.java:440)
		at org.springframework.beans.factory.support.AbstractAutowireCapableBeanFactory.instantiateUsingFactoryMethod(AbstractAutowireCapableBeanFactory.java:1250)
		at org.springframework.beans.factory.support.AbstractAutowireCapableBeanFactory.createBeanInstance(AbstractAutowireCapableBeanFactory.java:1099)
		at org.springframework.beans.factory.support.AbstractAutowireCapableBeanFactory.doCreateBean(AbstractAutowireCapableBeanFactory.java:545)
		at org.springframework.beans.factory.support.AbstractAutowireCapableBeanFactory.createBean(AbstractAutowireCapableBeanFactory.java:502)
		at org.springframework.beans.factory.support.BeanDefinitionValueResolver.resolveInnerBean(BeanDefinitionValueResolver.java:312)
		... 62 more
	Caused by: org.springframework.beans.factory.NoSuchBeanDefinitionException: No bean named 'entityManagerFactory' available
		at org.springframework.beans.factory.support.DefaultListableBeanFactory.getBeanDefinition(DefaultListableBeanFactory.java:687)
		at org.springframework.beans.factory.support.AbstractBeanFactory.getMergedLocalBeanDefinition(AbstractBeanFactory.java:1205)
		at org.springframework.beans.factory.support.AbstractBeanFactory.doGetBean(AbstractBeanFactory.java:292)
		at org.springframework.beans.factory.support.AbstractBeanFactory.getBean(AbstractBeanFactory.java:200)
		at org.springframework.beans.factory.support.BeanDefinitionValueResolver.resolveReference(BeanDefinitionValueResolver.java:367)
		... 70 more
15-Dec-2025 23:08:07.302 SEVERE [http-nio-8080-exec-1] org.apache.catalina.core.StandardWrapperValve.invoke Allocate exception for servlet [dispatcher]
	org.springframework.beans.factory.NoSuchBeanDefinitionException: No bean named 'entityManagerFactory' available
		at org.springframework.beans.factory.support.DefaultListableBeanFactory.getBeanDefinition(DefaultListableBeanFactory.java:687)
		at org.springframework.beans.factory.support.AbstractBeanFactory.getMergedLocalBeanDefinition(AbstractBeanFactory.java:1205)
		at org.springframework.beans.factory.support.AbstractBeanFactory.doGetBean(AbstractBeanFactory.java:292)
		at org.springframework.beans.factory.support.AbstractBeanFactory.getBean(AbstractBeanFactory.java:200)
		at org.springframework.beans.factory.support.BeanDefinitionValueResolver.resolveReference(BeanDefinitionValueResolver.java:367)
		at org.springframework.beans.factory.support.BeanDefinitionValueResolver.resolveValueIfNecessary(BeanDefinitionValueResolver.java:110)
		at org.springframework.beans.factory.support.ConstructorResolver.resolveConstructorArguments(ConstructorResolver.java:622)
		at org.springframework.beans.factory.support.ConstructorResolver.instantiateUsingFactoryMethod(ConstructorResolver.java:440)
		at org.springframework.beans.factory.support.AbstractAutowireCapableBeanFactory.instantiateUsingFactoryMethod(AbstractAutowireCapableBeanFactory.java:1250)
		at org.springframework.beans.factory.support.AbstractAutowireCapableBeanFactory.createBeanInstance(AbstractAutowireCapableBeanFactory.java:1099)
		at org.springframework.beans.factory.support.AbstractAutowireCapableBeanFactory.doCreateBean(AbstractAutowireCapableBeanFactory.java:545)
		at org.springframework.beans.factory.support.AbstractAutowireCapableBeanFactory.createBean(AbstractAutowireCapableBeanFactory.java:502)
		at org.springframework.beans.factory.support.BeanDefinitionValueResolver.resolveInnerBean(BeanDefinitionValueResolver.java:312)
		at org.springframework.beans.factory.support.BeanDefinitionValueResolver.resolveValueIfNecessary(BeanDefinitionValueResolver.java:131)
		at org.springframework.beans.factory.support.AbstractAutowireCapableBeanFactory.applyPropertyValues(AbstractAutowireCapableBeanFactory.java:1613)
		at org.springframework.beans.factory.support.AbstractAutowireCapableBeanFactory.populateBean(AbstractAutowireCapableBeanFactory.java:1357)
		at org.springframework.beans.factory.support.AbstractAutowireCapableBeanFactory.doCreateBean(AbstractAutowireCapableBeanFactory.java:582)
		at org.springframework.beans.factory.support.AbstractAutowireCapableBeanFactory.createBean(AbstractAutowireCapableBeanFactory.java:502)
		at org.springframework.beans.factory.support.AbstractBeanFactory.lambda$doGetBean$0(AbstractBeanFactory.java:312)
		at org.springframework.beans.factory.support.DefaultSingletonBeanRegistry.getSingleton(DefaultSingletonBeanRegistry.java:228)
		at org.springframework.beans.factory.support.AbstractBeanFactory.doGetBean(AbstractBeanFactory.java:310)
		at org.springframework.beans.factory.support.AbstractBeanFactory.getBean(AbstractBeanFactory.java:200)
		at org.springframework.beans.factory.config.DependencyDescriptor.resolveCandidate(DependencyDescriptor.java:251)
		at org.springframework.beans.factory.support.DefaultListableBeanFactory.doResolveDependency(DefaultListableBeanFactory.java:1135)
		at org.springframework.beans.factory.support.DefaultListableBeanFactory.resolveDependency(DefaultListableBeanFactory.java:1062)
		at org.springframework.beans.factory.annotation.AutowiredAnnotationBeanPostProcessor$AutowiredFieldElement.inject(AutowiredAnnotationBeanPostProcessor.java:583)
		at org.springframework.beans.factory.annotation.InjectionMetadata.inject(InjectionMetadata.java:91)
		at org.springframework.beans.factory.annotation.AutowiredAnnotationBeanPostProcessor.postProcessPropertyValues(AutowiredAnnotationBeanPostProcessor.java:372)
		at org.springframework.beans.factory.support.AbstractAutowireCapableBeanFactory.populateBean(AbstractAutowireCapableBeanFactory.java:1344)
		at org.springframework.beans.factory.support.AbstractAutowireCapableBeanFactory.doCreateBean(AbstractAutowireCapableBeanFactory.java:582)
		at org.springframework.beans.factory.support.AbstractAutowireCapableBeanFactory.createBean(AbstractAutowireCapableBeanFactory.java:502)
		at org.springframework.beans.factory.support.AbstractBeanFactory.lambda$doGetBean$0(AbstractBeanFactory.java:312)
		at org.springframework.beans.factory.support.DefaultSingletonBeanRegistry.getSingleton(DefaultSingletonBeanRegistry.java:228)
		at org.springframework.beans.factory.support.AbstractBeanFactory.doGetBean(AbstractBeanFactory.java:310)
		at org.springframework.beans.factory.support.AbstractBeanFactory.getBean(AbstractBeanFactory.java:200)
		at org.springframework.beans.factory.config.DependencyDescriptor.resolveCandidate(DependencyDescriptor.java:251)
		at org.springframework.beans.factory.support.DefaultListableBeanFactory.doResolveDependency(DefaultListableBeanFactory.java:1135)
		at org.springframework.beans.factory.support.DefaultListableBeanFactory.resolveDependency(DefaultListableBeanFactory.java:1062)
		at org.springframework.beans.factory.annotation.AutowiredAnnotationBeanPostProcessor$AutowiredFieldElement.inject(AutowiredAnnotationBeanPostProcessor.java:583)
		at org.springframework.beans.factory.annotation.InjectionMetadata.inject(InjectionMetadata.java:91)
		at org.springframework.beans.factory.annotation.AutowiredAnnotationBeanPostProcessor.postProcessPropertyValues(AutowiredAnnotationBeanPostProcessor.java:372)
		at org.springframework.beans.factory.support.AbstractAutowireCapableBeanFactory.populateBean(AbstractAutowireCapableBeanFactory.java:1344)
		at org.springframework.beans.factory.support.AbstractAutowireCapableBeanFactory.doCreateBean(AbstractAutowireCapableBeanFactory.java:582)
		at org.springframework.beans.factory.support.AbstractAutowireCapableBeanFactory.createBean(AbstractAutowireCapableBeanFactory.java:502)
		at org.springframework.beans.factory.support.AbstractBeanFactory.lambda$doGetBean$0(AbstractBeanFactory.java:312)
		at org.springframework.beans.factory.support.DefaultSingletonBeanRegistry.getSingleton(DefaultSingletonBeanRegistry.java:228)
		at org.springframework.beans.factory.support.AbstractBeanFactory.doGetBean(AbstractBeanFactory.java:310)
		at org.springframework.beans.factory.support.AbstractBeanFactory.getBean(AbstractBeanFactory.java:200)
		at org.springframework.beans.factory.support.DefaultListableBeanFactory.preInstantiateSingletons(DefaultListableBeanFactory.java:758)
		at org.springframework.context.support.AbstractApplicationContext.finishBeanFactoryInitialization(AbstractApplicationContext.java:868)
		at org.springframework.context.support.AbstractApplicationContext.refresh(AbstractApplicationContext.java:549)
		at org.springframework.web.servlet.FrameworkServlet.configureAndRefreshWebApplicationContext(FrameworkServlet.java:676)
		at org.springframework.web.servlet.FrameworkServlet.initWebApplicationContext(FrameworkServlet.java:545)
		at org.springframework.web.servlet.FrameworkServlet.initServletBean(FrameworkServlet.java:499)
		at org.springframework.web.servlet.HttpServletBean.init(HttpServletBean.java:172)
		at javax.servlet.GenericServlet.init(GenericServlet.java:143)
		at org.apache.catalina.core.StandardWrapper.initServlet(StandardWrapper.java:989)
		at org.apache.catalina.core.StandardWrapper.allocate(StandardWrapper.java:680)
		at org.apache.catalina.core.StandardWrapperValve.invoke(StandardWrapperValve.java:116)
		at org.apache.catalina.core.StandardContextValve.invoke(StandardContextValve.java:90)
		at org.apache.catalina.authenticator.AuthenticatorBase.invoke(AuthenticatorBase.java:482)
		at org.apache.catalina.core.StandardHostValve.invoke(StandardHostValve.java:130)
		at org.apache.catalina.valves.ErrorReportValve.invoke(ErrorReportValve.java:93)
		at org.apache.catalina.valves.AbstractAccessLogValve.invoke(AbstractAccessLogValve.java:656)
		at org.apache.catalina.core.StandardEngineValve.invoke(StandardEngineValve.java:74)
		at org.apache.catalina.connector.CoyoteAdapter.service(CoyoteAdapter.java:346)
		at org.apache.coyote.http11.Http11Processor.service(Http11Processor.java:397)
		at org.apache.coyote.AbstractProcessorLight.process(AbstractProcessorLight.java:63)
		at org.apache.coyote.AbstractProtocol$ConnectionHandler.process(AbstractProtocol.java:935)
		at org.apache.tomcat.util.net.NioEndpoint$SocketProcessor.doRun(NioEndpoint.java:1833)
		at org.apache.tomcat.util.net.SocketProcessorBase.run(SocketProcessorBase.java:52)
		at org.apache.tomcat.util.threads.ThreadPoolExecutor.runWorker(ThreadPoolExecutor.java:975)
		at org.apache.tomcat.util.threads.ThreadPoolExecutor$Worker.run(ThreadPoolExecutor.java:493)
		at org.apache.tomcat.util.threads.TaskThread$WrappingRunnable.run(TaskThread.java:63)
		at java.lang.Thread.run(Thread.java:750)
15-Dec-2025 23:21:35.206 INFO [main] org.apache.catalina.core.ApplicationContext.log 2 Spring WebApplicationInitializers detected on classpath
15-Dec-2025 23:21:35.812 INFO [main] org.apache.catalina.core.ApplicationContext.log Initializing Spring FrameworkServlet 'dispatcher'
15-Dec-2025 23:21:37.507 SEVERE [main] org.apache.catalina.core.ApplicationContext.log Servlet.init() for servlet [dispatcher] threw exception
	org.springframework.beans.factory.BeanCreationException: Error creating bean with name 'entityManagerFactory' defined in demoapp.config.DemoAppConfig: Bean instantiation via factory method failed; nested exception is org.springframework.beans.BeanInstantiationException: Failed to instantiate [org.springframework.orm.jpa.LocalContainerEntityManagerFactoryBean]: Factory method 'entityManagerFactory' threw exception; nested exception is java.lang.IllegalArgumentException: DataSource must not be null
		at org.springframework.beans.factory.support.ConstructorResolver.instantiateUsingFactoryMethod(ConstructorResolver.java:587)
		at org.springframework.beans.factory.support.AbstractAutowireCapableBeanFactory.instantiateUsingFactoryMethod(AbstractAutowireCapableBeanFactory.java:1250)
		at org.springframework.beans.factory.support.AbstractAutowireCapableBeanFactory.createBeanInstance(AbstractAutowireCapableBeanFactory.java:1099)
		at org.springframework.beans.factory.support.AbstractAutowireCapableBeanFactory.doCreateBean(AbstractAutowireCapableBeanFactory.java:545)
		at org.springframework.beans.factory.support.AbstractAutowireCapableBeanFactory.createBean(AbstractAutowireCapableBeanFactory.java:502)
		at org.springframework.beans.factory.support.AbstractBeanFactory.lambda$doGetBean$0(AbstractBeanFactory.java:312)
		at org.springframework.beans.factory.support.DefaultSingletonBeanRegistry.getSingleton(DefaultSingletonBeanRegistry.java:228)
		at org.springframework.beans.factory.support.AbstractBeanFactory.doGetBean(AbstractBeanFactory.java:310)
		at org.springframework.beans.factory.support.AbstractBeanFactory.getBean(AbstractBeanFactory.java:200)
		at org.springframework.context.support.AbstractApplicationContext.getBean(AbstractApplicationContext.java:1085)
		at org.springframework.context.support.AbstractApplicationContext.finishBeanFactoryInitialization(AbstractApplicationContext.java:858)
		at org.springframework.context.support.AbstractApplicationContext.refresh(AbstractApplicationContext.java:549)
		at org.springframework.web.servlet.FrameworkServlet.configureAndRefreshWebApplicationContext(FrameworkServlet.java:676)
		at org.springframework.web.servlet.FrameworkServlet.initWebApplicationContext(FrameworkServlet.java:545)
		at org.springframework.web.servlet.FrameworkServlet.initServletBean(FrameworkServlet.java:499)
		at org.springframework.web.servlet.HttpServletBean.init(HttpServletBean.java:172)
		at javax.servlet.GenericServlet.init(GenericServlet.java:143)
		at org.apache.catalina.core.StandardWrapper.initServlet(StandardWrapper.java:989)
		at org.apache.catalina.core.StandardWrapper.load(StandardWrapper.java:846)
		at org.apache.catalina.core.StandardContext.loadOnStartup(StandardContext.java:4234)
		at org.apache.catalina.core.StandardContext.startInternal(StandardContext.java:4535)
		at org.apache.catalina.util.LifecycleBase.start(LifecycleBase.java:164)
		at org.apache.catalina.core.ContainerBase.addChildInternal(ContainerBase.java:599)
		at org.apache.catalina.core.ContainerBase.addChild(ContainerBase.java:571)
		at org.apache.catalina.core.StandardHost.addChild(StandardHost.java:604)
		at org.apache.catalina.startup.HostConfig.deployDescriptor(HostConfig.java:680)
		at org.apache.catalina.startup.HostConfig$DeployDescriptor.run(HostConfig.java:1839)
		at java.util.concurrent.Executors$RunnableAdapter.call(Executors.java:511)
		at java.util.concurrent.FutureTask.run(FutureTask.java:266)
		at org.apache.tomcat.util.threads.InlineExecutorService.execute(InlineExecutorService.java:82)
		at java.util.concurrent.AbstractExecutorService.submit(AbstractExecutorService.java:112)
		at org.apache.catalina.startup.HostConfig.deployDescriptors(HostConfig.java:575)
		at org.apache.catalina.startup.HostConfig.deployApps(HostConfig.java:466)
		at org.apache.catalina.startup.HostConfig.start(HostConfig.java:1579)
		at org.apache.catalina.startup.HostConfig.lifecycleEvent(HostConfig.java:312)
		at org.apache.catalina.util.LifecycleBase.fireLifecycleEvent(LifecycleBase.java:109)
		at org.apache.catalina.util.LifecycleBase.setStateInternal(LifecycleBase.java:389)
		at org.apache.catalina.util.LifecycleBase.setState(LifecycleBase.java:336)
		at org.apache.catalina.core.ContainerBase.startInternal(ContainerBase.java:776)
		at org.apache.catalina.core.StandardHost.startInternal(StandardHost.java:722)
		at org.apache.catalina.util.LifecycleBase.start(LifecycleBase.java:164)
		at org.apache.catalina.core.ContainerBase$StartChild.call(ContainerBase.java:1203)
		at org.apache.catalina.core.ContainerBase$StartChild.call(ContainerBase.java:1193)
		at java.util.concurrent.FutureTask.run(FutureTask.java:266)
		at org.apache.tomcat.util.threads.InlineExecutorService.execute(InlineExecutorService.java:82)
		at java.util.concurrent.AbstractExecutorService.submit(AbstractExecutorService.java:134)
		at org.apache.catalina.core.ContainerBase.startInternal(ContainerBase.java:749)
		at org.apache.catalina.core.StandardEngine.startInternal(StandardEngine.java:211)
		at org.apache.catalina.util.LifecycleBase.start(LifecycleBase.java:164)
		at org.apache.catalina.core.StandardService.startInternal(StandardService.java:412)
		at org.apache.catalina.util.LifecycleBase.start(LifecycleBase.java:164)
		at org.apache.catalina.core.StandardServer.startInternal(StandardServer.java:874)
		at org.apache.catalina.util.LifecycleBase.start(LifecycleBase.java:164)
		at org.apache.catalina.startup.Catalina.start(Catalina.java:739)
		at sun.reflect.NativeMethodAccessorImpl.invoke0(Native Method)
		at sun.reflect.NativeMethodAccessorImpl.invoke(NativeMethodAccessorImpl.java:62)
		at sun.reflect.DelegatingMethodAccessorImpl.invoke(DelegatingMethodAccessorImpl.java:43)
		at java.lang.reflect.Method.invoke(Method.java:498)
		at org.apache.catalina.startup.Bootstrap.start(Bootstrap.java:345)
		at org.apache.catalina.startup.Bootstrap.main(Bootstrap.java:476)
	Caused by: org.springframework.beans.BeanInstantiationException: Failed to instantiate [org.springframework.orm.jpa.LocalContainerEntityManagerFactoryBean]: Factory method 'entityManagerFactory' threw exception; nested exception is java.lang.IllegalArgumentException: DataSource must not be null
		at org.springframework.beans.factory.support.SimpleInstantiationStrategy.instantiate(SimpleInstantiationStrategy.java:185)
		at org.springframework.beans.factory.support.ConstructorResolver.instantiateUsingFactoryMethod(ConstructorResolver.java:579)
		... 59 more
	Caused by: java.lang.IllegalArgumentException: DataSource must not be null
		at org.springframework.util.Assert.notNull(Assert.java:193)
		at org.springframework.jdbc.datasource.lookup.SingleDataSourceLookup.<init>(SingleDataSourceLookup.java:40)
		at org.springframework.orm.jpa.LocalContainerEntityManagerFactoryBean.setDataSource(LocalContainerEntityManagerFactoryBean.java:257)
		at demoapp.config.DemoAppConfig.entityManagerFactory(DemoAppConfig.java:87)
		at demoapp.config.DemoAppConfig$$EnhancerBySpringCGLIB$$272cb6aa.CGLIB$entityManagerFactory$3(<generated>)
		at demoapp.config.DemoAppConfig$$EnhancerBySpringCGLIB$$272cb6aa$$FastClassBySpringCGLIB$$844ddd7f.invoke(<generated>)
		at org.springframework.cglib.proxy.MethodProxy.invokeSuper(MethodProxy.java:228)
		at org.springframework.context.annotation.ConfigurationClassEnhancer$BeanMethodInterceptor.intercept(ConfigurationClassEnhancer.java:361)
		at demoapp.config.DemoAppConfig$$EnhancerBySpringCGLIB$$272cb6aa.entityManagerFactory(<generated>)
		at sun.reflect.NativeMethodAccessorImpl.invoke0(Native Method)
		at sun.reflect.NativeMethodAccessorImpl.invoke(NativeMethodAccessorImpl.java:62)
		at sun.reflect.DelegatingMethodAccessorImpl.invoke(DelegatingMethodAccessorImpl.java:43)
		at java.lang.reflect.Method.invoke(Method.java:498)
		at org.springframework.beans.factory.support.SimpleInstantiationStrategy.instantiate(SimpleInstantiationStrategy.java:154)
		... 60 more
15-Dec-2025 23:21:37.507 SEVERE [main] org.apache.catalina.core.StandardContext.loadOnStartup Servlet [dispatcher] in web application [] threw load() exception
	java.lang.IllegalArgumentException: DataSource must not be null
		at org.springframework.util.Assert.notNull(Assert.java:193)
		at org.springframework.jdbc.datasource.lookup.SingleDataSourceLookup.<init>(SingleDataSourceLookup.java:40)
		at org.springframework.orm.jpa.LocalContainerEntityManagerFactoryBean.setDataSource(LocalContainerEntityManagerFactoryBean.java:257)
		at demoapp.config.DemoAppConfig.entityManagerFactory(DemoAppConfig.java:87)
		at demoapp.config.DemoAppConfig$$EnhancerBySpringCGLIB$$272cb6aa.CGLIB$entityManagerFactory$3(<generated>)
		at demoapp.config.DemoAppConfig$$EnhancerBySpringCGLIB$$272cb6aa$$FastClassBySpringCGLIB$$844ddd7f.invoke(<generated>)
		at org.springframework.cglib.proxy.MethodProxy.invokeSuper(MethodProxy.java:228)
		at org.springframework.context.annotation.ConfigurationClassEnhancer$BeanMethodInterceptor.intercept(ConfigurationClassEnhancer.java:361)
		at demoapp.config.DemoAppConfig$$EnhancerBySpringCGLIB$$272cb6aa.entityManagerFactory(<generated>)
		at sun.reflect.NativeMethodAccessorImpl.invoke0(Native Method)
		at sun.reflect.NativeMethodAccessorImpl.invoke(NativeMethodAccessorImpl.java:62)
		at sun.reflect.DelegatingMethodAccessorImpl.invoke(DelegatingMethodAccessorImpl.java:43)
		at java.lang.reflect.Method.invoke(Method.java:498)
		at org.springframework.beans.factory.support.SimpleInstantiationStrategy.instantiate(SimpleInstantiationStrategy.java:154)
		at org.springframework.beans.factory.support.ConstructorResolver.instantiateUsingFactoryMethod(ConstructorResolver.java:579)
		at org.springframework.beans.factory.support.AbstractAutowireCapableBeanFactory.instantiateUsingFactoryMethod(AbstractAutowireCapableBeanFactory.java:1250)
		at org.springframework.beans.factory.support.AbstractAutowireCapableBeanFactory.createBeanInstance(AbstractAutowireCapableBeanFactory.java:1099)
		at org.springframework.beans.factory.support.AbstractAutowireCapableBeanFactory.doCreateBean(AbstractAutowireCapableBeanFactory.java:545)
		at org.springframework.beans.factory.support.AbstractAutowireCapableBeanFactory.createBean(AbstractAutowireCapableBeanFactory.java:502)
		at org.springframework.beans.factory.support.AbstractBeanFactory.lambda$doGetBean$0(AbstractBeanFactory.java:312)
		at org.springframework.beans.factory.support.DefaultSingletonBeanRegistry.getSingleton(DefaultSingletonBeanRegistry.java:228)
		at org.springframework.beans.factory.support.AbstractBeanFactory.doGetBean(AbstractBeanFactory.java:310)
		at org.springframework.beans.factory.support.AbstractBeanFactory.getBean(AbstractBeanFactory.java:200)
		at org.springframework.context.support.AbstractApplicationContext.getBean(AbstractApplicationContext.java:1085)
		at org.springframework.context.support.AbstractApplicationContext.finishBeanFactoryInitialization(AbstractApplicationContext.java:858)
		at org.springframework.context.support.AbstractApplicationContext.refresh(AbstractApplicationContext.java:549)
		at org.springframework.web.servlet.FrameworkServlet.configureAndRefreshWebApplicationContext(FrameworkServlet.java:676)
		at org.springframework.web.servlet.FrameworkServlet.initWebApplicationContext(FrameworkServlet.java:545)
		at org.springframework.web.servlet.FrameworkServlet.initServletBean(FrameworkServlet.java:499)
		at org.springframework.web.servlet.HttpServletBean.init(HttpServletBean.java:172)
		at javax.servlet.GenericServlet.init(GenericServlet.java:143)
		at org.apache.catalina.core.StandardWrapper.initServlet(StandardWrapper.java:989)
		at org.apache.catalina.core.StandardWrapper.load(StandardWrapper.java:846)
		at org.apache.catalina.core.StandardContext.loadOnStartup(StandardContext.java:4234)
		at org.apache.catalina.core.StandardContext.startInternal(StandardContext.java:4535)
		at org.apache.catalina.util.LifecycleBase.start(LifecycleBase.java:164)
		at org.apache.catalina.core.ContainerBase.addChildInternal(ContainerBase.java:599)
		at org.apache.catalina.core.ContainerBase.addChild(ContainerBase.java:571)
		at org.apache.catalina.core.StandardHost.addChild(StandardHost.java:604)
		at org.apache.catalina.startup.HostConfig.deployDescriptor(HostConfig.java:680)
		at org.apache.catalina.startup.HostConfig$DeployDescriptor.run(HostConfig.java:1839)
		at java.util.concurrent.Executors$RunnableAdapter.call(Executors.java:511)
		at java.util.concurrent.FutureTask.run(FutureTask.java:266)
		at org.apache.tomcat.util.threads.InlineExecutorService.execute(InlineExecutorService.java:82)
		at java.util.concurrent.AbstractExecutorService.submit(AbstractExecutorService.java:112)
		at org.apache.catalina.startup.HostConfig.deployDescriptors(HostConfig.java:575)
		at org.apache.catalina.startup.HostConfig.deployApps(HostConfig.java:466)
		at org.apache.catalina.startup.HostConfig.start(HostConfig.java:1579)
		at org.apache.catalina.startup.HostConfig.lifecycleEvent(HostConfig.java:312)
		at org.apache.catalina.util.LifecycleBase.fireLifecycleEvent(LifecycleBase.java:109)
		at org.apache.catalina.util.LifecycleBase.setStateInternal(LifecycleBase.java:389)
		at org.apache.catalina.util.LifecycleBase.setState(LifecycleBase.java:336)
		at org.apache.catalina.core.ContainerBase.startInternal(ContainerBase.java:776)
		at org.apache.catalina.core.StandardHost.startInternal(StandardHost.java:722)
		at org.apache.catalina.util.LifecycleBase.start(LifecycleBase.java:164)
		at org.apache.catalina.core.ContainerBase$StartChild.call(ContainerBase.java:1203)
		at org.apache.catalina.core.ContainerBase$StartChild.call(ContainerBase.java:1193)
		at java.util.concurrent.FutureTask.run(FutureTask.java:266)
		at org.apache.tomcat.util.threads.InlineExecutorService.execute(InlineExecutorService.java:82)
		at java.util.concurrent.AbstractExecutorService.submit(AbstractExecutorService.java:134)
		at org.apache.catalina.core.ContainerBase.startInternal(ContainerBase.java:749)
		at org.apache.catalina.core.StandardEngine.startInternal(StandardEngine.java:211)
		at org.apache.catalina.util.LifecycleBase.start(LifecycleBase.java:164)
		at org.apache.catalina.core.StandardService.startInternal(StandardService.java:412)
		at org.apache.catalina.util.LifecycleBase.start(LifecycleBase.java:164)
		at org.apache.catalina.core.StandardServer.startInternal(StandardServer.java:874)
		at org.apache.catalina.util.LifecycleBase.start(LifecycleBase.java:164)
		at org.apache.catalina.startup.Catalina.start(Catalina.java:739)
		at sun.reflect.NativeMethodAccessorImpl.invoke0(Native Method)
		at sun.reflect.NativeMethodAccessorImpl.invoke(NativeMethodAccessorImpl.java:62)
		at sun.reflect.DelegatingMethodAccessorImpl.invoke(DelegatingMethodAccessorImpl.java:43)
		at java.lang.reflect.Method.invoke(Method.java:498)
		at org.apache.catalina.startup.Bootstrap.start(Bootstrap.java:345)
		at org.apache.catalina.startup.Bootstrap.main(Bootstrap.java:476)
15-Dec-2025 23:21:48.185 INFO [http-nio-8080-exec-2] org.apache.catalina.core.ApplicationContext.log Initializing Spring FrameworkServlet 'dispatcher'
15-Dec-2025 23:21:48.357 SEVERE [http-nio-8080-exec-2] org.apache.catalina.core.ApplicationContext.log Servlet.init() for servlet [dispatcher] threw exception
	org.springframework.beans.factory.BeanCreationException: Error creating bean with name 'entityManagerFactory' defined in demoapp.config.DemoAppConfig: Bean instantiation via factory method failed; nested exception is org.springframework.beans.BeanInstantiationException: Failed to instantiate [org.springframework.orm.jpa.LocalContainerEntityManagerFactoryBean]: Factory method 'entityManagerFactory' threw exception; nested exception is java.lang.IllegalArgumentException: DataSource must not be null
		at org.springframework.beans.factory.support.ConstructorResolver.instantiateUsingFactoryMethod(ConstructorResolver.java:587)
		at org.springframework.beans.factory.support.AbstractAutowireCapableBeanFactory.instantiateUsingFactoryMethod(AbstractAutowireCapableBeanFactory.java:1250)
		at org.springframework.beans.factory.support.AbstractAutowireCapableBeanFactory.createBeanInstance(AbstractAutowireCapableBeanFactory.java:1099)
		at org.springframework.beans.factory.support.AbstractAutowireCapableBeanFactory.doCreateBean(AbstractAutowireCapableBeanFactory.java:545)
		at org.springframework.beans.factory.support.AbstractAutowireCapableBeanFactory.createBean(AbstractAutowireCapableBeanFactory.java:502)
		at org.springframework.beans.factory.support.AbstractBeanFactory.lambda$doGetBean$0(AbstractBeanFactory.java:312)
		at org.springframework.beans.factory.support.DefaultSingletonBeanRegistry.getSingleton(DefaultSingletonBeanRegistry.java:228)
		at org.springframework.beans.factory.support.AbstractBeanFactory.doGetBean(AbstractBeanFactory.java:310)
		at org.springframework.beans.factory.support.AbstractBeanFactory.getBean(AbstractBeanFactory.java:200)
		at org.springframework.context.support.AbstractApplicationContext.getBean(AbstractApplicationContext.java:1085)
		at org.springframework.context.support.AbstractApplicationContext.finishBeanFactoryInitialization(AbstractApplicationContext.java:858)
		at org.springframework.context.support.AbstractApplicationContext.refresh(AbstractApplicationContext.java:549)
		at org.springframework.web.servlet.FrameworkServlet.configureAndRefreshWebApplicationContext(FrameworkServlet.java:676)
		at org.springframework.web.servlet.FrameworkServlet.initWebApplicationContext(FrameworkServlet.java:545)
		at org.springframework.web.servlet.FrameworkServlet.initServletBean(FrameworkServlet.java:499)
		at org.springframework.web.servlet.HttpServletBean.init(HttpServletBean.java:172)
		at javax.servlet.GenericServlet.init(GenericServlet.java:143)
		at org.apache.catalina.core.StandardWrapper.initServlet(StandardWrapper.java:989)
		at org.apache.catalina.core.StandardWrapper.allocate(StandardWrapper.java:680)
		at org.apache.catalina.core.StandardWrapperValve.invoke(StandardWrapperValve.java:116)
		at org.apache.catalina.core.StandardContextValve.invoke(StandardContextValve.java:90)
		at org.apache.catalina.authenticator.AuthenticatorBase.invoke(AuthenticatorBase.java:482)
		at org.apache.catalina.core.StandardHostValve.invoke(StandardHostValve.java:130)
		at org.apache.catalina.valves.ErrorReportValve.invoke(ErrorReportValve.java:93)
		at org.apache.catalina.valves.AbstractAccessLogValve.invoke(AbstractAccessLogValve.java:656)
		at org.apache.catalina.core.StandardEngineValve.invoke(StandardEngineValve.java:74)
		at org.apache.catalina.connector.CoyoteAdapter.service(CoyoteAdapter.java:346)
		at org.apache.coyote.http11.Http11Processor.service(Http11Processor.java:397)
		at org.apache.coyote.AbstractProcessorLight.process(AbstractProcessorLight.java:63)
		at org.apache.coyote.AbstractProtocol$ConnectionHandler.process(AbstractProtocol.java:935)
		at org.apache.tomcat.util.net.NioEndpoint$SocketProcessor.doRun(NioEndpoint.java:1833)
		at org.apache.tomcat.util.net.SocketProcessorBase.run(SocketProcessorBase.java:52)
		at org.apache.tomcat.util.threads.ThreadPoolExecutor.runWorker(ThreadPoolExecutor.java:975)
		at org.apache.tomcat.util.threads.ThreadPoolExecutor$Worker.run(ThreadPoolExecutor.java:493)
		at org.apache.tomcat.util.threads.TaskThread$WrappingRunnable.run(TaskThread.java:63)
		at java.lang.Thread.run(Thread.java:750)
	Caused by: org.springframework.beans.BeanInstantiationException: Failed to instantiate [org.springframework.orm.jpa.LocalContainerEntityManagerFactoryBean]: Factory method 'entityManagerFactory' threw exception; nested exception is java.lang.IllegalArgumentException: DataSource must not be null
		at org.springframework.beans.factory.support.SimpleInstantiationStrategy.instantiate(SimpleInstantiationStrategy.java:185)
		at org.springframework.beans.factory.support.ConstructorResolver.instantiateUsingFactoryMethod(ConstructorResolver.java:579)
		... 35 more
	Caused by: java.lang.IllegalArgumentException: DataSource must not be null
		at org.springframework.util.Assert.notNull(Assert.java:193)
		at org.springframework.jdbc.datasource.lookup.SingleDataSourceLookup.<init>(SingleDataSourceLookup.java:40)
		at org.springframework.orm.jpa.LocalContainerEntityManagerFactoryBean.setDataSource(LocalContainerEntityManagerFactoryBean.java:257)
		at demoapp.config.DemoAppConfig.entityManagerFactory(DemoAppConfig.java:87)
		at demoapp.config.DemoAppConfig$$EnhancerBySpringCGLIB$$272cb6aa.CGLIB$entityManagerFactory$3(<generated>)
		at demoapp.config.DemoAppConfig$$EnhancerBySpringCGLIB$$272cb6aa$$FastClassBySpringCGLIB$$844ddd7f.invoke(<generated>)
		at org.springframework.cglib.proxy.MethodProxy.invokeSuper(MethodProxy.java:228)
		at org.springframework.context.annotation.ConfigurationClassEnhancer$BeanMethodInterceptor.intercept(ConfigurationClassEnhancer.java:361)
		at demoapp.config.DemoAppConfig$$EnhancerBySpringCGLIB$$272cb6aa.entityManagerFactory(<generated>)
		at sun.reflect.NativeMethodAccessorImpl.invoke0(Native Method)
		at sun.reflect.NativeMethodAccessorImpl.invoke(NativeMethodAccessorImpl.java:62)
		at sun.reflect.DelegatingMethodAccessorImpl.invoke(DelegatingMethodAccessorImpl.java:43)
		at java.lang.reflect.Method.invoke(Method.java:498)
		at org.springframework.beans.factory.support.SimpleInstantiationStrategy.instantiate(SimpleInstantiationStrategy.java:154)
		... 36 more
15-Dec-2025 23:21:48.357 SEVERE [http-nio-8080-exec-2] org.apache.catalina.core.StandardWrapperValve.invoke Allocate exception for servlet [dispatcher]
	java.lang.IllegalArgumentException: DataSource must not be null
		at org.springframework.util.Assert.notNull(Assert.java:193)
		at org.springframework.jdbc.datasource.lookup.SingleDataSourceLookup.<init>(SingleDataSourceLookup.java:40)
		at org.springframework.orm.jpa.LocalContainerEntityManagerFactoryBean.setDataSource(LocalContainerEntityManagerFactoryBean.java:257)
		at demoapp.config.DemoAppConfig.entityManagerFactory(DemoAppConfig.java:87)
		at demoapp.config.DemoAppConfig$$EnhancerBySpringCGLIB$$272cb6aa.CGLIB$entityManagerFactory$3(<generated>)
		at demoapp.config.DemoAppConfig$$EnhancerBySpringCGLIB$$272cb6aa$$FastClassBySpringCGLIB$$844ddd7f.invoke(<generated>)
		at org.springframework.cglib.proxy.MethodProxy.invokeSuper(MethodProxy.java:228)
		at org.springframework.context.annotation.ConfigurationClassEnhancer$BeanMethodInterceptor.intercept(ConfigurationClassEnhancer.java:361)
		at demoapp.config.DemoAppConfig$$EnhancerBySpringCGLIB$$272cb6aa.entityManagerFactory(<generated>)
		at sun.reflect.NativeMethodAccessorImpl.invoke0(Native Method)
		at sun.reflect.NativeMethodAccessorImpl.invoke(NativeMethodAccessorImpl.java:62)
		at sun.reflect.DelegatingMethodAccessorImpl.invoke(DelegatingMethodAccessorImpl.java:43)
		at java.lang.reflect.Method.invoke(Method.java:498)
		at org.springframework.beans.factory.support.SimpleInstantiationStrategy.instantiate(SimpleInstantiationStrategy.java:154)
		at org.springframework.beans.factory.support.ConstructorResolver.instantiateUsingFactoryMethod(ConstructorResolver.java:579)
		at org.springframework.beans.factory.support.AbstractAutowireCapableBeanFactory.instantiateUsingFactoryMethod(AbstractAutowireCapableBeanFactory.java:1250)
		at org.springframework.beans.factory.support.AbstractAutowireCapableBeanFactory.createBeanInstance(AbstractAutowireCapableBeanFactory.java:1099)
		at org.springframework.beans.factory.support.AbstractAutowireCapableBeanFactory.doCreateBean(AbstractAutowireCapableBeanFactory.java:545)
		at org.springframework.beans.factory.support.AbstractAutowireCapableBeanFactory.createBean(AbstractAutowireCapableBeanFactory.java:502)
		at org.springframework.beans.factory.support.AbstractBeanFactory.lambda$doGetBean$0(AbstractBeanFactory.java:312)
		at org.springframework.beans.factory.support.DefaultSingletonBeanRegistry.getSingleton(DefaultSingletonBeanRegistry.java:228)
		at org.springframework.beans.factory.support.AbstractBeanFactory.doGetBean(AbstractBeanFactory.java:310)
		at org.springframework.beans.factory.support.AbstractBeanFactory.getBean(AbstractBeanFactory.java:200)
		at org.springframework.context.support.AbstractApplicationContext.getBean(AbstractApplicationContext.java:1085)
		at org.springframework.context.support.AbstractApplicationContext.finishBeanFactoryInitialization(AbstractApplicationContext.java:858)
		at org.springframework.context.support.AbstractApplicationContext.refresh(AbstractApplicationContext.java:549)
		at org.springframework.web.servlet.FrameworkServlet.configureAndRefreshWebApplicationContext(FrameworkServlet.java:676)
		at org.springframework.web.servlet.FrameworkServlet.initWebApplicationContext(FrameworkServlet.java:545)
		at org.springframework.web.servlet.FrameworkServlet.initServletBean(FrameworkServlet.java:499)
		at org.springframework.web.servlet.HttpServletBean.init(HttpServletBean.java:172)
		at javax.servlet.GenericServlet.init(GenericServlet.java:143)
		at org.apache.catalina.core.StandardWrapper.initServlet(StandardWrapper.java:989)
		at org.apache.catalina.core.StandardWrapper.allocate(StandardWrapper.java:680)
		at org.apache.catalina.core.StandardWrapperValve.invoke(StandardWrapperValve.java:116)
		at org.apache.catalina.core.StandardContextValve.invoke(StandardContextValve.java:90)
		at org.apache.catalina.authenticator.AuthenticatorBase.invoke(AuthenticatorBase.java:482)
		at org.apache.catalina.core.StandardHostValve.invoke(StandardHostValve.java:130)
		at org.apache.catalina.valves.ErrorReportValve.invoke(ErrorReportValve.java:93)
		at org.apache.catalina.valves.AbstractAccessLogValve.invoke(AbstractAccessLogValve.java:656)
		at org.apache.catalina.core.StandardEngineValve.invoke(StandardEngineValve.java:74)
		at org.apache.catalina.connector.CoyoteAdapter.service(CoyoteAdapter.java:346)
		at org.apache.coyote.http11.Http11Processor.service(Http11Processor.java:397)
		at org.apache.coyote.AbstractProcessorLight.process(AbstractProcessorLight.java:63)
		at org.apache.coyote.AbstractProtocol$ConnectionHandler.process(AbstractProtocol.java:935)
		at org.apache.tomcat.util.net.NioEndpoint$SocketProcessor.doRun(NioEndpoint.java:1833)
		at org.apache.tomcat.util.net.SocketProcessorBase.run(SocketProcessorBase.java:52)
		at org.apache.tomcat.util.threads.ThreadPoolExecutor.runWorker(ThreadPoolExecutor.java:975)
		at org.apache.tomcat.util.threads.ThreadPoolExecutor$Worker.run(ThreadPoolExecutor.java:493)
		at org.apache.tomcat.util.threads.TaskThread$WrappingRunnable.run(TaskThread.java:63)
		at java.lang.Thread.run(Thread.java:750)
15-Dec-2025 23:49:56.225 INFO [main] org.apache.catalina.core.ApplicationContext.log 2 Spring WebApplicationInitializers detected on classpath
15-Dec-2025 23:49:57.063 INFO [main] org.apache.catalina.core.ApplicationContext.log Initializing Spring FrameworkServlet 'dispatcher'
15-Dec-2025 23:49:59.658 SEVERE [main] org.apache.catalina.core.ApplicationContext.log Servlet.init() for servlet [dispatcher] threw exception
	org.springframework.beans.factory.UnsatisfiedDependencyException: Error creating bean with name 'securityConfig': Unsatisfied dependency expressed through field 'dataSource'; nested exception is org.springframework.beans.factory.NoSuchBeanDefinitionException: No qualifying bean of type 'javax.sql.DataSource' available: expected at least 1 bean which qualifies as autowire candidate. Dependency annotations: {@org.springframework.beans.factory.annotation.Autowired(required=true)}
		at org.springframework.beans.factory.annotation.AutowiredAnnotationBeanPostProcessor$AutowiredFieldElement.inject(AutowiredAnnotationBeanPostProcessor.java:586)
		at org.springframework.beans.factory.annotation.InjectionMetadata.inject(InjectionMetadata.java:91)
		at org.springframework.beans.factory.annotation.AutowiredAnnotationBeanPostProcessor.postProcessPropertyValues(AutowiredAnnotationBeanPostProcessor.java:372)
		at org.springframework.beans.factory.support.AbstractAutowireCapableBeanFactory.populateBean(AbstractAutowireCapableBeanFactory.java:1344)
		at org.springframework.beans.factory.support.AbstractAutowireCapableBeanFactory.doCreateBean(AbstractAutowireCapableBeanFactory.java:582)
		at org.springframework.beans.factory.support.AbstractAutowireCapableBeanFactory.createBean(AbstractAutowireCapableBeanFactory.java:502)
		at org.springframework.beans.factory.support.AbstractBeanFactory.lambda$doGetBean$0(AbstractBeanFactory.java:312)
		at org.springframework.beans.factory.support.DefaultSingletonBeanRegistry.getSingleton(DefaultSingletonBeanRegistry.java:228)
		at org.springframework.beans.factory.support.AbstractBeanFactory.doGetBean(AbstractBeanFactory.java:310)
		at org.springframework.beans.factory.support.AbstractBeanFactory.getBean(AbstractBeanFactory.java:200)
		at org.springframework.beans.factory.support.DefaultListableBeanFactory.preInstantiateSingletons(DefaultListableBeanFactory.java:758)
		at org.springframework.context.support.AbstractApplicationContext.finishBeanFactoryInitialization(AbstractApplicationContext.java:868)
		at org.springframework.context.support.AbstractApplicationContext.refresh(AbstractApplicationContext.java:549)
		at org.springframework.web.servlet.FrameworkServlet.configureAndRefreshWebApplicationContext(FrameworkServlet.java:676)
		at org.springframework.web.servlet.FrameworkServlet.initWebApplicationContext(FrameworkServlet.java:545)
		at org.springframework.web.servlet.FrameworkServlet.initServletBean(FrameworkServlet.java:499)
		at org.springframework.web.servlet.HttpServletBean.init(HttpServletBean.java:172)
		at javax.servlet.GenericServlet.init(GenericServlet.java:143)
		at org.apache.catalina.core.StandardWrapper.initServlet(StandardWrapper.java:989)
		at org.apache.catalina.core.StandardWrapper.load(StandardWrapper.java:846)
		at org.apache.catalina.core.StandardContext.loadOnStartup(StandardContext.java:4234)
		at org.apache.catalina.core.StandardContext.startInternal(StandardContext.java:4535)
		at org.apache.catalina.util.LifecycleBase.start(LifecycleBase.java:164)
		at org.apache.catalina.core.ContainerBase.addChildInternal(ContainerBase.java:599)
		at org.apache.catalina.core.ContainerBase.addChild(ContainerBase.java:571)
		at org.apache.catalina.core.StandardHost.addChild(StandardHost.java:604)
		at org.apache.catalina.startup.HostConfig.deployDescriptor(HostConfig.java:680)
		at org.apache.catalina.startup.HostConfig$DeployDescriptor.run(HostConfig.java:1839)
		at java.util.concurrent.Executors$RunnableAdapter.call(Executors.java:511)
		at java.util.concurrent.FutureTask.run(FutureTask.java:266)
		at org.apache.tomcat.util.threads.InlineExecutorService.execute(InlineExecutorService.java:82)
		at java.util.concurrent.AbstractExecutorService.submit(AbstractExecutorService.java:112)
		at org.apache.catalina.startup.HostConfig.deployDescriptors(HostConfig.java:575)
		at org.apache.catalina.startup.HostConfig.deployApps(HostConfig.java:466)
		at org.apache.catalina.startup.HostConfig.start(HostConfig.java:1579)
		at org.apache.catalina.startup.HostConfig.lifecycleEvent(HostConfig.java:312)
		at org.apache.catalina.util.LifecycleBase.fireLifecycleEvent(LifecycleBase.java:109)
		at org.apache.catalina.util.LifecycleBase.setStateInternal(LifecycleBase.java:389)
		at org.apache.catalina.util.LifecycleBase.setState(LifecycleBase.java:336)
		at org.apache.catalina.core.ContainerBase.startInternal(ContainerBase.java:776)
		at org.apache.catalina.core.StandardHost.startInternal(StandardHost.java:722)
		at org.apache.catalina.util.LifecycleBase.start(LifecycleBase.java:164)
		at org.apache.catalina.core.ContainerBase$StartChild.call(ContainerBase.java:1203)
		at org.apache.catalina.core.ContainerBase$StartChild.call(ContainerBase.java:1193)
		at java.util.concurrent.FutureTask.run(FutureTask.java:266)
		at org.apache.tomcat.util.threads.InlineExecutorService.execute(InlineExecutorService.java:82)
		at java.util.concurrent.AbstractExecutorService.submit(AbstractExecutorService.java:134)
		at org.apache.catalina.core.ContainerBase.startInternal(ContainerBase.java:749)
		at org.apache.catalina.core.StandardEngine.startInternal(StandardEngine.java:211)
		at org.apache.catalina.util.LifecycleBase.start(LifecycleBase.java:164)
		at org.apache.catalina.core.StandardService.startInternal(StandardService.java:412)
		at org.apache.catalina.util.LifecycleBase.start(LifecycleBase.java:164)
		at org.apache.catalina.core.StandardServer.startInternal(StandardServer.java:874)
		at org.apache.catalina.util.LifecycleBase.start(LifecycleBase.java:164)
		at org.apache.catalina.startup.Catalina.start(Catalina.java:739)
		at sun.reflect.NativeMethodAccessorImpl.invoke0(Native Method)
		at sun.reflect.NativeMethodAccessorImpl.invoke(NativeMethodAccessorImpl.java:62)
		at sun.reflect.DelegatingMethodAccessorImpl.invoke(DelegatingMethodAccessorImpl.java:43)
		at java.lang.reflect.Method.invoke(Method.java:498)
		at org.apache.catalina.startup.Bootstrap.start(Bootstrap.java:345)
		at org.apache.catalina.startup.Bootstrap.main(Bootstrap.java:476)
	Caused by: org.springframework.beans.factory.NoSuchBeanDefinitionException: No qualifying bean of type 'javax.sql.DataSource' available: expected at least 1 bean which qualifies as autowire candidate. Dependency annotations: {@org.springframework.beans.factory.annotation.Autowired(required=true)}
		at org.springframework.beans.factory.support.DefaultListableBeanFactory.raiseNoMatchingBeanFound(DefaultListableBeanFactory.java:1504)
		at org.springframework.beans.factory.support.DefaultListableBeanFactory.doResolveDependency(DefaultListableBeanFactory.java:1101)
		at org.springframework.beans.factory.support.DefaultListableBeanFactory.resolveDependency(DefaultListableBeanFactory.java:1062)
		at org.springframework.beans.factory.annotation.AutowiredAnnotationBeanPostProcessor$AutowiredFieldElement.inject(AutowiredAnnotationBeanPostProcessor.java:583)
		... 60 more
15-Dec-2025 23:49:59.659 SEVERE [main] org.apache.catalina.core.StandardContext.loadOnStartup Servlet [dispatcher] in web application [] threw load() exception
	org.springframework.beans.factory.NoSuchBeanDefinitionException: No qualifying bean of type 'javax.sql.DataSource' available: expected at least 1 bean which qualifies as autowire candidate. Dependency annotations: {@org.springframework.beans.factory.annotation.Autowired(required=true)}
		at org.springframework.beans.factory.support.DefaultListableBeanFactory.raiseNoMatchingBeanFound(DefaultListableBeanFactory.java:1504)
		at org.springframework.beans.factory.support.DefaultListableBeanFactory.doResolveDependency(DefaultListableBeanFactory.java:1101)
		at org.springframework.beans.factory.support.DefaultListableBeanFactory.resolveDependency(DefaultListableBeanFactory.java:1062)
		at org.springframework.beans.factory.annotation.AutowiredAnnotationBeanPostProcessor$AutowiredFieldElement.inject(AutowiredAnnotationBeanPostProcessor.java:583)
		at org.springframework.beans.factory.annotation.InjectionMetadata.inject(InjectionMetadata.java:91)
		at org.springframework.beans.factory.annotation.AutowiredAnnotationBeanPostProcessor.postProcessPropertyValues(AutowiredAnnotationBeanPostProcessor.java:372)
		at org.springframework.beans.factory.support.AbstractAutowireCapableBeanFactory.populateBean(AbstractAutowireCapableBeanFactory.java:1344)
		at org.springframework.beans.factory.support.AbstractAutowireCapableBeanFactory.doCreateBean(AbstractAutowireCapableBeanFactory.java:582)
		at org.springframework.beans.factory.support.AbstractAutowireCapableBeanFactory.createBean(AbstractAutowireCapableBeanFactory.java:502)
		at org.springframework.beans.factory.support.AbstractBeanFactory.lambda$doGetBean$0(AbstractBeanFactory.java:312)
		at org.springframework.beans.factory.support.DefaultSingletonBeanRegistry.getSingleton(DefaultSingletonBeanRegistry.java:228)
		at org.springframework.beans.factory.support.AbstractBeanFactory.doGetBean(AbstractBeanFactory.java:310)
		at org.springframework.beans.factory.support.AbstractBeanFactory.getBean(AbstractBeanFactory.java:200)
		at org.springframework.beans.factory.support.DefaultListableBeanFactory.preInstantiateSingletons(DefaultListableBeanFactory.java:758)
		at org.springframework.context.support.AbstractApplicationContext.finishBeanFactoryInitialization(AbstractApplicationContext.java:868)
		at org.springframework.context.support.AbstractApplicationContext.refresh(AbstractApplicationContext.java:549)
		at org.springframework.web.servlet.FrameworkServlet.configureAndRefreshWebApplicationContext(FrameworkServlet.java:676)
		at org.springframework.web.servlet.FrameworkServlet.initWebApplicationContext(FrameworkServlet.java:545)
		at org.springframework.web.servlet.FrameworkServlet.initServletBean(FrameworkServlet.java:499)
		at org.springframework.web.servlet.HttpServletBean.init(HttpServletBean.java:172)
		at javax.servlet.GenericServlet.init(GenericServlet.java:143)
		at org.apache.catalina.core.StandardWrapper.initServlet(StandardWrapper.java:989)
		at org.apache.catalina.core.StandardWrapper.load(StandardWrapper.java:846)
		at org.apache.catalina.core.StandardContext.loadOnStartup(StandardContext.java:4234)
		at org.apache.catalina.core.StandardContext.startInternal(StandardContext.java:4535)
		at org.apache.catalina.util.LifecycleBase.start(LifecycleBase.java:164)
		at org.apache.catalina.core.ContainerBase.addChildInternal(ContainerBase.java:599)
		at org.apache.catalina.core.ContainerBase.addChild(ContainerBase.java:571)
		at org.apache.catalina.core.StandardHost.addChild(StandardHost.java:604)
		at org.apache.catalina.startup.HostConfig.deployDescriptor(HostConfig.java:680)
		at org.apache.catalina.startup.HostConfig$DeployDescriptor.run(HostConfig.java:1839)
		at java.util.concurrent.Executors$RunnableAdapter.call(Executors.java:511)
		at java.util.concurrent.FutureTask.run(FutureTask.java:266)
		at org.apache.tomcat.util.threads.InlineExecutorService.execute(InlineExecutorService.java:82)
		at java.util.concurrent.AbstractExecutorService.submit(AbstractExecutorService.java:112)
		at org.apache.catalina.startup.HostConfig.deployDescriptors(HostConfig.java:575)
		at org.apache.catalina.startup.HostConfig.deployApps(HostConfig.java:466)
		at org.apache.catalina.startup.HostConfig.start(HostConfig.java:1579)
		at org.apache.catalina.startup.HostConfig.lifecycleEvent(HostConfig.java:312)
		at org.apache.catalina.util.LifecycleBase.fireLifecycleEvent(LifecycleBase.java:109)
		at org.apache.catalina.util.LifecycleBase.setStateInternal(LifecycleBase.java:389)
		at org.apache.catalina.util.LifecycleBase.setState(LifecycleBase.java:336)
		at org.apache.catalina.core.ContainerBase.startInternal(ContainerBase.java:776)
		at org.apache.catalina.core.StandardHost.startInternal(StandardHost.java:722)
		at org.apache.catalina.util.LifecycleBase.start(LifecycleBase.java:164)
		at org.apache.catalina.core.ContainerBase$StartChild.call(ContainerBase.java:1203)
		at org.apache.catalina.core.ContainerBase$StartChild.call(ContainerBase.java:1193)
		at java.util.concurrent.FutureTask.run(FutureTask.java:266)
		at org.apache.tomcat.util.threads.InlineExecutorService.execute(InlineExecutorService.java:82)
		at java.util.concurrent.AbstractExecutorService.submit(AbstractExecutorService.java:134)
		at org.apache.catalina.core.ContainerBase.startInternal(ContainerBase.java:749)
		at org.apache.catalina.core.StandardEngine.startInternal(StandardEngine.java:211)
		at org.apache.catalina.util.LifecycleBase.start(LifecycleBase.java:164)
		at org.apache.catalina.core.StandardService.startInternal(StandardService.java:412)
		at org.apache.catalina.util.LifecycleBase.start(LifecycleBase.java:164)
		at org.apache.catalina.core.StandardServer.startInternal(StandardServer.java:874)
		at org.apache.catalina.util.LifecycleBase.start(LifecycleBase.java:164)
		at org.apache.catalina.startup.Catalina.start(Catalina.java:739)
		at sun.reflect.NativeMethodAccessorImpl.invoke0(Native Method)
		at sun.reflect.NativeMethodAccessorImpl.invoke(NativeMethodAccessorImpl.java:62)
		at sun.reflect.DelegatingMethodAccessorImpl.invoke(DelegatingMethodAccessorImpl.java:43)
		at java.lang.reflect.Method.invoke(Method.java:498)
		at org.apache.catalina.startup.Bootstrap.start(Bootstrap.java:345)
		at org.apache.catalina.startup.Bootstrap.main(Bootstrap.java:476)
15-Dec-2025 23:50:14.247 INFO [http-nio-8080-exec-3] org.apache.catalina.core.ApplicationContext.log Initializing Spring FrameworkServlet 'dispatcher'
15-Dec-2025 23:50:14.583 SEVERE [http-nio-8080-exec-3] org.apache.catalina.core.ApplicationContext.log Servlet.init() for servlet [dispatcher] threw exception
	org.springframework.beans.factory.UnsatisfiedDependencyException: Error creating bean with name 'securityConfig': Unsatisfied dependency expressed through field 'dataSource'; nested exception is org.springframework.beans.factory.NoSuchBeanDefinitionException: No qualifying bean of type 'javax.sql.DataSource' available: expected at least 1 bean which qualifies as autowire candidate. Dependency annotations: {@org.springframework.beans.factory.annotation.Autowired(required=true)}
		at org.springframework.beans.factory.annotation.AutowiredAnnotationBeanPostProcessor$AutowiredFieldElement.inject(AutowiredAnnotationBeanPostProcessor.java:586)
		at org.springframework.beans.factory.annotation.InjectionMetadata.inject(InjectionMetadata.java:91)
		at org.springframework.beans.factory.annotation.AutowiredAnnotationBeanPostProcessor.postProcessPropertyValues(AutowiredAnnotationBeanPostProcessor.java:372)
		at org.springframework.beans.factory.support.AbstractAutowireCapableBeanFactory.populateBean(AbstractAutowireCapableBeanFactory.java:1344)
		at org.springframework.beans.factory.support.AbstractAutowireCapableBeanFactory.doCreateBean(AbstractAutowireCapableBeanFactory.java:582)
		at org.springframework.beans.factory.support.AbstractAutowireCapableBeanFactory.createBean(AbstractAutowireCapableBeanFactory.java:502)
		at org.springframework.beans.factory.support.AbstractBeanFactory.lambda$doGetBean$0(AbstractBeanFactory.java:312)
		at org.springframework.beans.factory.support.DefaultSingletonBeanRegistry.getSingleton(DefaultSingletonBeanRegistry.java:228)
		at org.springframework.beans.factory.support.AbstractBeanFactory.doGetBean(AbstractBeanFactory.java:310)
		at org.springframework.beans.factory.support.AbstractBeanFactory.getBean(AbstractBeanFactory.java:200)
		at org.springframework.beans.factory.support.DefaultListableBeanFactory.preInstantiateSingletons(DefaultListableBeanFactory.java:758)
		at org.springframework.context.support.AbstractApplicationContext.finishBeanFactoryInitialization(AbstractApplicationContext.java:868)
		at org.springframework.context.support.AbstractApplicationContext.refresh(AbstractApplicationContext.java:549)
		at org.springframework.web.servlet.FrameworkServlet.configureAndRefreshWebApplicationContext(FrameworkServlet.java:676)
		at org.springframework.web.servlet.FrameworkServlet.initWebApplicationContext(FrameworkServlet.java:545)
		at org.springframework.web.servlet.FrameworkServlet.initServletBean(FrameworkServlet.java:499)
		at org.springframework.web.servlet.HttpServletBean.init(HttpServletBean.java:172)
		at javax.servlet.GenericServlet.init(GenericServlet.java:143)
		at org.apache.catalina.core.StandardWrapper.initServlet(StandardWrapper.java:989)
		at org.apache.catalina.core.StandardWrapper.allocate(StandardWrapper.java:680)
		at org.apache.catalina.core.StandardWrapperValve.invoke(StandardWrapperValve.java:116)
		at org.apache.catalina.core.StandardContextValve.invoke(StandardContextValve.java:90)
		at org.apache.catalina.authenticator.AuthenticatorBase.invoke(AuthenticatorBase.java:482)
		at org.apache.catalina.core.StandardHostValve.invoke(StandardHostValve.java:130)
		at org.apache.catalina.valves.ErrorReportValve.invoke(ErrorReportValve.java:93)
		at org.apache.catalina.valves.AbstractAccessLogValve.invoke(AbstractAccessLogValve.java:656)
		at org.apache.catalina.core.StandardEngineValve.invoke(StandardEngineValve.java:74)
		at org.apache.catalina.connector.CoyoteAdapter.service(CoyoteAdapter.java:346)
		at org.apache.coyote.http11.Http11Processor.service(Http11Processor.java:397)
		at org.apache.coyote.AbstractProcessorLight.process(AbstractProcessorLight.java:63)
		at org.apache.coyote.AbstractProtocol$ConnectionHandler.process(AbstractProtocol.java:935)
		at org.apache.tomcat.util.net.NioEndpoint$SocketProcessor.doRun(NioEndpoint.java:1833)
		at org.apache.tomcat.util.net.SocketProcessorBase.run(SocketProcessorBase.java:52)
		at org.apache.tomcat.util.threads.ThreadPoolExecutor.runWorker(ThreadPoolExecutor.java:975)
		at org.apache.tomcat.util.threads.ThreadPoolExecutor$Worker.run(ThreadPoolExecutor.java:493)
		at org.apache.tomcat.util.threads.TaskThread$WrappingRunnable.run(TaskThread.java:63)
		at java.lang.Thread.run(Thread.java:750)
	Caused by: org.springframework.beans.factory.NoSuchBeanDefinitionException: No qualifying bean of type 'javax.sql.DataSource' available: expected at least 1 bean which qualifies as autowire candidate. Dependency annotations: {@org.springframework.beans.factory.annotation.Autowired(required=true)}
		at org.springframework.beans.factory.support.DefaultListableBeanFactory.raiseNoMatchingBeanFound(DefaultListableBeanFactory.java:1504)
		at org.springframework.beans.factory.support.DefaultListableBeanFactory.doResolveDependency(DefaultListableBeanFactory.java:1101)
		at org.springframework.beans.factory.support.DefaultListableBeanFactory.resolveDependency(DefaultListableBeanFactory.java:1062)
		at org.springframework.beans.factory.annotation.AutowiredAnnotationBeanPostProcessor$AutowiredFieldElement.inject(AutowiredAnnotationBeanPostProcessor.java:583)
		... 36 more
15-Dec-2025 23:50:14.584 SEVERE [http-nio-8080-exec-3] org.apache.catalina.core.StandardWrapperValve.invoke Allocate exception for servlet [dispatcher]
	org.springframework.beans.factory.NoSuchBeanDefinitionException: No qualifying bean of type 'javax.sql.DataSource' available: expected at least 1 bean which qualifies as autowire candidate. Dependency annotations: {@org.springframework.beans.factory.annotation.Autowired(required=true)}
		at org.springframework.beans.factory.support.DefaultListableBeanFactory.raiseNoMatchingBeanFound(DefaultListableBeanFactory.java:1504)
		at org.springframework.beans.factory.support.DefaultListableBeanFactory.doResolveDependency(DefaultListableBeanFactory.java:1101)
		at org.springframework.beans.factory.support.DefaultListableBeanFactory.resolveDependency(DefaultListableBeanFactory.java:1062)
		at org.springframework.beans.factory.annotation.AutowiredAnnotationBeanPostProcessor$AutowiredFieldElement.inject(AutowiredAnnotationBeanPostProcessor.java:583)
		at org.springframework.beans.factory.annotation.InjectionMetadata.inject(InjectionMetadata.java:91)
		at org.springframework.beans.factory.annotation.AutowiredAnnotationBeanPostProcessor.postProcessPropertyValues(AutowiredAnnotationBeanPostProcessor.java:372)
		at org.springframework.beans.factory.support.AbstractAutowireCapableBeanFactory.populateBean(AbstractAutowireCapableBeanFactory.java:1344)
		at org.springframework.beans.factory.support.AbstractAutowireCapableBeanFactory.doCreateBean(AbstractAutowireCapableBeanFactory.java:582)
		at org.springframework.beans.factory.support.AbstractAutowireCapableBeanFactory.createBean(AbstractAutowireCapableBeanFactory.java:502)
		at org.springframework.beans.factory.support.AbstractBeanFactory.lambda$doGetBean$0(AbstractBeanFactory.java:312)
		at org.springframework.beans.factory.support.DefaultSingletonBeanRegistry.getSingleton(DefaultSingletonBeanRegistry.java:228)
		at org.springframework.beans.factory.support.AbstractBeanFactory.doGetBean(AbstractBeanFactory.java:310)
		at org.springframework.beans.factory.support.AbstractBeanFactory.getBean(AbstractBeanFactory.java:200)
		at org.springframework.beans.factory.support.DefaultListableBeanFactory.preInstantiateSingletons(DefaultListableBeanFactory.java:758)
		at org.springframework.context.support.AbstractApplicationContext.finishBeanFactoryInitialization(AbstractApplicationContext.java:868)
		at org.springframework.context.support.AbstractApplicationContext.refresh(AbstractApplicationContext.java:549)
		at org.springframework.web.servlet.FrameworkServlet.configureAndRefreshWebApplicationContext(FrameworkServlet.java:676)
		at org.springframework.web.servlet.FrameworkServlet.initWebApplicationContext(FrameworkServlet.java:545)
		at org.springframework.web.servlet.FrameworkServlet.initServletBean(FrameworkServlet.java:499)
		at org.springframework.web.servlet.HttpServletBean.init(HttpServletBean.java:172)
		at javax.servlet.GenericServlet.init(GenericServlet.java:143)
		at org.apache.catalina.core.StandardWrapper.initServlet(StandardWrapper.java:989)
		at org.apache.catalina.core.StandardWrapper.allocate(StandardWrapper.java:680)
		at org.apache.catalina.core.StandardWrapperValve.invoke(StandardWrapperValve.java:116)
		at org.apache.catalina.core.StandardContextValve.invoke(StandardContextValve.java:90)
		at org.apache.catalina.authenticator.AuthenticatorBase.invoke(AuthenticatorBase.java:482)
		at org.apache.catalina.core.StandardHostValve.invoke(StandardHostValve.java:130)
		at org.apache.catalina.valves.ErrorReportValve.invoke(ErrorReportValve.java:93)
		at org.apache.catalina.valves.AbstractAccessLogValve.invoke(AbstractAccessLogValve.java:656)
		at org.apache.catalina.core.StandardEngineValve.invoke(StandardEngineValve.java:74)
		at org.apache.catalina.connector.CoyoteAdapter.service(CoyoteAdapter.java:346)
		at org.apache.coyote.http11.Http11Processor.service(Http11Processor.java:397)
		at org.apache.coyote.AbstractProcessorLight.process(AbstractProcessorLight.java:63)
		at org.apache.coyote.AbstractProtocol$ConnectionHandler.process(AbstractProtocol.java:935)
		at org.apache.tomcat.util.net.NioEndpoint$SocketProcessor.doRun(NioEndpoint.java:1833)
		at org.apache.tomcat.util.net.SocketProcessorBase.run(SocketProcessorBase.java:52)
		at org.apache.tomcat.util.threads.ThreadPoolExecutor.runWorker(ThreadPoolExecutor.java:975)
		at org.apache.tomcat.util.threads.ThreadPoolExecutor$Worker.run(ThreadPoolExecutor.java:493)
		at org.apache.tomcat.util.threads.TaskThread$WrappingRunnable.run(TaskThread.java:63)
		at java.lang.Thread.run(Thread.java:750)
15-Dec-2025 23:52:30.810 INFO [main] org.apache.catalina.core.ApplicationContext.log 2 Spring WebApplicationInitializers detected on classpath
15-Dec-2025 23:52:31.703 INFO [main] org.apache.catalina.core.ApplicationContext.log Initializing Spring FrameworkServlet 'dispatcher'
15-Dec-2025 23:52:34.605 SEVERE [main] org.apache.catalina.core.ApplicationContext.log Servlet.init() for servlet [dispatcher] threw exception
	org.springframework.beans.factory.UnsatisfiedDependencyException: Error creating bean with name 'demoController': Unsatisfied dependency expressed through field 'userService'; nested exception is org.springframework.beans.factory.UnsatisfiedDependencyException: Error creating bean with name 'userService': Unsatisfied dependency expressed through field 'userRepository'; nested exception is org.springframework.beans.factory.BeanCreationException: Error creating bean with name 'userRepository': Cannot create inner bean '(inner bean)#360d3f47' of type [org.springframework.orm.jpa.SharedEntityManagerCreator] while setting bean property 'entityManager'; nested exception is org.springframework.beans.factory.BeanCreationException: Error creating bean with name '(inner bean)#360d3f47': Cannot resolve reference to bean 'entityManagerFactory' while setting constructor argument; nested exception is org.springframework.beans.factory.NoSuchBeanDefinitionException: No bean named 'entityManagerFactory' available
		at org.springframework.beans.factory.annotation.AutowiredAnnotationBeanPostProcessor$AutowiredFieldElement.inject(AutowiredAnnotationBeanPostProcessor.java:586)
		at org.springframework.beans.factory.annotation.InjectionMetadata.inject(InjectionMetadata.java:91)
		at org.springframework.beans.factory.annotation.AutowiredAnnotationBeanPostProcessor.postProcessPropertyValues(AutowiredAnnotationBeanPostProcessor.java:372)
		at org.springframework.beans.factory.support.AbstractAutowireCapableBeanFactory.populateBean(AbstractAutowireCapableBeanFactory.java:1344)
		at org.springframework.beans.factory.support.AbstractAutowireCapableBeanFactory.doCreateBean(AbstractAutowireCapableBeanFactory.java:582)
		at org.springframework.beans.factory.support.AbstractAutowireCapableBeanFactory.createBean(AbstractAutowireCapableBeanFactory.java:502)
		at org.springframework.beans.factory.support.AbstractBeanFactory.lambda$doGetBean$0(AbstractBeanFactory.java:312)
		at org.springframework.beans.factory.support.DefaultSingletonBeanRegistry.getSingleton(DefaultSingletonBeanRegistry.java:228)
		at org.springframework.beans.factory.support.AbstractBeanFactory.doGetBean(AbstractBeanFactory.java:310)
		at org.springframework.beans.factory.support.AbstractBeanFactory.getBean(AbstractBeanFactory.java:200)
		at org.springframework.beans.factory.support.DefaultListableBeanFactory.preInstantiateSingletons(DefaultListableBeanFactory.java:758)
		at org.springframework.context.support.AbstractApplicationContext.finishBeanFactoryInitialization(AbstractApplicationContext.java:868)
		at org.springframework.context.support.AbstractApplicationContext.refresh(AbstractApplicationContext.java:549)
		at org.springframework.web.servlet.FrameworkServlet.configureAndRefreshWebApplicationContext(FrameworkServlet.java:676)
		at org.springframework.web.servlet.FrameworkServlet.initWebApplicationContext(FrameworkServlet.java:545)
		at org.springframework.web.servlet.FrameworkServlet.initServletBean(FrameworkServlet.java:499)
		at org.springframework.web.servlet.HttpServletBean.init(HttpServletBean.java:172)
		at javax.servlet.GenericServlet.init(GenericServlet.java:143)
		at org.apache.catalina.core.StandardWrapper.initServlet(StandardWrapper.java:989)
		at org.apache.catalina.core.StandardWrapper.load(StandardWrapper.java:846)
		at org.apache.catalina.core.StandardContext.loadOnStartup(StandardContext.java:4234)
		at org.apache.catalina.core.StandardContext.startInternal(StandardContext.java:4535)
		at org.apache.catalina.util.LifecycleBase.start(LifecycleBase.java:164)
		at org.apache.catalina.core.ContainerBase.addChildInternal(ContainerBase.java:599)
		at org.apache.catalina.core.ContainerBase.addChild(ContainerBase.java:571)
		at org.apache.catalina.core.StandardHost.addChild(StandardHost.java:604)
		at org.apache.catalina.startup.HostConfig.deployDescriptor(HostConfig.java:680)
		at org.apache.catalina.startup.HostConfig$DeployDescriptor.run(HostConfig.java:1839)
		at java.util.concurrent.Executors$RunnableAdapter.call(Executors.java:511)
		at java.util.concurrent.FutureTask.run(FutureTask.java:266)
		at org.apache.tomcat.util.threads.InlineExecutorService.execute(InlineExecutorService.java:82)
		at java.util.concurrent.AbstractExecutorService.submit(AbstractExecutorService.java:112)
		at org.apache.catalina.startup.HostConfig.deployDescriptors(HostConfig.java:575)
		at org.apache.catalina.startup.HostConfig.deployApps(HostConfig.java:466)
		at org.apache.catalina.startup.HostConfig.start(HostConfig.java:1579)
		at org.apache.catalina.startup.HostConfig.lifecycleEvent(HostConfig.java:312)
		at org.apache.catalina.util.LifecycleBase.fireLifecycleEvent(LifecycleBase.java:109)
		at org.apache.catalina.util.LifecycleBase.setStateInternal(LifecycleBase.java:389)
		at org.apache.catalina.util.LifecycleBase.setState(LifecycleBase.java:336)
		at org.apache.catalina.core.ContainerBase.startInternal(ContainerBase.java:776)
		at org.apache.catalina.core.StandardHost.startInternal(StandardHost.java:722)
		at org.apache.catalina.util.LifecycleBase.start(LifecycleBase.java:164)
		at org.apache.catalina.core.ContainerBase$StartChild.call(ContainerBase.java:1203)
		at org.apache.catalina.core.ContainerBase$StartChild.call(ContainerBase.java:1193)
		at java.util.concurrent.FutureTask.run(FutureTask.java:266)
		at org.apache.tomcat.util.threads.InlineExecutorService.execute(InlineExecutorService.java:82)
		at java.util.concurrent.AbstractExecutorService.submit(AbstractExecutorService.java:134)
		at org.apache.catalina.core.ContainerBase.startInternal(ContainerBase.java:749)
		at org.apache.catalina.core.StandardEngine.startInternal(StandardEngine.java:211)
		at org.apache.catalina.util.LifecycleBase.start(LifecycleBase.java:164)
		at org.apache.catalina.core.StandardService.startInternal(StandardService.java:412)
		at org.apache.catalina.util.LifecycleBase.start(LifecycleBase.java:164)
		at org.apache.catalina.core.StandardServer.startInternal(StandardServer.java:874)
		at org.apache.catalina.util.LifecycleBase.start(LifecycleBase.java:164)
		at org.apache.catalina.startup.Catalina.start(Catalina.java:739)
		at sun.reflect.NativeMethodAccessorImpl.invoke0(Native Method)
		at sun.reflect.NativeMethodAccessorImpl.invoke(NativeMethodAccessorImpl.java:62)
		at sun.reflect.DelegatingMethodAccessorImpl.invoke(DelegatingMethodAccessorImpl.java:43)
		at java.lang.reflect.Method.invoke(Method.java:498)
		at org.apache.catalina.startup.Bootstrap.start(Bootstrap.java:345)
		at org.apache.catalina.startup.Bootstrap.main(Bootstrap.java:476)
	Caused by: org.springframework.beans.factory.UnsatisfiedDependencyException: Error creating bean with name 'userService': Unsatisfied dependency expressed through field 'userRepository'; nested exception is org.springframework.beans.factory.BeanCreationException: Error creating bean with name 'userRepository': Cannot create inner bean '(inner bean)#360d3f47' of type [org.springframework.orm.jpa.SharedEntityManagerCreator] while setting bean property 'entityManager'; nested exception is org.springframework.beans.factory.BeanCreationException: Error creating bean with name '(inner bean)#360d3f47': Cannot resolve reference to bean 'entityManagerFactory' while setting constructor argument; nested exception is org.springframework.beans.factory.NoSuchBeanDefinitionException: No bean named 'entityManagerFactory' available
		at org.springframework.beans.factory.annotation.AutowiredAnnotationBeanPostProcessor$AutowiredFieldElement.inject(AutowiredAnnotationBeanPostProcessor.java:586)
		at org.springframework.beans.factory.annotation.InjectionMetadata.inject(InjectionMetadata.java:91)
		at org.springframework.beans.factory.annotation.AutowiredAnnotationBeanPostProcessor.postProcessPropertyValues(AutowiredAnnotationBeanPostProcessor.java:372)
		at org.springframework.beans.factory.support.AbstractAutowireCapableBeanFactory.populateBean(AbstractAutowireCapableBeanFactory.java:1344)
		at org.springframework.beans.factory.support.AbstractAutowireCapableBeanFactory.doCreateBean(AbstractAutowireCapableBeanFactory.java:582)
		at org.springframework.beans.factory.support.AbstractAutowireCapableBeanFactory.createBean(AbstractAutowireCapableBeanFactory.java:502)
		at org.springframework.beans.factory.support.AbstractBeanFactory.lambda$doGetBean$0(AbstractBeanFactory.java:312)
		at org.springframework.beans.factory.support.DefaultSingletonBeanRegistry.getSingleton(DefaultSingletonBeanRegistry.java:228)
		at org.springframework.beans.factory.support.AbstractBeanFactory.doGetBean(AbstractBeanFactory.java:310)
		at org.springframework.beans.factory.support.AbstractBeanFactory.getBean(AbstractBeanFactory.java:200)
		at org.springframework.beans.factory.config.DependencyDescriptor.resolveCandidate(DependencyDescriptor.java:251)
		at org.springframework.beans.factory.support.DefaultListableBeanFactory.doResolveDependency(DefaultListableBeanFactory.java:1135)
		at org.springframework.beans.factory.support.DefaultListableBeanFactory.resolveDependency(DefaultListableBeanFactory.java:1062)
		at org.springframework.beans.factory.annotation.AutowiredAnnotationBeanPostProcessor$AutowiredFieldElement.inject(AutowiredAnnotationBeanPostProcessor.java:583)
		... 60 more
	Caused by: org.springframework.beans.factory.BeanCreationException: Error creating bean with name 'userRepository': Cannot create inner bean '(inner bean)#360d3f47' of type [org.springframework.orm.jpa.SharedEntityManagerCreator] while setting bean property 'entityManager'; nested exception is org.springframework.beans.factory.BeanCreationException: Error creating bean with name '(inner bean)#360d3f47': Cannot resolve reference to bean 'entityManagerFactory' while setting constructor argument; nested exception is org.springframework.beans.factory.NoSuchBeanDefinitionException: No bean named 'entityManagerFactory' available
		at org.springframework.beans.factory.support.BeanDefinitionValueResolver.resolveInnerBean(BeanDefinitionValueResolver.java:327)
		at org.springframework.beans.factory.support.BeanDefinitionValueResolver.resolveValueIfNecessary(BeanDefinitionValueResolver.java:131)
		at org.springframework.beans.factory.support.AbstractAutowireCapableBeanFactory.applyPropertyValues(AbstractAutowireCapableBeanFactory.java:1613)
		at org.springframework.beans.factory.support.AbstractAutowireCapableBeanFactory.populateBean(AbstractAutowireCapableBeanFactory.java:1357)
		at org.springframework.beans.factory.support.AbstractAutowireCapableBeanFactory.doCreateBean(AbstractAutowireCapableBeanFactory.java:582)
		at org.springframework.beans.factory.support.AbstractAutowireCapableBeanFactory.createBean(AbstractAutowireCapableBeanFactory.java:502)
		at org.springframework.beans.factory.support.AbstractBeanFactory.lambda$doGetBean$0(AbstractBeanFactory.java:312)
		at org.springframework.beans.factory.support.DefaultSingletonBeanRegistry.getSingleton(DefaultSingletonBeanRegistry.java:228)
		at org.springframework.beans.factory.support.AbstractBeanFactory.doGetBean(AbstractBeanFactory.java:310)
		at org.springframework.beans.factory.support.AbstractBeanFactory.getBean(AbstractBeanFactory.java:200)
		at org.springframework.beans.factory.config.DependencyDescriptor.resolveCandidate(DependencyDescriptor.java:251)
		at org.springframework.beans.factory.support.DefaultListableBeanFactory.doResolveDependency(DefaultListableBeanFactory.java:1135)
		at org.springframework.beans.factory.support.DefaultListableBeanFactory.resolveDependency(DefaultListableBeanFactory.java:1062)
		at org.springframework.beans.factory.annotation.AutowiredAnnotationBeanPostProcessor$AutowiredFieldElement.inject(AutowiredAnnotationBeanPostProcessor.java:583)
		... 73 more
	Caused by: org.springframework.beans.factory.BeanCreationException: Error creating bean with name '(inner bean)#360d3f47': Cannot resolve reference to bean 'entityManagerFactory' while setting constructor argument; nested exception is org.springframework.beans.factory.NoSuchBeanDefinitionException: No bean named 'entityManagerFactory' available
		at org.springframework.beans.factory.support.BeanDefinitionValueResolver.resolveReference(BeanDefinitionValueResolver.java:378)
		at org.springframework.beans.factory.support.BeanDefinitionValueResolver.resolveValueIfNecessary(BeanDefinitionValueResolver.java:110)
		at org.springframework.beans.factory.support.ConstructorResolver.resolveConstructorArguments(ConstructorResolver.java:622)
		at org.springframework.beans.factory.support.ConstructorResolver.instantiateUsingFactoryMethod(ConstructorResolver.java:440)
		at org.springframework.beans.factory.support.AbstractAutowireCapableBeanFactory.instantiateUsingFactoryMethod(AbstractAutowireCapableBeanFactory.java:1250)
		at org.springframework.beans.factory.support.AbstractAutowireCapableBeanFactory.createBeanInstance(AbstractAutowireCapableBeanFactory.java:1099)
		at org.springframework.beans.factory.support.AbstractAutowireCapableBeanFactory.doCreateBean(AbstractAutowireCapableBeanFactory.java:545)
		at org.springframework.beans.factory.support.AbstractAutowireCapableBeanFactory.createBean(AbstractAutowireCapableBeanFactory.java:502)
		at org.springframework.beans.factory.support.BeanDefinitionValueResolver.resolveInnerBean(BeanDefinitionValueResolver.java:312)
		... 86 more
	Caused by: org.springframework.beans.factory.NoSuchBeanDefinitionException: No bean named 'entityManagerFactory' available
		at org.springframework.beans.factory.support.DefaultListableBeanFactory.getBeanDefinition(DefaultListableBeanFactory.java:687)
		at org.springframework.beans.factory.support.AbstractBeanFactory.getMergedLocalBeanDefinition(AbstractBeanFactory.java:1205)
		at org.springframework.beans.factory.support.AbstractBeanFactory.doGetBean(AbstractBeanFactory.java:292)
		at org.springframework.beans.factory.support.AbstractBeanFactory.getBean(AbstractBeanFactory.java:200)
		at org.springframework.beans.factory.support.BeanDefinitionValueResolver.resolveReference(BeanDefinitionValueResolver.java:367)
		... 94 more
15-Dec-2025 23:52:34.606 SEVERE [main] org.apache.catalina.core.StandardContext.loadOnStartup Servlet [dispatcher] in web application [] threw load() exception
	org.springframework.beans.factory.NoSuchBeanDefinitionException: No bean named 'entityManagerFactory' available
		at org.springframework.beans.factory.support.DefaultListableBeanFactory.getBeanDefinition(DefaultListableBeanFactory.java:687)
		at org.springframework.beans.factory.support.AbstractBeanFactory.getMergedLocalBeanDefinition(AbstractBeanFactory.java:1205)
		at org.springframework.beans.factory.support.AbstractBeanFactory.doGetBean(AbstractBeanFactory.java:292)
		at org.springframework.beans.factory.support.AbstractBeanFactory.getBean(AbstractBeanFactory.java:200)
		at org.springframework.beans.factory.support.BeanDefinitionValueResolver.resolveReference(BeanDefinitionValueResolver.java:367)
		at org.springframework.beans.factory.support.BeanDefinitionValueResolver.resolveValueIfNecessary(BeanDefinitionValueResolver.java:110)
		at org.springframework.beans.factory.support.ConstructorResolver.resolveConstructorArguments(ConstructorResolver.java:622)
		at org.springframework.beans.factory.support.ConstructorResolver.instantiateUsingFactoryMethod(ConstructorResolver.java:440)
		at org.springframework.beans.factory.support.AbstractAutowireCapableBeanFactory.instantiateUsingFactoryMethod(AbstractAutowireCapableBeanFactory.java:1250)
		at org.springframework.beans.factory.support.AbstractAutowireCapableBeanFactory.createBeanInstance(AbstractAutowireCapableBeanFactory.java:1099)
		at org.springframework.beans.factory.support.AbstractAutowireCapableBeanFactory.doCreateBean(AbstractAutowireCapableBeanFactory.java:545)
		at org.springframework.beans.factory.support.AbstractAutowireCapableBeanFactory.createBean(AbstractAutowireCapableBeanFactory.java:502)
		at org.springframework.beans.factory.support.BeanDefinitionValueResolver.resolveInnerBean(BeanDefinitionValueResolver.java:312)
		at org.springframework.beans.factory.support.BeanDefinitionValueResolver.resolveValueIfNecessary(BeanDefinitionValueResolver.java:131)
		at org.springframework.beans.factory.support.AbstractAutowireCapableBeanFactory.applyPropertyValues(AbstractAutowireCapableBeanFactory.java:1613)
		at org.springframework.beans.factory.support.AbstractAutowireCapableBeanFactory.populateBean(AbstractAutowireCapableBeanFactory.java:1357)
		at org.springframework.beans.factory.support.AbstractAutowireCapableBeanFactory.doCreateBean(AbstractAutowireCapableBeanFactory.java:582)
		at org.springframework.beans.factory.support.AbstractAutowireCapableBeanFactory.createBean(AbstractAutowireCapableBeanFactory.java:502)
		at org.springframework.beans.factory.support.AbstractBeanFactory.lambda$doGetBean$0(AbstractBeanFactory.java:312)
		at org.springframework.beans.factory.support.DefaultSingletonBeanRegistry.getSingleton(DefaultSingletonBeanRegistry.java:228)
		at org.springframework.beans.factory.support.AbstractBeanFactory.doGetBean(AbstractBeanFactory.java:310)
		at org.springframework.beans.factory.support.AbstractBeanFactory.getBean(AbstractBeanFactory.java:200)
		at org.springframework.beans.factory.config.DependencyDescriptor.resolveCandidate(DependencyDescriptor.java:251)
		at org.springframework.beans.factory.support.DefaultListableBeanFactory.doResolveDependency(DefaultListableBeanFactory.java:1135)
		at org.springframework.beans.factory.support.DefaultListableBeanFactory.resolveDependency(DefaultListableBeanFactory.java:1062)
		at org.springframework.beans.factory.annotation.AutowiredAnnotationBeanPostProcessor$AutowiredFieldElement.inject(AutowiredAnnotationBeanPostProcessor.java:583)
		at org.springframework.beans.factory.annotation.InjectionMetadata.inject(InjectionMetadata.java:91)
		at org.springframework.beans.factory.annotation.AutowiredAnnotationBeanPostProcessor.postProcessPropertyValues(AutowiredAnnotationBeanPostProcessor.java:372)
		at org.springframework.beans.factory.support.AbstractAutowireCapableBeanFactory.populateBean(AbstractAutowireCapableBeanFactory.java:1344)
		at org.springframework.beans.factory.support.AbstractAutowireCapableBeanFactory.doCreateBean(AbstractAutowireCapableBeanFactory.java:582)
		at org.springframework.beans.factory.support.AbstractAutowireCapableBeanFactory.createBean(AbstractAutowireCapableBeanFactory.java:502)
		at org.springframework.beans.factory.support.AbstractBeanFactory.lambda$doGetBean$0(AbstractBeanFactory.java:312)
		at org.springframework.beans.factory.support.DefaultSingletonBeanRegistry.getSingleton(DefaultSingletonBeanRegistry.java:228)
		at org.springframework.beans.factory.support.AbstractBeanFactory.doGetBean(AbstractBeanFactory.java:310)
		at org.springframework.beans.factory.support.AbstractBeanFactory.getBean(AbstractBeanFactory.java:200)
		at org.springframework.beans.factory.config.DependencyDescriptor.resolveCandidate(DependencyDescriptor.java:251)
		at org.springframework.beans.factory.support.DefaultListableBeanFactory.doResolveDependency(DefaultListableBeanFactory.java:1135)
		at org.springframework.beans.factory.support.DefaultListableBeanFactory.resolveDependency(DefaultListableBeanFactory.java:1062)
		at org.springframework.beans.factory.annotation.AutowiredAnnotationBeanPostProcessor$AutowiredFieldElement.inject(AutowiredAnnotationBeanPostProcessor.java:583)
		at org.springframework.beans.factory.annotation.InjectionMetadata.inject(InjectionMetadata.java:91)
		at org.springframework.beans.factory.annotation.AutowiredAnnotationBeanPostProcessor.postProcessPropertyValues(AutowiredAnnotationBeanPostProcessor.java:372)
		at org.springframework.beans.factory.support.AbstractAutowireCapableBeanFactory.populateBean(AbstractAutowireCapableBeanFactory.java:1344)
		at org.springframework.beans.factory.support.AbstractAutowireCapableBeanFactory.doCreateBean(AbstractAutowireCapableBeanFactory.java:582)
		at org.springframework.beans.factory.support.AbstractAutowireCapableBeanFactory.createBean(AbstractAutowireCapableBeanFactory.java:502)
		at org.springframework.beans.factory.support.AbstractBeanFactory.lambda$doGetBean$0(AbstractBeanFactory.java:312)
		at org.springframework.beans.factory.support.DefaultSingletonBeanRegistry.getSingleton(DefaultSingletonBeanRegistry.java:228)
		at org.springframework.beans.factory.support.AbstractBeanFactory.doGetBean(AbstractBeanFactory.java:310)
		at org.springframework.beans.factory.support.AbstractBeanFactory.getBean(AbstractBeanFactory.java:200)
		at org.springframework.beans.factory.support.DefaultListableBeanFactory.preInstantiateSingletons(DefaultListableBeanFactory.java:758)
		at org.springframework.context.support.AbstractApplicationContext.finishBeanFactoryInitialization(AbstractApplicationContext.java:868)
		at org.springframework.context.support.AbstractApplicationContext.refresh(AbstractApplicationContext.java:549)
		at org.springframework.web.servlet.FrameworkServlet.configureAndRefreshWebApplicationContext(FrameworkServlet.java:676)
		at org.springframework.web.servlet.FrameworkServlet.initWebApplicationContext(FrameworkServlet.java:545)
		at org.springframework.web.servlet.FrameworkServlet.initServletBean(FrameworkServlet.java:499)
		at org.springframework.web.servlet.HttpServletBean.init(HttpServletBean.java:172)
		at javax.servlet.GenericServlet.init(GenericServlet.java:143)
		at org.apache.catalina.core.StandardWrapper.initServlet(StandardWrapper.java:989)
		at org.apache.catalina.core.StandardWrapper.load(StandardWrapper.java:846)
		at org.apache.catalina.core.StandardContext.loadOnStartup(StandardContext.java:4234)
		at org.apache.catalina.core.StandardContext.startInternal(StandardContext.java:4535)
		at org.apache.catalina.util.LifecycleBase.start(LifecycleBase.java:164)
		at org.apache.catalina.core.ContainerBase.addChildInternal(ContainerBase.java:599)
		at org.apache.catalina.core.ContainerBase.addChild(ContainerBase.java:571)
		at org.apache.catalina.core.StandardHost.addChild(StandardHost.java:604)
		at org.apache.catalina.startup.HostConfig.deployDescriptor(HostConfig.java:680)
		at org.apache.catalina.startup.HostConfig$DeployDescriptor.run(HostConfig.java:1839)
		at java.util.concurrent.Executors$RunnableAdapter.call(Executors.java:511)
		at java.util.concurrent.FutureTask.run(FutureTask.java:266)
		at org.apache.tomcat.util.threads.InlineExecutorService.execute(InlineExecutorService.java:82)
		at java.util.concurrent.AbstractExecutorService.submit(AbstractExecutorService.java:112)
		at org.apache.catalina.startup.HostConfig.deployDescriptors(HostConfig.java:575)
		at org.apache.catalina.startup.HostConfig.deployApps(HostConfig.java:466)
		at org.apache.catalina.startup.HostConfig.start(HostConfig.java:1579)
		at org.apache.catalina.startup.HostConfig.lifecycleEvent(HostConfig.java:312)
		at org.apache.catalina.util.LifecycleBase.fireLifecycleEvent(LifecycleBase.java:109)
		at org.apache.catalina.util.LifecycleBase.setStateInternal(LifecycleBase.java:389)
		at org.apache.catalina.util.LifecycleBase.setState(LifecycleBase.java:336)
		at org.apache.catalina.core.ContainerBase.startInternal(ContainerBase.java:776)
		at org.apache.catalina.core.StandardHost.startInternal(StandardHost.java:722)
		at org.apache.catalina.util.LifecycleBase.start(LifecycleBase.java:164)
		at org.apache.catalina.core.ContainerBase$StartChild.call(ContainerBase.java:1203)
		at org.apache.catalina.core.ContainerBase$StartChild.call(ContainerBase.java:1193)
		at java.util.concurrent.FutureTask.run(FutureTask.java:266)
		at org.apache.tomcat.util.threads.InlineExecutorService.execute(InlineExecutorService.java:82)
		at java.util.concurrent.AbstractExecutorService.submit(AbstractExecutorService.java:134)
		at org.apache.catalina.core.ContainerBase.startInternal(ContainerBase.java:749)
		at org.apache.catalina.core.StandardEngine.startInternal(StandardEngine.java:211)
		at org.apache.catalina.util.LifecycleBase.start(LifecycleBase.java:164)
		at org.apache.catalina.core.StandardService.startInternal(StandardService.java:412)
		at org.apache.catalina.util.LifecycleBase.start(LifecycleBase.java:164)
		at org.apache.catalina.core.StandardServer.startInternal(StandardServer.java:874)
		at org.apache.catalina.util.LifecycleBase.start(LifecycleBase.java:164)
		at org.apache.catalina.startup.Catalina.start(Catalina.java:739)
		at sun.reflect.NativeMethodAccessorImpl.invoke0(Native Method)
		at sun.reflect.NativeMethodAccessorImpl.invoke(NativeMethodAccessorImpl.java:62)
		at sun.reflect.DelegatingMethodAccessorImpl.invoke(DelegatingMethodAccessorImpl.java:43)
		at java.lang.reflect.Method.invoke(Method.java:498)
		at org.apache.catalina.startup.Bootstrap.start(Bootstrap.java:345)
		at org.apache.catalina.startup.Bootstrap.main(Bootstrap.java:476)
15-Dec-2025 23:52:55.886 INFO [http-nio-8080-exec-1] org.apache.catalina.core.ApplicationContext.log Initializing Spring FrameworkServlet 'dispatcher'
15-Dec-2025 23:52:56.331 SEVERE [http-nio-8080-exec-1] org.apache.catalina.core.ApplicationContext.log Servlet.init() for servlet [dispatcher] threw exception
	org.springframework.beans.factory.UnsatisfiedDependencyException: Error creating bean with name 'demoController': Unsatisfied dependency expressed through field 'userService'; nested exception is org.springframework.beans.factory.UnsatisfiedDependencyException: Error creating bean with name 'userService': Unsatisfied dependency expressed through field 'userRepository'; nested exception is org.springframework.beans.factory.BeanCreationException: Error creating bean with name 'userRepository': Cannot create inner bean '(inner bean)#1d992221' of type [org.springframework.orm.jpa.SharedEntityManagerCreator] while setting bean property 'entityManager'; nested exception is org.springframework.beans.factory.BeanCreationException: Error creating bean with name '(inner bean)#1d992221': Cannot resolve reference to bean 'entityManagerFactory' while setting constructor argument; nested exception is org.springframework.beans.factory.NoSuchBeanDefinitionException: No bean named 'entityManagerFactory' available
		at org.springframework.beans.factory.annotation.AutowiredAnnotationBeanPostProcessor$AutowiredFieldElement.inject(AutowiredAnnotationBeanPostProcessor.java:586)
		at org.springframework.beans.factory.annotation.InjectionMetadata.inject(InjectionMetadata.java:91)
		at org.springframework.beans.factory.annotation.AutowiredAnnotationBeanPostProcessor.postProcessPropertyValues(AutowiredAnnotationBeanPostProcessor.java:372)
		at org.springframework.beans.factory.support.AbstractAutowireCapableBeanFactory.populateBean(AbstractAutowireCapableBeanFactory.java:1344)
		at org.springframework.beans.factory.support.AbstractAutowireCapableBeanFactory.doCreateBean(AbstractAutowireCapableBeanFactory.java:582)
		at org.springframework.beans.factory.support.AbstractAutowireCapableBeanFactory.createBean(AbstractAutowireCapableBeanFactory.java:502)
		at org.springframework.beans.factory.support.AbstractBeanFactory.lambda$doGetBean$0(AbstractBeanFactory.java:312)
		at org.springframework.beans.factory.support.DefaultSingletonBeanRegistry.getSingleton(DefaultSingletonBeanRegistry.java:228)
		at org.springframework.beans.factory.support.AbstractBeanFactory.doGetBean(AbstractBeanFactory.java:310)
		at org.springframework.beans.factory.support.AbstractBeanFactory.getBean(AbstractBeanFactory.java:200)
		at org.springframework.beans.factory.support.DefaultListableBeanFactory.preInstantiateSingletons(DefaultListableBeanFactory.java:758)
		at org.springframework.context.support.AbstractApplicationContext.finishBeanFactoryInitialization(AbstractApplicationContext.java:868)
		at org.springframework.context.support.AbstractApplicationContext.refresh(AbstractApplicationContext.java:549)
		at org.springframework.web.servlet.FrameworkServlet.configureAndRefreshWebApplicationContext(FrameworkServlet.java:676)
		at org.springframework.web.servlet.FrameworkServlet.initWebApplicationContext(FrameworkServlet.java:545)
		at org.springframework.web.servlet.FrameworkServlet.initServletBean(FrameworkServlet.java:499)
		at org.springframework.web.servlet.HttpServletBean.init(HttpServletBean.java:172)
		at javax.servlet.GenericServlet.init(GenericServlet.java:143)
		at org.apache.catalina.core.StandardWrapper.initServlet(StandardWrapper.java:989)
		at org.apache.catalina.core.StandardWrapper.allocate(StandardWrapper.java:680)
		at org.apache.catalina.core.StandardWrapperValve.invoke(StandardWrapperValve.java:116)
		at org.apache.catalina.core.StandardContextValve.invoke(StandardContextValve.java:90)
		at org.apache.catalina.authenticator.AuthenticatorBase.invoke(AuthenticatorBase.java:482)
		at org.apache.catalina.core.StandardHostValve.invoke(StandardHostValve.java:130)
		at org.apache.catalina.valves.ErrorReportValve.invoke(ErrorReportValve.java:93)
		at org.apache.catalina.valves.AbstractAccessLogValve.invoke(AbstractAccessLogValve.java:656)
		at org.apache.catalina.core.StandardEngineValve.invoke(StandardEngineValve.java:74)
		at org.apache.catalina.connector.CoyoteAdapter.service(CoyoteAdapter.java:346)
		at org.apache.coyote.http11.Http11Processor.service(Http11Processor.java:397)
		at org.apache.coyote.AbstractProcessorLight.process(AbstractProcessorLight.java:63)
		at org.apache.coyote.AbstractProtocol$ConnectionHandler.process(AbstractProtocol.java:935)
		at org.apache.tomcat.util.net.NioEndpoint$SocketProcessor.doRun(NioEndpoint.java:1833)
		at org.apache.tomcat.util.net.SocketProcessorBase.run(SocketProcessorBase.java:52)
		at org.apache.tomcat.util.threads.ThreadPoolExecutor.runWorker(ThreadPoolExecutor.java:975)
		at org.apache.tomcat.util.threads.ThreadPoolExecutor$Worker.run(ThreadPoolExecutor.java:493)
		at org.apache.tomcat.util.threads.TaskThread$WrappingRunnable.run(TaskThread.java:63)
		at java.lang.Thread.run(Thread.java:750)
	Caused by: org.springframework.beans.factory.UnsatisfiedDependencyException: Error creating bean with name 'userService': Unsatisfied dependency expressed through field 'userRepository'; nested exception is org.springframework.beans.factory.BeanCreationException: Error creating bean with name 'userRepository': Cannot create inner bean '(inner bean)#1d992221' of type [org.springframework.orm.jpa.SharedEntityManagerCreator] while setting bean property 'entityManager'; nested exception is org.springframework.beans.factory.BeanCreationException: Error creating bean with name '(inner bean)#1d992221': Cannot resolve reference to bean 'entityManagerFactory' while setting constructor argument; nested exception is org.springframework.beans.factory.NoSuchBeanDefinitionException: No bean named 'entityManagerFactory' available
		at org.springframework.beans.factory.annotation.AutowiredAnnotationBeanPostProcessor$AutowiredFieldElement.inject(AutowiredAnnotationBeanPostProcessor.java:586)
		at org.springframework.beans.factory.annotation.InjectionMetadata.inject(InjectionMetadata.java:91)
		at org.springframework.beans.factory.annotation.AutowiredAnnotationBeanPostProcessor.postProcessPropertyValues(AutowiredAnnotationBeanPostProcessor.java:372)
		at org.springframework.beans.factory.support.AbstractAutowireCapableBeanFactory.populateBean(AbstractAutowireCapableBeanFactory.java:1344)
		at org.springframework.beans.factory.support.AbstractAutowireCapableBeanFactory.doCreateBean(AbstractAutowireCapableBeanFactory.java:582)
		at org.springframework.beans.factory.support.AbstractAutowireCapableBeanFactory.createBean(AbstractAutowireCapableBeanFactory.java:502)
		at org.springframework.beans.factory.support.AbstractBeanFactory.lambda$doGetBean$0(AbstractBeanFactory.java:312)
		at org.springframework.beans.factory.support.DefaultSingletonBeanRegistry.getSingleton(DefaultSingletonBeanRegistry.java:228)
		at org.springframework.beans.factory.support.AbstractBeanFactory.doGetBean(AbstractBeanFactory.java:310)
		at org.springframework.beans.factory.support.AbstractBeanFactory.getBean(AbstractBeanFactory.java:200)
		at org.springframework.beans.factory.config.DependencyDescriptor.resolveCandidate(DependencyDescriptor.java:251)
		at org.springframework.beans.factory.support.DefaultListableBeanFactory.doResolveDependency(DefaultListableBeanFactory.java:1135)
		at org.springframework.beans.factory.support.DefaultListableBeanFactory.resolveDependency(DefaultListableBeanFactory.java:1062)
		at org.springframework.beans.factory.annotation.AutowiredAnnotationBeanPostProcessor$AutowiredFieldElement.inject(AutowiredAnnotationBeanPostProcessor.java:583)
		... 36 more
	Caused by: org.springframework.beans.factory.BeanCreationException: Error creating bean with name 'userRepository': Cannot create inner bean '(inner bean)#1d992221' of type [org.springframework.orm.jpa.SharedEntityManagerCreator] while setting bean property 'entityManager'; nested exception is org.springframework.beans.factory.BeanCreationException: Error creating bean with name '(inner bean)#1d992221': Cannot resolve reference to bean 'entityManagerFactory' while setting constructor argument; nested exception is org.springframework.beans.factory.NoSuchBeanDefinitionException: No bean named 'entityManagerFactory' available
		at org.springframework.beans.factory.support.BeanDefinitionValueResolver.resolveInnerBean(BeanDefinitionValueResolver.java:327)
		at org.springframework.beans.factory.support.BeanDefinitionValueResolver.resolveValueIfNecessary(BeanDefinitionValueResolver.java:131)
		at org.springframework.beans.factory.support.AbstractAutowireCapableBeanFactory.applyPropertyValues(AbstractAutowireCapableBeanFactory.java:1613)
		at org.springframework.beans.factory.support.AbstractAutowireCapableBeanFactory.populateBean(AbstractAutowireCapableBeanFactory.java:1357)
		at org.springframework.beans.factory.support.AbstractAutowireCapableBeanFactory.doCreateBean(AbstractAutowireCapableBeanFactory.java:582)
		at org.springframework.beans.factory.support.AbstractAutowireCapableBeanFactory.createBean(AbstractAutowireCapableBeanFactory.java:502)
		at org.springframework.beans.factory.support.AbstractBeanFactory.lambda$doGetBean$0(AbstractBeanFactory.java:312)
		at org.springframework.beans.factory.support.DefaultSingletonBeanRegistry.getSingleton(DefaultSingletonBeanRegistry.java:228)
		at org.springframework.beans.factory.support.AbstractBeanFactory.doGetBean(AbstractBeanFactory.java:310)
		at org.springframework.beans.factory.support.AbstractBeanFactory.getBean(AbstractBeanFactory.java:200)
		at org.springframework.beans.factory.config.DependencyDescriptor.resolveCandidate(DependencyDescriptor.java:251)
		at org.springframework.beans.factory.support.DefaultListableBeanFactory.doResolveDependency(DefaultListableBeanFactory.java:1135)
		at org.springframework.beans.factory.support.DefaultListableBeanFactory.resolveDependency(DefaultListableBeanFactory.java:1062)
		at org.springframework.beans.factory.annotation.AutowiredAnnotationBeanPostProcessor$AutowiredFieldElement.inject(AutowiredAnnotationBeanPostProcessor.java:583)
		... 49 more
	Caused by: org.springframework.beans.factory.BeanCreationException: Error creating bean with name '(inner bean)#1d992221': Cannot resolve reference to bean 'entityManagerFactory' while setting constructor argument; nested exception is org.springframework.beans.factory.NoSuchBeanDefinitionException: No bean named 'entityManagerFactory' available
		at org.springframework.beans.factory.support.BeanDefinitionValueResolver.resolveReference(BeanDefinitionValueResolver.java:378)
		at org.springframework.beans.factory.support.BeanDefinitionValueResolver.resolveValueIfNecessary(BeanDefinitionValueResolver.java:110)
		at org.springframework.beans.factory.support.ConstructorResolver.resolveConstructorArguments(ConstructorResolver.java:622)
		at org.springframework.beans.factory.support.ConstructorResolver.instantiateUsingFactoryMethod(ConstructorResolver.java:440)
		at org.springframework.beans.factory.support.AbstractAutowireCapableBeanFactory.instantiateUsingFactoryMethod(AbstractAutowireCapableBeanFactory.java:1250)
		at org.springframework.beans.factory.support.AbstractAutowireCapableBeanFactory.createBeanInstance(AbstractAutowireCapableBeanFactory.java:1099)
		at org.springframework.beans.factory.support.AbstractAutowireCapableBeanFactory.doCreateBean(AbstractAutowireCapableBeanFactory.java:545)
		at org.springframework.beans.factory.support.AbstractAutowireCapableBeanFactory.createBean(AbstractAutowireCapableBeanFactory.java:502)
		at org.springframework.beans.factory.support.BeanDefinitionValueResolver.resolveInnerBean(BeanDefinitionValueResolver.java:312)
		... 62 more
	Caused by: org.springframework.beans.factory.NoSuchBeanDefinitionException: No bean named 'entityManagerFactory' available
		at org.springframework.beans.factory.support.DefaultListableBeanFactory.getBeanDefinition(DefaultListableBeanFactory.java:687)
		at org.springframework.beans.factory.support.AbstractBeanFactory.getMergedLocalBeanDefinition(AbstractBeanFactory.java:1205)
		at org.springframework.beans.factory.support.AbstractBeanFactory.doGetBean(AbstractBeanFactory.java:292)
		at org.springframework.beans.factory.support.AbstractBeanFactory.getBean(AbstractBeanFactory.java:200)
		at org.springframework.beans.factory.support.BeanDefinitionValueResolver.resolveReference(BeanDefinitionValueResolver.java:367)
		... 70 more
15-Dec-2025 23:52:56.332 SEVERE [http-nio-8080-exec-1] org.apache.catalina.core.StandardWrapperValve.invoke Allocate exception for servlet [dispatcher]
	org.springframework.beans.factory.NoSuchBeanDefinitionException: No bean named 'entityManagerFactory' available
		at org.springframework.beans.factory.support.DefaultListableBeanFactory.getBeanDefinition(DefaultListableBeanFactory.java:687)
		at org.springframework.beans.factory.support.AbstractBeanFactory.getMergedLocalBeanDefinition(AbstractBeanFactory.java:1205)
		at org.springframework.beans.factory.support.AbstractBeanFactory.doGetBean(AbstractBeanFactory.java:292)
		at org.springframework.beans.factory.support.AbstractBeanFactory.getBean(AbstractBeanFactory.java:200)
		at org.springframework.beans.factory.support.BeanDefinitionValueResolver.resolveReference(BeanDefinitionValueResolver.java:367)
		at org.springframework.beans.factory.support.BeanDefinitionValueResolver.resolveValueIfNecessary(BeanDefinitionValueResolver.java:110)
		at org.springframework.beans.factory.support.ConstructorResolver.resolveConstructorArguments(ConstructorResolver.java:622)
		at org.springframework.beans.factory.support.ConstructorResolver.instantiateUsingFactoryMethod(ConstructorResolver.java:440)
		at org.springframework.beans.factory.support.AbstractAutowireCapableBeanFactory.instantiateUsingFactoryMethod(AbstractAutowireCapableBeanFactory.java:1250)
		at org.springframework.beans.factory.support.AbstractAutowireCapableBeanFactory.createBeanInstance(AbstractAutowireCapableBeanFactory.java:1099)
		at org.springframework.beans.factory.support.AbstractAutowireCapableBeanFactory.doCreateBean(AbstractAutowireCapableBeanFactory.java:545)
		at org.springframework.beans.factory.support.AbstractAutowireCapableBeanFactory.createBean(AbstractAutowireCapableBeanFactory.java:502)
		at org.springframework.beans.factory.support.BeanDefinitionValueResolver.resolveInnerBean(BeanDefinitionValueResolver.java:312)
		at org.springframework.beans.factory.support.BeanDefinitionValueResolver.resolveValueIfNecessary(BeanDefinitionValueResolver.java:131)
		at org.springframework.beans.factory.support.AbstractAutowireCapableBeanFactory.applyPropertyValues(AbstractAutowireCapableBeanFactory.java:1613)
		at org.springframework.beans.factory.support.AbstractAutowireCapableBeanFactory.populateBean(AbstractAutowireCapableBeanFactory.java:1357)
		at org.springframework.beans.factory.support.AbstractAutowireCapableBeanFactory.doCreateBean(AbstractAutowireCapableBeanFactory.java:582)
		at org.springframework.beans.factory.support.AbstractAutowireCapableBeanFactory.createBean(AbstractAutowireCapableBeanFactory.java:502)
		at org.springframework.beans.factory.support.AbstractBeanFactory.lambda$doGetBean$0(AbstractBeanFactory.java:312)
		at org.springframework.beans.factory.support.DefaultSingletonBeanRegistry.getSingleton(DefaultSingletonBeanRegistry.java:228)
		at org.springframework.beans.factory.support.AbstractBeanFactory.doGetBean(AbstractBeanFactory.java:310)
		at org.springframework.beans.factory.support.AbstractBeanFactory.getBean(AbstractBeanFactory.java:200)
		at org.springframework.beans.factory.config.DependencyDescriptor.resolveCandidate(DependencyDescriptor.java:251)
		at org.springframework.beans.factory.support.DefaultListableBeanFactory.doResolveDependency(DefaultListableBeanFactory.java:1135)
		at org.springframework.beans.factory.support.DefaultListableBeanFactory.resolveDependency(DefaultListableBeanFactory.java:1062)
		at org.springframework.beans.factory.annotation.AutowiredAnnotationBeanPostProcessor$AutowiredFieldElement.inject(AutowiredAnnotationBeanPostProcessor.java:583)
		at org.springframework.beans.factory.annotation.InjectionMetadata.inject(InjectionMetadata.java:91)
		at org.springframework.beans.factory.annotation.AutowiredAnnotationBeanPostProcessor.postProcessPropertyValues(AutowiredAnnotationBeanPostProcessor.java:372)
		at org.springframework.beans.factory.support.AbstractAutowireCapableBeanFactory.populateBean(AbstractAutowireCapableBeanFactory.java:1344)
		at org.springframework.beans.factory.support.AbstractAutowireCapableBeanFactory.doCreateBean(AbstractAutowireCapableBeanFactory.java:582)
		at org.springframework.beans.factory.support.AbstractAutowireCapableBeanFactory.createBean(AbstractAutowireCapableBeanFactory.java:502)
		at org.springframework.beans.factory.support.AbstractBeanFactory.lambda$doGetBean$0(AbstractBeanFactory.java:312)
		at org.springframework.beans.factory.support.DefaultSingletonBeanRegistry.getSingleton(DefaultSingletonBeanRegistry.java:228)
		at org.springframework.beans.factory.support.AbstractBeanFactory.doGetBean(AbstractBeanFactory.java:310)
		at org.springframework.beans.factory.support.AbstractBeanFactory.getBean(AbstractBeanFactory.java:200)
		at org.springframework.beans.factory.config.DependencyDescriptor.resolveCandidate(DependencyDescriptor.java:251)
		at org.springframework.beans.factory.support.DefaultListableBeanFactory.doResolveDependency(DefaultListableBeanFactory.java:1135)
		at org.springframework.beans.factory.support.DefaultListableBeanFactory.resolveDependency(DefaultListableBeanFactory.java:1062)
		at org.springframework.beans.factory.annotation.AutowiredAnnotationBeanPostProcessor$AutowiredFieldElement.inject(AutowiredAnnotationBeanPostProcessor.java:583)
		at org.springframework.beans.factory.annotation.InjectionMetadata.inject(InjectionMetadata.java:91)
		at org.springframework.beans.factory.annotation.AutowiredAnnotationBeanPostProcessor.postProcessPropertyValues(AutowiredAnnotationBeanPostProcessor.java:372)
		at org.springframework.beans.factory.support.AbstractAutowireCapableBeanFactory.populateBean(AbstractAutowireCapableBeanFactory.java:1344)
		at org.springframework.beans.factory.support.AbstractAutowireCapableBeanFactory.doCreateBean(AbstractAutowireCapableBeanFactory.java:582)
		at org.springframework.beans.factory.support.AbstractAutowireCapableBeanFactory.createBean(AbstractAutowireCapableBeanFactory.java:502)
		at org.springframework.beans.factory.support.AbstractBeanFactory.lambda$doGetBean$0(AbstractBeanFactory.java:312)
		at org.springframework.beans.factory.support.DefaultSingletonBeanRegistry.getSingleton(DefaultSingletonBeanRegistry.java:228)
		at org.springframework.beans.factory.support.AbstractBeanFactory.doGetBean(AbstractBeanFactory.java:310)
		at org.springframework.beans.factory.support.AbstractBeanFactory.getBean(AbstractBeanFactory.java:200)
		at org.springframework.beans.factory.support.DefaultListableBeanFactory.preInstantiateSingletons(DefaultListableBeanFactory.java:758)
		at org.springframework.context.support.AbstractApplicationContext.finishBeanFactoryInitialization(AbstractApplicationContext.java:868)
		at org.springframework.context.support.AbstractApplicationContext.refresh(AbstractApplicationContext.java:549)
		at org.springframework.web.servlet.FrameworkServlet.configureAndRefreshWebApplicationContext(FrameworkServlet.java:676)
		at org.springframework.web.servlet.FrameworkServlet.initWebApplicationContext(FrameworkServlet.java:545)
		at org.springframework.web.servlet.FrameworkServlet.initServletBean(FrameworkServlet.java:499)
		at org.springframework.web.servlet.HttpServletBean.init(HttpServletBean.java:172)
		at javax.servlet.GenericServlet.init(GenericServlet.java:143)
		at org.apache.catalina.core.StandardWrapper.initServlet(StandardWrapper.java:989)
		at org.apache.catalina.core.StandardWrapper.allocate(StandardWrapper.java:680)
		at org.apache.catalina.core.StandardWrapperValve.invoke(StandardWrapperValve.java:116)
		at org.apache.catalina.core.StandardContextValve.invoke(StandardContextValve.java:90)
		at org.apache.catalina.authenticator.AuthenticatorBase.invoke(AuthenticatorBase.java:482)
		at org.apache.catalina.core.StandardHostValve.invoke(StandardHostValve.java:130)
		at org.apache.catalina.valves.ErrorReportValve.invoke(ErrorReportValve.java:93)
		at org.apache.catalina.valves.AbstractAccessLogValve.invoke(AbstractAccessLogValve.java:656)
		at org.apache.catalina.core.StandardEngineValve.invoke(StandardEngineValve.java:74)
		at org.apache.catalina.connector.CoyoteAdapter.service(CoyoteAdapter.java:346)
		at org.apache.coyote.http11.Http11Processor.service(Http11Processor.java:397)
		at org.apache.coyote.AbstractProcessorLight.process(AbstractProcessorLight.java:63)
		at org.apache.coyote.AbstractProtocol$ConnectionHandler.process(AbstractProtocol.java:935)
		at org.apache.tomcat.util.net.NioEndpoint$SocketProcessor.doRun(NioEndpoint.java:1833)
		at org.apache.tomcat.util.net.SocketProcessorBase.run(SocketProcessorBase.java:52)
		at org.apache.tomcat.util.threads.ThreadPoolExecutor.runWorker(ThreadPoolExecutor.java:975)
		at org.apache.tomcat.util.threads.ThreadPoolExecutor$Worker.run(ThreadPoolExecutor.java:493)
		at org.apache.tomcat.util.threads.TaskThread$WrappingRunnable.run(TaskThread.java:63)
		at java.lang.Thread.run(Thread.java:750)
