25-Nov-2025 19:30:25.801 INFO [main] org.apache.catalina.startup.VersionLoggerListener.log Server version name:   Apache Tomcat/9.0.109
25-Nov-2025 19:30:25.808 INFO [main] org.apache.catalina.startup.VersionLoggerListener.log Server built:          Sep 1 2025 12:15:33 UTC
25-Nov-2025 19:30:25.809 INFO [main] org.apache.catalina.startup.VersionLoggerListener.log Server version number: 9.0.109.0
25-Nov-2025 19:30:25.809 INFO [main] org.apache.catalina.startup.VersionLoggerListener.log OS Name:               Windows 10
25-Nov-2025 19:30:25.809 INFO [main] org.apache.catalina.startup.VersionLoggerListener.log OS Version:            10.0
25-Nov-2025 19:30:25.809 INFO [main] org.apache.catalina.startup.VersionLoggerListener.log Architecture:          amd64
25-Nov-2025 19:30:25.809 INFO [main] org.apache.catalina.startup.VersionLoggerListener.log Java Home:             C:\Users\NanoChip\.jdks\corretto-1.8.0_462\jre
25-Nov-2025 19:30:25.810 INFO [main] org.apache.catalina.startup.VersionLoggerListener.log JVM Version:           1.8.0_462-b08
25-Nov-2025 19:30:25.810 INFO [main] org.apache.catalina.startup.VersionLoggerListener.log JVM Vendor:            Amazon.com Inc.
25-Nov-2025 19:30:25.810 INFO [main] org.apache.catalina.startup.VersionLoggerListener.log CATALINA_BASE:         F:\MyDownloas\Session18-task
25-Nov-2025 19:30:25.810 INFO [main] org.apache.catalina.startup.VersionLoggerListener.log CATALINA_HOME:         D:\apache-tomcat-9.0.109
25-Nov-2025 19:30:25.816 INFO [main] org.apache.catalina.startup.VersionLoggerListener.log Command line argument: -Dcatalina.home=D:\apache-tomcat-9.0.109
25-Nov-2025 19:30:25.816 INFO [main] org.apache.catalina.startup.VersionLoggerListener.log Command line argument: -Dcatalina.base=F:\MyDownloas\Session18-task
25-Nov-2025 19:30:25.816 INFO [main] org.apache.catalina.startup.VersionLoggerListener.log Command line argument: -Djava.io.tmpdir=F:\MyDownloas\Session18-task\temp
25-Nov-2025 19:30:25.817 INFO [main] org.apache.catalina.startup.VersionLoggerListener.log Command line argument: -Djava.util.logging.config.file=F:\MyDownloas\Session18-task\conf\logging.properties
25-Nov-2025 19:30:25.817 INFO [main] org.apache.catalina.startup.VersionLoggerListener.log Command line argument: -Djava.util.logging.manager=org.apache.juli.ClassLoaderLogManager
25-Nov-2025 19:30:25.817 INFO [main] org.apache.catalina.startup.VersionLoggerListener.log Command line argument: -javaagent:C:\Users\NanoChip\AppData\Local\Programs\IntelliJ IDEA Ultimate\lib\idea_rt.jar=56410
25-Nov-2025 19:30:25.817 INFO [main] org.apache.catalina.startup.VersionLoggerListener.log Command line argument: -Dfile.encoding=UTF-8
25-Nov-2025 19:30:25.837 INFO [main] org.apache.catalina.core.AprLifecycleListener.lifecycleEvent The Apache Tomcat Native library which allows using OpenSSL was not found on the java.library.path: [C:\Users\NanoChip\.jdks\corretto-1.8.0_462\bin;C:\Windows\Sun\Java\bin;C:\Windows\system32;C:\Windows;C:\Program Files\Common Files\Oracle\Java\javapath;C:\Windows;C:\Windows\System32\Wbem;C:\Windows\System32\WindowsPowerShell\v1.0\;C:\Program Files\apache-maven-3.9.8\bin;C:\Windows\System32\OpenSSH\;C:\Program Files\Git\cmd;C:\Program Files\MySQL\MySQL Server 8.0\bin;c:\flutter\bin;C:\Users\NanoChip\AppData\Local\Android\Sdk\platform-tools;C:\Users\NanoChip\AppData\Local\Android\Sdk\emulator;C:\Program Files (x86)\Windows Kits\10\Windows Performance Toolkit\;C:\Windows\System32;C:\Windows;D:\Gradle\gradle-8.0\bin;C:\MinGW\bin;C:\Users\NanoChip\AppData\Local\Programs\Python\Python311\;C:\Users\NanoChip\AppData\Local\Programs\Python\Python311\Scripts\;C:\Program Files\apache-maven-3.9.8\bin;C:\Program Files\Java\jdk-17\bin;;C:\Program Files\Docker\Docker\resources\bin;C:\Program Files\MySQL\MySQL Shell 8.0\bin\;C:\src\flutter\bin;C:\dart\bin;C:\Users\NanoChip\AppData\Local\Android\Sdk\emulator;C:\Program Files\Git\cmd;C:\Users\NanoChip\AppData\Local\Programs\Microsoft VS Code\bin;C:\Program Files\Java\jdk-17\bin;C:\Users\NanoChip\AppData\Local\Programs\Ollama;C:\Users\NanoChip\AppData\Local\Programs\Python\Python311\;C:\Users\NanoChip\AppData\Local\Programs\Python\Python311\Scripts\;C:\Users\NanoChip\AppData\Local\JetBrains\Toolbox\scripts;;.]
25-Nov-2025 19:30:26.549 INFO [main] org.apache.coyote.AbstractProtocol.init Initializing ProtocolHandler ["http-nio-8080"]
25-Nov-2025 19:30:26.590 INFO [main] org.apache.catalina.startup.Catalina.load Server initialization in [1307] milliseconds
25-Nov-2025 19:30:26.656 INFO [main] org.apache.catalina.core.StandardService.startInternal Starting service [Catalina]
25-Nov-2025 19:30:26.656 INFO [main] org.apache.catalina.core.StandardEngine.startInternal Starting Servlet engine: [Apache Tomcat/9.0.109]
25-Nov-2025 19:30:26.683 INFO [main] org.apache.catalina.startup.HostConfig.deployDescriptor Deploying deployment descriptor [F:\MyDownloas\Session18-task\conf\Catalina\localhost\ROOT.xml]
25-Nov-2025 19:30:26.836 WARNING [main] org.apache.catalina.webresources.DirResourceSet.initInternal Disabled the global canonical file name cache to protect against CVE-2024-56337 when starting the WebResourceSet at [F:\MyDownloas\Session18-task\target\classes] which is part of the web application []
25-Nov-2025 19:30:34.334 INFO [main] org.apache.jasper.servlet.TldScanner.scanJars At least one JAR was scanned for TLDs yet contained no TLDs. Enable debug logging for this logger for a complete list of JARs that were scanned but no TLDs were found in them. Skipping unneeded JARs during scanning can improve startup time and JSP compilation time.
25-Nov-2025 19:30:34.790 WARNING [main] org.apache.catalina.util.SessionIdGeneratorBase.createSecureRandom Creation of SecureRandom instance for session ID generation using [SHA1PRNG] took [377] milliseconds.
25-Nov-2025 19:30:37.600 INFO [main] com.mchange.v2.log.MLog.<clinit> MLog clients using java 1.4+ standard logging.
25-Nov-2025 19:30:37.715 INFO [main] com.mchange.v2.c3p0.C3P0Registry.banner Initializing c3p0-0.9.2.1 [built 20-March-2013 10:47:27 +0000; debug? true; trace: 10]
25-Nov-2025 19:30:38.192 INFO [main] org.hibernate.Version.logVersion HHH000412: Hibernate Core {5.2.2.Final}
25-Nov-2025 19:30:38.197 INFO [main] org.hibernate.cfg.Environment.<clinit> HHH000206: hibernate.properties not found
25-Nov-2025 19:30:38.199 INFO [main] org.hibernate.cfg.Environment.buildBytecodeProvider HHH000021: Bytecode provider name : javassist
25-Nov-2025 19:30:38.315 INFO [main] org.hibernate.annotations.common.reflection.java.JavaReflectionManager.<clinit> HCANN000001: Hibernate Commons Annotations {5.0.1.Final}
25-Nov-2025 19:30:38.634 INFO [main] com.mchange.v2.c3p0.impl.AbstractPoolBackedDataSource.getPoolManager Initializing c3p0 pool... com.mchange.v2.c3p0.ComboPooledDataSource [ acquireIncrement -> 3, acquireRetryAttempts -> 30, acquireRetryDelay -> 1000, autoCommitOnClose -> false, automaticTestTable -> null, breakAfterAcquireFailure -> false, checkoutTimeout -> 0, connectionCustomizerClassName -> null, connectionTesterClassName -> com.mchange.v2.c3p0.impl.DefaultConnectionTester, dataSourceName -> 1bqwpohbe1g6jvnk1o8qbhi|2670435, debugUnreturnedConnectionStackTraces -> false, description -> null, driverClass -> com.mysql.cj.jdbc.Driver, factoryClassLocation -> null, forceIgnoreUnresolvedTransactions -> false, identityToken -> 1bqwpohbe1g6jvnk1o8qbhi|2670435, idleConnectionTestPeriod -> 0, initialPoolSize -> 3, jdbcUrl -> jdbc:mysql://localhost:3307/productDB?useSSL=false&serverTimezone=UTC, maxAdministrativeTaskTime -> 0, maxConnectionAge -> 0, maxIdleTime -> 30000, maxIdleTimeExcessConnections -> 0, maxPoolSize -> 20, maxStatements -> 0, maxStatementsPerConnection -> 0, minPoolSize -> 5, numHelperThreads -> 3, preferredTestQuery -> null, properties -> {user=******, password=******}, propertyCycle -> 0, statementCacheNumDeferredCloseThreads -> 0, testConnectionOnCheckin -> false, testConnectionOnCheckout -> false, unreturnedConnectionTimeout -> 0, userOverrides -> {}, usesTraditionalReflectiveProxies -> false ]
25-Nov-2025 19:30:40.527 INFO [main] org.hibernate.dialect.Dialect.<init> HHH000400: Using dialect: org.hibernate.dialect.MySQLDialect
25-Nov-2025 19:30:40.656 INFO [main] org.hibernate.engine.jdbc.env.internal.LobCreatorBuilderImpl.useContextualLobCreation HHH000424: Disabling contextual LOB creation as createClob() method threw error : java.lang.reflect.InvocationTargetException
25-Nov-2025 19:30:47.349 INFO [main] org.apache.catalina.startup.HostConfig.deployDescriptor Deployment of deployment descriptor [F:\MyDownloas\Session18-task\conf\Catalina\localhost\ROOT.xml] has finished in [20,665] ms
25-Nov-2025 19:30:47.358 INFO [main] org.apache.coyote.AbstractProtocol.start Starting ProtocolHandler ["http-nio-8080"]
25-Nov-2025 19:30:47.416 INFO [main] org.apache.catalina.startup.Catalina.start Server startup in [20824] milliseconds
25-Nov-2025 21:09:56.742 INFO [Thread-6] org.apache.coyote.AbstractProtocol.pause Pausing ProtocolHandler ["http-nio-8080"]
25-Nov-2025 21:09:58.551 INFO [Thread-6] org.apache.catalina.core.StandardService.stopInternal Stopping service [Catalina]
25-Nov-2025 21:10:05.419 WARNING [Thread-6] org.apache.catalina.loader.WebappClassLoaderBase.clearReferencesJdbc The web application [ROOT] registered the JDBC driver [com.mysql.cj.jdbc.Driver] but failed to unregister it when the web application was stopped. To prevent a memory leak, the JDBC Driver has been forcibly unregistered.
25-Nov-2025 21:10:05.452 WARNING [Thread-6] org.apache.catalina.loader.WebappClassLoaderBase.clearReferencesThreads The web application [ROOT] appears to have started a thread named [mysql-cj-abandoned-connection-cleanup] but has failed to stop it. This is very likely to create a memory leak. Stack trace of thread:
 java.lang.Object.wait(Native Method)
 java.lang.ref.ReferenceQueue.remove(ReferenceQueue.java:144)
 com.mysql.cj.jdbc.AbandonedConnectionCleanupThread.run(AbandonedConnectionCleanupThread.java:91)
 java.util.concurrent.ThreadPoolExecutor.runWorker(ThreadPoolExecutor.java:1149)
 java.util.concurrent.ThreadPoolExecutor$Worker.run(ThreadPoolExecutor.java:624)
 java.lang.Thread.run(Thread.java:750)
25-Nov-2025 21:10:05.493 WARNING [Thread-6] org.apache.catalina.loader.WebappClassLoaderBase.clearReferencesThreads The web application [ROOT] appears to have started a thread named [Resource Destroyer in BasicResourcePool.close()] but has failed to stop it. This is very likely to create a memory leak. Stack trace of thread:
 java.util.zip.ZipFile.open(Native Method)
 java.util.zip.ZipFile.<init>(ZipFile.java:231)
 java.util.zip.ZipFile.<init>(ZipFile.java:157)
 java.util.jar.JarFile.<init>(JarFile.java:169)
 java.util.jar.JarFile.<init>(JarFile.java:133)
 org.apache.tomcat.util.compat.JreCompat.jarFileNewInstance(JreCompat.java:316)
 org.apache.tomcat.util.compat.JreCompat.jarFileNewInstance(JreCompat.java:302)
 org.apache.catalina.webresources.AbstractArchiveResourceSet.openJarFile(AbstractArchiveResourceSet.java:324)
 org.apache.catalina.webresources.AbstractSingleArchiveResourceSet.getArchiveEntry(AbstractSingleArchiveResourceSet.java:96)
 org.apache.catalina.webresources.AbstractArchiveResourceSet.getResource(AbstractArchiveResourceSet.java:255)
 org.apache.catalina.webresources.StandardRoot.getResourceInternal(StandardRoot.java:273)
 org.apache.catalina.webresources.Cache.getResource(Cache.java:64)
 org.apache.catalina.webresources.StandardRoot.getResource(StandardRoot.java:212)
 org.apache.catalina.webresources.StandardRoot.getClassLoaderResource(StandardRoot.java:221)
 org.apache.catalina.loader.WebappClassLoaderBase.findClassInternal(WebappClassLoaderBase.java:2224)
 org.apache.catalina.loader.WebappClassLoaderBase.findClassInternal(WebappClassLoaderBase.java:2215)
 org.apache.catalina.loader.WebappClassLoaderBase.findClass(WebappClassLoaderBase.java:824)
 org.apache.catalina.loader.WebappClassLoaderBase.loadClass(WebappClassLoaderBase.java:1315)
 org.apache.catalina.loader.WebappClassLoaderBase.loadClass(WebappClassLoaderBase.java:1163)
 com.mchange.v2.resourcepool.BasicResourcePool.destroyResource(BasicResourcePool.java:1040)
 com.mchange.v2.resourcepool.BasicResourcePool.destroyResource(BasicResourcePool.java:1010)
 com.mchange.v2.resourcepool.BasicResourcePool.access$100(BasicResourcePool.java:44)
 com.mchange.v2.resourcepool.BasicResourcePool$5.run(BasicResourcePool.java:1260)
25-Nov-2025 21:10:13.334 INFO [mysql-cj-abandoned-connection-cleanup] org.apache.catalina.loader.WebappClassLoaderBase.checkStateForResourceLoading Illegal access: this web application instance has been stopped already. Could not load []. The following stack trace is thrown for debugging purposes as well as to attempt to terminate the thread which caused the illegal access.
	java.lang.IllegalStateException: Illegal access: this web application instance has been stopped already. Could not load []. The following stack trace is thrown for debugging purposes as well as to attempt to terminate the thread which caused the illegal access.
		at org.apache.catalina.loader.WebappClassLoaderBase.checkStateForResourceLoading(WebappClassLoaderBase.java:1373)
		at org.apache.catalina.loader.WebappClassLoaderBase.getResource(WebappClassLoaderBase.java:997)
		at com.mysql.cj.jdbc.AbandonedConnectionCleanupThread.checkThreadContextClassLoader(AbandonedConnectionCleanupThread.java:123)
		at com.mysql.cj.jdbc.AbandonedConnectionCleanupThread.run(AbandonedConnectionCleanupThread.java:90)
		at java.util.concurrent.ThreadPoolExecutor.runWorker(ThreadPoolExecutor.java:1149)
		at java.util.concurrent.ThreadPoolExecutor$Worker.run(ThreadPoolExecutor.java:624)
		at java.lang.Thread.run(Thread.java:750)
25-Nov-2025 21:10:24.526 INFO [Thread-6] org.apache.coyote.AbstractProtocol.stop Stopping ProtocolHandler ["http-nio-8080"]
25-Nov-2025 21:10:24.923 INFO [Thread-6] org.apache.coyote.AbstractProtocol.destroy Destroying ProtocolHandler ["http-nio-8080"]
25-Nov-2025 21:10:50.908 INFO [main] org.apache.catalina.startup.VersionLoggerListener.log Server version name:   Apache Tomcat/9.0.109
25-Nov-2025 21:10:50.912 INFO [main] org.apache.catalina.startup.VersionLoggerListener.log Server built:          Sep 1 2025 12:15:33 UTC
25-Nov-2025 21:10:50.912 INFO [main] org.apache.catalina.startup.VersionLoggerListener.log Server version number: 9.0.109.0
25-Nov-2025 21:10:50.912 INFO [main] org.apache.catalina.startup.VersionLoggerListener.log OS Name:               Windows 10
25-Nov-2025 21:10:50.913 INFO [main] org.apache.catalina.startup.VersionLoggerListener.log OS Version:            10.0
25-Nov-2025 21:10:50.913 INFO [main] org.apache.catalina.startup.VersionLoggerListener.log Architecture:          amd64
25-Nov-2025 21:10:50.913 INFO [main] org.apache.catalina.startup.VersionLoggerListener.log Java Home:             C:\Users\NanoChip\.jdks\corretto-1.8.0_462\jre
25-Nov-2025 21:10:50.913 INFO [main] org.apache.catalina.startup.VersionLoggerListener.log JVM Version:           1.8.0_462-b08
25-Nov-2025 21:10:50.913 INFO [main] org.apache.catalina.startup.VersionLoggerListener.log JVM Vendor:            Amazon.com Inc.
25-Nov-2025 21:10:50.913 INFO [main] org.apache.catalina.startup.VersionLoggerListener.log CATALINA_BASE:         F:\MyDownloas\Session18-task
25-Nov-2025 21:10:50.913 INFO [main] org.apache.catalina.startup.VersionLoggerListener.log CATALINA_HOME:         D:\apache-tomcat-9.0.109
25-Nov-2025 21:10:50.921 INFO [main] org.apache.catalina.startup.VersionLoggerListener.log Command line argument: -Dcatalina.home=D:\apache-tomcat-9.0.109
25-Nov-2025 21:10:50.921 INFO [main] org.apache.catalina.startup.VersionLoggerListener.log Command line argument: -Dcatalina.base=F:\MyDownloas\Session18-task
25-Nov-2025 21:10:50.921 INFO [main] org.apache.catalina.startup.VersionLoggerListener.log Command line argument: -Djava.io.tmpdir=F:\MyDownloas\Session18-task\temp
25-Nov-2025 21:10:50.922 INFO [main] org.apache.catalina.startup.VersionLoggerListener.log Command line argument: -Djava.util.logging.config.file=F:\MyDownloas\Session18-task\conf\logging.properties
25-Nov-2025 21:10:50.922 INFO [main] org.apache.catalina.startup.VersionLoggerListener.log Command line argument: -Djava.util.logging.manager=org.apache.juli.ClassLoaderLogManager
25-Nov-2025 21:10:50.922 INFO [main] org.apache.catalina.startup.VersionLoggerListener.log Command line argument: -javaagent:C:\Users\NanoChip\AppData\Local\Programs\IntelliJ IDEA Ultimate\lib\idea_rt.jar=57683
25-Nov-2025 21:10:50.922 INFO [main] org.apache.catalina.startup.VersionLoggerListener.log Command line argument: -Dfile.encoding=UTF-8
25-Nov-2025 21:10:50.941 INFO [main] org.apache.catalina.core.AprLifecycleListener.lifecycleEvent The Apache Tomcat Native library which allows using OpenSSL was not found on the java.library.path: [C:\Users\NanoChip\.jdks\corretto-1.8.0_462\bin;C:\Windows\Sun\Java\bin;C:\Windows\system32;C:\Windows;C:\Program Files\Common Files\Oracle\Java\javapath;C:\Windows;C:\Windows\System32\Wbem;C:\Windows\System32\WindowsPowerShell\v1.0\;C:\Program Files\apache-maven-3.9.8\bin;C:\Windows\System32\OpenSSH\;C:\Program Files\Git\cmd;C:\Program Files\MySQL\MySQL Server 8.0\bin;c:\flutter\bin;C:\Users\NanoChip\AppData\Local\Android\Sdk\platform-tools;C:\Users\NanoChip\AppData\Local\Android\Sdk\emulator;C:\Program Files (x86)\Windows Kits\10\Windows Performance Toolkit\;C:\Windows\System32;C:\Windows;D:\Gradle\gradle-8.0\bin;C:\MinGW\bin;C:\Users\NanoChip\AppData\Local\Programs\Python\Python311\;C:\Users\NanoChip\AppData\Local\Programs\Python\Python311\Scripts\;C:\Program Files\apache-maven-3.9.8\bin;C:\Program Files\Java\jdk-17\bin;;C:\Program Files\Docker\Docker\resources\bin;C:\Program Files\MySQL\MySQL Shell 8.0\bin\;C:\src\flutter\bin;C:\dart\bin;C:\Users\NanoChip\AppData\Local\Android\Sdk\emulator;C:\Program Files\Git\cmd;C:\Users\NanoChip\AppData\Local\Programs\Microsoft VS Code\bin;C:\Program Files\Java\jdk-17\bin;C:\Users\NanoChip\AppData\Local\Programs\Ollama;C:\Users\NanoChip\AppData\Local\Programs\Python\Python311\;C:\Users\NanoChip\AppData\Local\Programs\Python\Python311\Scripts\;C:\Users\NanoChip\AppData\Local\JetBrains\Toolbox\scripts;;.]
25-Nov-2025 21:10:51.507 INFO [main] org.apache.coyote.AbstractProtocol.init Initializing ProtocolHandler ["http-nio-8080"]
25-Nov-2025 21:10:51.542 INFO [main] org.apache.catalina.startup.Catalina.load Server initialization in [1060] milliseconds
25-Nov-2025 21:10:51.594 INFO [main] org.apache.catalina.core.StandardService.startInternal Starting service [Catalina]
25-Nov-2025 21:10:51.595 INFO [main] org.apache.catalina.core.StandardEngine.startInternal Starting Servlet engine: [Apache Tomcat/9.0.109]
25-Nov-2025 21:10:51.608 INFO [main] org.apache.catalina.startup.HostConfig.deployDescriptor Deploying deployment descriptor [F:\MyDownloas\Session18-task\conf\Catalina\localhost\ROOT.xml]
25-Nov-2025 21:10:51.698 WARNING [main] org.apache.catalina.webresources.DirResourceSet.initInternal Disabled the global canonical file name cache to protect against CVE-2024-56337 when starting the WebResourceSet at [F:\MyDownloas\Session18-task\target\classes] which is part of the web application []
25-Nov-2025 21:10:56.883 INFO [main] org.apache.jasper.servlet.TldScanner.scanJars At least one JAR was scanned for TLDs yet contained no TLDs. Enable debug logging for this logger for a complete list of JARs that were scanned but no TLDs were found in them. Skipping unneeded JARs during scanning can improve startup time and JSP compilation time.
25-Nov-2025 21:10:57.399 WARNING [main] org.apache.catalina.util.SessionIdGeneratorBase.createSecureRandom Creation of SecureRandom instance for session ID generation using [SHA1PRNG] took [382] milliseconds.
25-Nov-2025 21:11:00.470 INFO [main] com.mchange.v2.log.MLog.<clinit> MLog clients using java 1.4+ standard logging.
25-Nov-2025 21:11:00.593 INFO [main] com.mchange.v2.c3p0.C3P0Registry.banner Initializing c3p0-0.9.2.1 [built 20-March-2013 10:47:27 +0000; debug? true; trace: 10]
25-Nov-2025 21:11:01.147 INFO [main] org.hibernate.Version.logVersion HHH000412: Hibernate Core {5.2.2.Final}
25-Nov-2025 21:11:01.150 INFO [main] org.hibernate.cfg.Environment.<clinit> HHH000206: hibernate.properties not found
25-Nov-2025 21:11:01.153 INFO [main] org.hibernate.cfg.Environment.buildBytecodeProvider HHH000021: Bytecode provider name : javassist
25-Nov-2025 21:11:01.266 INFO [main] org.hibernate.annotations.common.reflection.java.JavaReflectionManager.<clinit> HCANN000001: Hibernate Commons Annotations {5.0.1.Final}
25-Nov-2025 21:11:01.587 INFO [main] com.mchange.v2.c3p0.impl.AbstractPoolBackedDataSource.getPoolManager Initializing c3p0 pool... com.mchange.v2.c3p0.ComboPooledDataSource [ acquireIncrement -> 3, acquireRetryAttempts -> 30, acquireRetryDelay -> 1000, autoCommitOnClose -> false, automaticTestTable -> null, breakAfterAcquireFailure -> false, checkoutTimeout -> 0, connectionCustomizerClassName -> null, connectionTesterClassName -> com.mchange.v2.c3p0.impl.DefaultConnectionTester, dataSourceName -> 1bqwpohbe1ga4yxn19mapo5|6adee80f, debugUnreturnedConnectionStackTraces -> false, description -> null, driverClass -> com.mysql.cj.jdbc.Driver, factoryClassLocation -> null, forceIgnoreUnresolvedTransactions -> false, identityToken -> 1bqwpohbe1ga4yxn19mapo5|6adee80f, idleConnectionTestPeriod -> 0, initialPoolSize -> 3, jdbcUrl -> jdbc:mysql://localhost:3307/productDB?useSSL=false&serverTimezone=UTC, maxAdministrativeTaskTime -> 0, maxConnectionAge -> 0, maxIdleTime -> 30000, maxIdleTimeExcessConnections -> 0, maxPoolSize -> 20, maxStatements -> 0, maxStatementsPerConnection -> 0, minPoolSize -> 5, numHelperThreads -> 3, preferredTestQuery -> null, properties -> {user=******, password=******}, propertyCycle -> 0, statementCacheNumDeferredCloseThreads -> 0, testConnectionOnCheckin -> false, testConnectionOnCheckout -> false, unreturnedConnectionTimeout -> 0, userOverrides -> {}, usesTraditionalReflectiveProxies -> false ]
25-Nov-2025 21:11:02.776 INFO [main] org.hibernate.dialect.Dialect.<init> HHH000400: Using dialect: org.hibernate.dialect.MySQLDialect
25-Nov-2025 21:11:02.905 INFO [main] org.hibernate.engine.jdbc.env.internal.LobCreatorBuilderImpl.useContextualLobCreation HHH000424: Disabling contextual LOB creation as createClob() method threw error : java.lang.reflect.InvocationTargetException
25-Nov-2025 21:11:08.391 INFO [main] org.apache.catalina.startup.HostConfig.deployDescriptor Deployment of deployment descriptor [F:\MyDownloas\Session18-task\conf\Catalina\localhost\ROOT.xml] has finished in [16,783] ms
25-Nov-2025 21:11:08.398 INFO [main] org.apache.coyote.AbstractProtocol.start Starting ProtocolHandler ["http-nio-8080"]
25-Nov-2025 21:11:08.455 INFO [main] org.apache.catalina.startup.Catalina.start Server startup in [16913] milliseconds
25-Nov-2025 21:13:56.735 INFO [Thread-6] org.apache.coyote.AbstractProtocol.pause Pausing ProtocolHandler ["http-nio-8080"]
25-Nov-2025 21:13:57.221 INFO [Thread-6] org.apache.catalina.core.StandardService.stopInternal Stopping service [Catalina]
25-Nov-2025 21:13:57.252 WARNING [Thread-6] org.apache.catalina.loader.WebappClassLoaderBase.clearReferencesJdbc The web application [ROOT] registered the JDBC driver [com.mysql.cj.jdbc.Driver] but failed to unregister it when the web application was stopped. To prevent a memory leak, the JDBC Driver has been forcibly unregistered.
25-Nov-2025 21:13:57.257 WARNING [Thread-6] org.apache.catalina.loader.WebappClassLoaderBase.clearReferencesThreads The web application [ROOT] appears to have started a thread named [mysql-cj-abandoned-connection-cleanup] but has failed to stop it. This is very likely to create a memory leak. Stack trace of thread:
 java.lang.Object.wait(Native Method)
 java.lang.ref.ReferenceQueue.remove(ReferenceQueue.java:144)
 com.mysql.cj.jdbc.AbandonedConnectionCleanupThread.run(AbandonedConnectionCleanupThread.java:91)
 java.util.concurrent.ThreadPoolExecutor.runWorker(ThreadPoolExecutor.java:1149)
 java.util.concurrent.ThreadPoolExecutor$Worker.run(ThreadPoolExecutor.java:624)
 java.lang.Thread.run(Thread.java:750)
25-Nov-2025 21:13:57.259 WARNING [Thread-6] org.apache.catalina.loader.WebappClassLoaderBase.clearReferencesThreads The web application [ROOT] appears to have started a thread named [Resource Destroyer in BasicResourcePool.close()] but has failed to stop it. This is very likely to create a memory leak. Stack trace of thread:
 java.lang.ClassLoader.defineClass1(Native Method)
 java.lang.ClassLoader.defineClass(ClassLoader.java:756)
 java.security.SecureClassLoader.defineClass(SecureClassLoader.java:142)
 org.apache.catalina.loader.WebappClassLoaderBase.findClassInternal(WebappClassLoaderBase.java:2345)
 org.apache.catalina.loader.WebappClassLoaderBase.findClassInternal(WebappClassLoaderBase.java:2215)
 org.apache.catalina.loader.WebappClassLoaderBase.findClass(WebappClassLoaderBase.java:824)
 org.apache.catalina.loader.WebappClassLoaderBase.loadClass(WebappClassLoaderBase.java:1315)
 org.apache.catalina.loader.WebappClassLoaderBase.loadClass(WebappClassLoaderBase.java:1163)
 com.mysql.cj.protocol.a.NativeProtocol.quit(NativeProtocol.java:1317)
 com.mysql.cj.NativeSession.quit(NativeSession.java:150)
 com.mysql.cj.jdbc.ConnectionImpl.realClose(ConnectionImpl.java:1695)
 com.mysql.cj.jdbc.ConnectionImpl.close(ConnectionImpl.java:710)
 com.mchange.v2.c3p0.impl.NewPooledConnection.close(NewPooledConnection.java:629)
 com.mchange.v2.c3p0.impl.NewPooledConnection.closeMaybeCheckedOut(NewPooledConnection.java:259)
 com.mchange.v2.c3p0.impl.C3P0PooledConnectionPool$1PooledConnectionResourcePoolManager.destroyResource(C3P0PooledConnectionPool.java:619)
 com.mchange.v2.resourcepool.BasicResourcePool$1DestroyResourceTask.run(BasicResourcePool.java:1024)
 com.mchange.v2.resourcepool.BasicResourcePool.destroyResource(BasicResourcePool.java:1049)
 com.mchange.v2.resourcepool.BasicResourcePool.destroyResource(BasicResourcePool.java:1010)
 com.mchange.v2.resourcepool.BasicResourcePool.access$100(BasicResourcePool.java:44)
 com.mchange.v2.resourcepool.BasicResourcePool$5.run(BasicResourcePool.java:1260)
25-Nov-2025 21:13:57.266 INFO [Resource Destroyer in BasicResourcePool.close()] org.apache.catalina.loader.WebappClassLoaderBase.checkStateForResourceLoading Illegal access: this web application instance has been stopped already. Could not load [javax.crypto.BadPaddingException]. The following stack trace is thrown for debugging purposes as well as to attempt to terminate the thread which caused the illegal access.
	java.lang.IllegalStateException: Illegal access: this web application instance has been stopped already. Could not load [javax.crypto.BadPaddingException]. The following stack trace is thrown for debugging purposes as well as to attempt to terminate the thread which caused the illegal access.
		at org.apache.catalina.loader.WebappClassLoaderBase.checkStateForResourceLoading(WebappClassLoaderBase.java:1373)
		at org.apache.catalina.loader.WebappClassLoaderBase.checkStateForClassLoading(WebappClassLoaderBase.java:1362)
		at org.apache.catalina.loader.WebappClassLoaderBase.loadClass(WebappClassLoaderBase.java:1196)
		at org.apache.catalina.loader.WebappClassLoaderBase.loadClass(WebappClassLoaderBase.java:1163)
		at com.mysql.cj.protocol.a.NativeProtocol.quit(NativeProtocol.java:1317)
		at com.mysql.cj.NativeSession.quit(NativeSession.java:150)
		at com.mysql.cj.jdbc.ConnectionImpl.realClose(ConnectionImpl.java:1695)
		at com.mysql.cj.jdbc.ConnectionImpl.close(ConnectionImpl.java:710)
		at com.mchange.v2.c3p0.impl.NewPooledConnection.close(NewPooledConnection.java:629)
		at com.mchange.v2.c3p0.impl.NewPooledConnection.closeMaybeCheckedOut(NewPooledConnection.java:259)
		at com.mchange.v2.c3p0.impl.C3P0PooledConnectionPool$1PooledConnectionResourcePoolManager.destroyResource(C3P0PooledConnectionPool.java:619)
		at com.mchange.v2.resourcepool.BasicResourcePool$1DestroyResourceTask.run(BasicResourcePool.java:1024)
		at com.mchange.v2.resourcepool.BasicResourcePool.destroyResource(BasicResourcePool.java:1049)
		at com.mchange.v2.resourcepool.BasicResourcePool.destroyResource(BasicResourcePool.java:1010)
		at com.mchange.v2.resourcepool.BasicResourcePool.access$100(BasicResourcePool.java:44)
		at com.mchange.v2.resourcepool.BasicResourcePool$5.run(BasicResourcePool.java:1260)
25-Nov-2025 21:13:57.269 INFO [Resource Destroyer in BasicResourcePool.close()] org.apache.catalina.loader.WebappClassLoaderBase.checkStateForResourceLoading Illegal access: this web application instance has been stopped already. Could not load [javax.crypto.BadPaddingException]. The following stack trace is thrown for debugging purposes as well as to attempt to terminate the thread which caused the illegal access.
	java.lang.IllegalStateException: Illegal access: this web application instance has been stopped already. Could not load [javax.crypto.BadPaddingException]. The following stack trace is thrown for debugging purposes as well as to attempt to terminate the thread which caused the illegal access.
		at org.apache.catalina.loader.WebappClassLoaderBase.checkStateForResourceLoading(WebappClassLoaderBase.java:1373)
		at org.apache.catalina.loader.WebappClassLoaderBase.checkStateForClassLoading(WebappClassLoaderBase.java:1362)
		at org.apache.catalina.loader.WebappClassLoaderBase.loadClass(WebappClassLoaderBase.java:1196)
		at org.apache.catalina.loader.WebappClassLoaderBase.loadClass(WebappClassLoaderBase.java:1163)
		at com.mysql.cj.protocol.NetworkResources.forceClose(NetworkResources.java:53)
		at com.mysql.cj.protocol.AbstractSocketConnection.forceClose(AbstractSocketConnection.java:104)
		at com.mysql.cj.protocol.a.NativeProtocol.quit(NativeProtocol.java:1335)
		at com.mysql.cj.NativeSession.quit(NativeSession.java:150)
		at com.mysql.cj.jdbc.ConnectionImpl.realClose(ConnectionImpl.java:1695)
		at com.mysql.cj.jdbc.ConnectionImpl.close(ConnectionImpl.java:710)
		at com.mchange.v2.c3p0.impl.NewPooledConnection.close(NewPooledConnection.java:629)
		at com.mchange.v2.c3p0.impl.NewPooledConnection.closeMaybeCheckedOut(NewPooledConnection.java:259)
		at com.mchange.v2.c3p0.impl.C3P0PooledConnectionPool$1PooledConnectionResourcePoolManager.destroyResource(C3P0PooledConnectionPool.java:619)
		at com.mchange.v2.resourcepool.BasicResourcePool$1DestroyResourceTask.run(BasicResourcePool.java:1024)
		at com.mchange.v2.resourcepool.BasicResourcePool.destroyResource(BasicResourcePool.java:1049)
		at com.mchange.v2.resourcepool.BasicResourcePool.destroyResource(BasicResourcePool.java:1010)
		at com.mchange.v2.resourcepool.BasicResourcePool.access$100(BasicResourcePool.java:44)
		at com.mchange.v2.resourcepool.BasicResourcePool$5.run(BasicResourcePool.java:1260)
25-Nov-2025 21:13:57.281 INFO [Thread-6] org.apache.coyote.AbstractProtocol.stop Stopping ProtocolHandler ["http-nio-8080"]
25-Nov-2025 21:13:57.301 INFO [Thread-6] org.apache.coyote.AbstractProtocol.destroy Destroying ProtocolHandler ["http-nio-8080"]
25-Nov-2025 21:14:08.721 INFO [main] org.apache.catalina.startup.VersionLoggerListener.log Server version name:   Apache Tomcat/9.0.109
25-Nov-2025 21:14:08.726 INFO [main] org.apache.catalina.startup.VersionLoggerListener.log Server built:          Sep 1 2025 12:15:33 UTC
25-Nov-2025 21:14:08.726 INFO [main] org.apache.catalina.startup.VersionLoggerListener.log Server version number: 9.0.109.0
25-Nov-2025 21:14:08.726 INFO [main] org.apache.catalina.startup.VersionLoggerListener.log OS Name:               Windows 10
25-Nov-2025 21:14:08.727 INFO [main] org.apache.catalina.startup.VersionLoggerListener.log OS Version:            10.0
25-Nov-2025 21:14:08.727 INFO [main] org.apache.catalina.startup.VersionLoggerListener.log Architecture:          amd64
25-Nov-2025 21:14:08.727 INFO [main] org.apache.catalina.startup.VersionLoggerListener.log Java Home:             C:\Users\NanoChip\.jdks\corretto-1.8.0_462\jre
25-Nov-2025 21:14:08.727 INFO [main] org.apache.catalina.startup.VersionLoggerListener.log JVM Version:           1.8.0_462-b08
25-Nov-2025 21:14:08.727 INFO [main] org.apache.catalina.startup.VersionLoggerListener.log JVM Vendor:            Amazon.com Inc.
25-Nov-2025 21:14:08.727 INFO [main] org.apache.catalina.startup.VersionLoggerListener.log CATALINA_BASE:         F:\MyDownloas\Session18-task
25-Nov-2025 21:14:08.728 INFO [main] org.apache.catalina.startup.VersionLoggerListener.log CATALINA_HOME:         D:\apache-tomcat-9.0.109
25-Nov-2025 21:14:08.729 INFO [main] org.apache.catalina.startup.VersionLoggerListener.log Command line argument: -Dcatalina.home=D:\apache-tomcat-9.0.109
25-Nov-2025 21:14:08.729 INFO [main] org.apache.catalina.startup.VersionLoggerListener.log Command line argument: -Dcatalina.base=F:\MyDownloas\Session18-task
25-Nov-2025 21:14:08.729 INFO [main] org.apache.catalina.startup.VersionLoggerListener.log Command line argument: -Djava.io.tmpdir=F:\MyDownloas\Session18-task\temp
25-Nov-2025 21:14:08.730 INFO [main] org.apache.catalina.startup.VersionLoggerListener.log Command line argument: -Djava.util.logging.config.file=F:\MyDownloas\Session18-task\conf\logging.properties
25-Nov-2025 21:14:08.730 INFO [main] org.apache.catalina.startup.VersionLoggerListener.log Command line argument: -Djava.util.logging.manager=org.apache.juli.ClassLoaderLogManager
25-Nov-2025 21:14:08.730 INFO [main] org.apache.catalina.startup.VersionLoggerListener.log Command line argument: -javaagent:C:\Users\NanoChip\AppData\Local\Programs\IntelliJ IDEA Ultimate\lib\idea_rt.jar=57727
25-Nov-2025 21:14:08.730 INFO [main] org.apache.catalina.startup.VersionLoggerListener.log Command line argument: -Dfile.encoding=UTF-8
25-Nov-2025 21:14:08.751 INFO [main] org.apache.catalina.core.AprLifecycleListener.lifecycleEvent The Apache Tomcat Native library which allows using OpenSSL was not found on the java.library.path: [C:\Users\NanoChip\.jdks\corretto-1.8.0_462\bin;C:\Windows\Sun\Java\bin;C:\Windows\system32;C:\Windows;C:\Program Files\Common Files\Oracle\Java\javapath;C:\Windows;C:\Windows\System32\Wbem;C:\Windows\System32\WindowsPowerShell\v1.0\;C:\Program Files\apache-maven-3.9.8\bin;C:\Windows\System32\OpenSSH\;C:\Program Files\Git\cmd;C:\Program Files\MySQL\MySQL Server 8.0\bin;c:\flutter\bin;C:\Users\NanoChip\AppData\Local\Android\Sdk\platform-tools;C:\Users\NanoChip\AppData\Local\Android\Sdk\emulator;C:\Program Files (x86)\Windows Kits\10\Windows Performance Toolkit\;C:\Windows\System32;C:\Windows;D:\Gradle\gradle-8.0\bin;C:\MinGW\bin;C:\Users\NanoChip\AppData\Local\Programs\Python\Python311\;C:\Users\NanoChip\AppData\Local\Programs\Python\Python311\Scripts\;C:\Program Files\apache-maven-3.9.8\bin;C:\Program Files\Java\jdk-17\bin;;C:\Program Files\Docker\Docker\resources\bin;C:\Program Files\MySQL\MySQL Shell 8.0\bin\;C:\src\flutter\bin;C:\dart\bin;C:\Users\NanoChip\AppData\Local\Android\Sdk\emulator;C:\Program Files\Git\cmd;C:\Users\NanoChip\AppData\Local\Programs\Microsoft VS Code\bin;C:\Program Files\Java\jdk-17\bin;C:\Users\NanoChip\AppData\Local\Programs\Ollama;C:\Users\NanoChip\AppData\Local\Programs\Python\Python311\;C:\Users\NanoChip\AppData\Local\Programs\Python\Python311\Scripts\;C:\Users\NanoChip\AppData\Local\JetBrains\Toolbox\scripts;;.]
25-Nov-2025 21:14:09.401 INFO [main] org.apache.coyote.AbstractProtocol.init Initializing ProtocolHandler ["http-nio-8080"]
25-Nov-2025 21:14:09.433 INFO [main] org.apache.catalina.startup.Catalina.load Server initialization in [1125] milliseconds
25-Nov-2025 21:14:09.496 INFO [main] org.apache.catalina.core.StandardService.startInternal Starting service [Catalina]
25-Nov-2025 21:14:09.496 INFO [main] org.apache.catalina.core.StandardEngine.startInternal Starting Servlet engine: [Apache Tomcat/9.0.109]
25-Nov-2025 21:14:09.514 INFO [main] org.apache.catalina.startup.HostConfig.deployDescriptor Deploying deployment descriptor [F:\MyDownloas\Session18-task\conf\Catalina\localhost\ROOT.xml]
25-Nov-2025 21:14:09.664 WARNING [main] org.apache.catalina.webresources.DirResourceSet.initInternal Disabled the global canonical file name cache to protect against CVE-2024-56337 when starting the WebResourceSet at [F:\MyDownloas\Session18-task\target\classes] which is part of the web application []
25-Nov-2025 21:14:15.120 INFO [main] org.apache.jasper.servlet.TldScanner.scanJars At least one JAR was scanned for TLDs yet contained no TLDs. Enable debug logging for this logger for a complete list of JARs that were scanned but no TLDs were found in them. Skipping unneeded JARs during scanning can improve startup time and JSP compilation time.
25-Nov-2025 21:14:15.587 WARNING [main] org.apache.catalina.util.SessionIdGeneratorBase.createSecureRandom Creation of SecureRandom instance for session ID generation using [SHA1PRNG] took [386] milliseconds.
25-Nov-2025 21:14:17.989 INFO [main] com.mchange.v2.log.MLog.<clinit> MLog clients using java 1.4+ standard logging.
25-Nov-2025 21:14:18.095 INFO [main] com.mchange.v2.c3p0.C3P0Registry.banner Initializing c3p0-0.9.2.1 [built 20-March-2013 10:47:27 +0000; debug? true; trace: 10]
25-Nov-2025 21:14:18.526 INFO [main] org.hibernate.Version.logVersion HHH000412: Hibernate Core {5.2.2.Final}
25-Nov-2025 21:14:18.530 INFO [main] org.hibernate.cfg.Environment.<clinit> HHH000206: hibernate.properties not found
25-Nov-2025 21:14:18.532 INFO [main] org.hibernate.cfg.Environment.buildBytecodeProvider HHH000021: Bytecode provider name : javassist
25-Nov-2025 21:14:18.631 INFO [main] org.hibernate.annotations.common.reflection.java.JavaReflectionManager.<clinit> HCANN000001: Hibernate Commons Annotations {5.0.1.Final}
25-Nov-2025 21:14:18.910 INFO [main] com.mchange.v2.c3p0.impl.AbstractPoolBackedDataSource.getPoolManager Initializing c3p0 pool... com.mchange.v2.c3p0.ComboPooledDataSource [ acquireIncrement -> 3, acquireRetryAttempts -> 30, acquireRetryDelay -> 1000, autoCommitOnClose -> false, automaticTestTable -> null, breakAfterAcquireFailure -> false, checkoutTimeout -> 0, connectionCustomizerClassName -> null, connectionTesterClassName -> com.mchange.v2.c3p0.impl.DefaultConnectionTester, dataSourceName -> 1bqwpohbe1ga97btat97te|2670435, debugUnreturnedConnectionStackTraces -> false, description -> null, driverClass -> com.mysql.cj.jdbc.Driver, factoryClassLocation -> null, forceIgnoreUnresolvedTransactions -> false, identityToken -> 1bqwpohbe1ga97btat97te|2670435, idleConnectionTestPeriod -> 0, initialPoolSize -> 3, jdbcUrl -> jdbc:mysql://localhost:3307/productDB?useSSL=false&serverTimezone=UTC, maxAdministrativeTaskTime -> 0, maxConnectionAge -> 0, maxIdleTime -> 30000, maxIdleTimeExcessConnections -> 0, maxPoolSize -> 20, maxStatements -> 0, maxStatementsPerConnection -> 0, minPoolSize -> 5, numHelperThreads -> 3, preferredTestQuery -> null, properties -> {user=******, password=******}, propertyCycle -> 0, statementCacheNumDeferredCloseThreads -> 0, testConnectionOnCheckin -> false, testConnectionOnCheckout -> false, unreturnedConnectionTimeout -> 0, userOverrides -> {}, usesTraditionalReflectiveProxies -> false ]
25-Nov-2025 21:14:19.512 INFO [main] org.hibernate.dialect.Dialect.<init> HHH000400: Using dialect: org.hibernate.dialect.MySQLDialect
25-Nov-2025 21:14:19.674 INFO [main] org.hibernate.engine.jdbc.env.internal.LobCreatorBuilderImpl.useContextualLobCreation HHH000424: Disabling contextual LOB creation as createClob() method threw error : java.lang.reflect.InvocationTargetException
25-Nov-2025 21:14:24.234 INFO [main] org.apache.catalina.startup.HostConfig.deployDescriptor Deployment of deployment descriptor [F:\MyDownloas\Session18-task\conf\Catalina\localhost\ROOT.xml] has finished in [14,720] ms
25-Nov-2025 21:14:24.241 INFO [main] org.apache.coyote.AbstractProtocol.start Starting ProtocolHandler ["http-nio-8080"]
25-Nov-2025 21:14:24.271 INFO [main] org.apache.catalina.startup.Catalina.start Server startup in [14838] milliseconds
25-Nov-2025 21:19:26.756 INFO [Thread-6] org.apache.coyote.AbstractProtocol.pause Pausing ProtocolHandler ["http-nio-8080"]
25-Nov-2025 21:19:27.280 INFO [Thread-6] org.apache.catalina.core.StandardService.stopInternal Stopping service [Catalina]
25-Nov-2025 21:19:27.371 WARNING [Thread-6] org.apache.catalina.loader.WebappClassLoaderBase.clearReferencesJdbc The web application [ROOT] registered the JDBC driver [com.mysql.cj.jdbc.Driver] but failed to unregister it when the web application was stopped. To prevent a memory leak, the JDBC Driver has been forcibly unregistered.
25-Nov-2025 21:19:27.372 WARNING [Thread-6] org.apache.catalina.loader.WebappClassLoaderBase.clearReferencesThreads The web application [ROOT] appears to have started a thread named [mysql-cj-abandoned-connection-cleanup] but has failed to stop it. This is very likely to create a memory leak. Stack trace of thread:
 java.lang.Object.wait(Native Method)
 java.lang.ref.ReferenceQueue.remove(ReferenceQueue.java:144)
 com.mysql.cj.jdbc.AbandonedConnectionCleanupThread.run(AbandonedConnectionCleanupThread.java:91)
 java.util.concurrent.ThreadPoolExecutor.runWorker(ThreadPoolExecutor.java:1149)
 java.util.concurrent.ThreadPoolExecutor$Worker.run(ThreadPoolExecutor.java:624)
 java.lang.Thread.run(Thread.java:750)
25-Nov-2025 21:19:27.380 INFO [Thread-6] org.apache.coyote.AbstractProtocol.stop Stopping ProtocolHandler ["http-nio-8080"]
25-Nov-2025 21:19:27.396 INFO [Thread-6] org.apache.coyote.AbstractProtocol.destroy Destroying ProtocolHandler ["http-nio-8080"]
25-Nov-2025 21:19:36.575 INFO [main] org.apache.catalina.startup.VersionLoggerListener.log Server version name:   Apache Tomcat/9.0.109
25-Nov-2025 21:19:36.580 INFO [main] org.apache.catalina.startup.VersionLoggerListener.log Server built:          Sep 1 2025 12:15:33 UTC
25-Nov-2025 21:19:36.580 INFO [main] org.apache.catalina.startup.VersionLoggerListener.log Server version number: 9.0.109.0
25-Nov-2025 21:19:36.580 INFO [main] org.apache.catalina.startup.VersionLoggerListener.log OS Name:               Windows 10
25-Nov-2025 21:19:36.580 INFO [main] org.apache.catalina.startup.VersionLoggerListener.log OS Version:            10.0
25-Nov-2025 21:19:36.581 INFO [main] org.apache.catalina.startup.VersionLoggerListener.log Architecture:          amd64
25-Nov-2025 21:19:36.581 INFO [main] org.apache.catalina.startup.VersionLoggerListener.log Java Home:             C:\Users\NanoChip\.jdks\corretto-1.8.0_462\jre
25-Nov-2025 21:19:36.581 INFO [main] org.apache.catalina.startup.VersionLoggerListener.log JVM Version:           1.8.0_462-b08
25-Nov-2025 21:19:36.581 INFO [main] org.apache.catalina.startup.VersionLoggerListener.log JVM Vendor:            Amazon.com Inc.
25-Nov-2025 21:19:36.581 INFO [main] org.apache.catalina.startup.VersionLoggerListener.log CATALINA_BASE:         F:\MyDownloas\Session18-task
25-Nov-2025 21:19:36.582 INFO [main] org.apache.catalina.startup.VersionLoggerListener.log CATALINA_HOME:         D:\apache-tomcat-9.0.109
25-Nov-2025 21:19:36.583 INFO [main] org.apache.catalina.startup.VersionLoggerListener.log Command line argument: -Dcatalina.home=D:\apache-tomcat-9.0.109
25-Nov-2025 21:19:36.583 INFO [main] org.apache.catalina.startup.VersionLoggerListener.log Command line argument: -Dcatalina.base=F:\MyDownloas\Session18-task
25-Nov-2025 21:19:36.583 INFO [main] org.apache.catalina.startup.VersionLoggerListener.log Command line argument: -Djava.io.tmpdir=F:\MyDownloas\Session18-task\temp
25-Nov-2025 21:19:36.584 INFO [main] org.apache.catalina.startup.VersionLoggerListener.log Command line argument: -Djava.util.logging.config.file=F:\MyDownloas\Session18-task\conf\logging.properties
25-Nov-2025 21:19:36.584 INFO [main] org.apache.catalina.startup.VersionLoggerListener.log Command line argument: -Djava.util.logging.manager=org.apache.juli.ClassLoaderLogManager
25-Nov-2025 21:19:36.584 INFO [main] org.apache.catalina.startup.VersionLoggerListener.log Command line argument: -javaagent:C:\Users\NanoChip\AppData\Local\Programs\IntelliJ IDEA Ultimate\lib\idea_rt.jar=57797
25-Nov-2025 21:19:36.584 INFO [main] org.apache.catalina.startup.VersionLoggerListener.log Command line argument: -Dfile.encoding=UTF-8
25-Nov-2025 21:19:36.609 INFO [main] org.apache.catalina.core.AprLifecycleListener.lifecycleEvent The Apache Tomcat Native library which allows using OpenSSL was not found on the java.library.path: [C:\Users\NanoChip\.jdks\corretto-1.8.0_462\bin;C:\Windows\Sun\Java\bin;C:\Windows\system32;C:\Windows;C:\Program Files\Common Files\Oracle\Java\javapath;C:\Windows;C:\Windows\System32\Wbem;C:\Windows\System32\WindowsPowerShell\v1.0\;C:\Program Files\apache-maven-3.9.8\bin;C:\Windows\System32\OpenSSH\;C:\Program Files\Git\cmd;C:\Program Files\MySQL\MySQL Server 8.0\bin;c:\flutter\bin;C:\Users\NanoChip\AppData\Local\Android\Sdk\platform-tools;C:\Users\NanoChip\AppData\Local\Android\Sdk\emulator;C:\Program Files (x86)\Windows Kits\10\Windows Performance Toolkit\;C:\Windows\System32;C:\Windows;D:\Gradle\gradle-8.0\bin;C:\MinGW\bin;C:\Users\NanoChip\AppData\Local\Programs\Python\Python311\;C:\Users\NanoChip\AppData\Local\Programs\Python\Python311\Scripts\;C:\Program Files\apache-maven-3.9.8\bin;C:\Program Files\Java\jdk-17\bin;;C:\Program Files\Docker\Docker\resources\bin;C:\Program Files\MySQL\MySQL Shell 8.0\bin\;C:\src\flutter\bin;C:\dart\bin;C:\Users\NanoChip\AppData\Local\Android\Sdk\emulator;C:\Program Files\Git\cmd;C:\Users\NanoChip\AppData\Local\Programs\Microsoft VS Code\bin;C:\Program Files\Java\jdk-17\bin;C:\Users\NanoChip\AppData\Local\Programs\Ollama;C:\Users\NanoChip\AppData\Local\Programs\Python\Python311\;C:\Users\NanoChip\AppData\Local\Programs\Python\Python311\Scripts\;C:\Users\NanoChip\AppData\Local\JetBrains\Toolbox\scripts;;.]
25-Nov-2025 21:19:37.222 INFO [main] org.apache.coyote.AbstractProtocol.init Initializing ProtocolHandler ["http-nio-8080"]
25-Nov-2025 21:19:37.256 INFO [main] org.apache.catalina.startup.Catalina.load Server initialization in [1106] milliseconds
25-Nov-2025 21:19:37.316 INFO [main] org.apache.catalina.core.StandardService.startInternal Starting service [Catalina]
25-Nov-2025 21:19:37.316 INFO [main] org.apache.catalina.core.StandardEngine.startInternal Starting Servlet engine: [Apache Tomcat/9.0.109]
25-Nov-2025 21:19:37.332 INFO [main] org.apache.catalina.startup.HostConfig.deployDescriptor Deploying deployment descriptor [F:\MyDownloas\Session18-task\conf\Catalina\localhost\ROOT.xml]
25-Nov-2025 21:19:37.429 WARNING [main] org.apache.catalina.webresources.DirResourceSet.initInternal Disabled the global canonical file name cache to protect against CVE-2024-56337 when starting the WebResourceSet at [F:\MyDownloas\Session18-task\target\classes] which is part of the web application []
25-Nov-2025 21:19:42.996 INFO [main] org.apache.jasper.servlet.TldScanner.scanJars At least one JAR was scanned for TLDs yet contained no TLDs. Enable debug logging for this logger for a complete list of JARs that were scanned but no TLDs were found in them. Skipping unneeded JARs during scanning can improve startup time and JSP compilation time.
25-Nov-2025 21:19:43.452 WARNING [main] org.apache.catalina.util.SessionIdGeneratorBase.createSecureRandom Creation of SecureRandom instance for session ID generation using [SHA1PRNG] took [378] milliseconds.
25-Nov-2025 21:19:45.893 INFO [main] com.mchange.v2.log.MLog.<clinit> MLog clients using java 1.4+ standard logging.
25-Nov-2025 21:19:46.031 INFO [main] com.mchange.v2.c3p0.C3P0Registry.banner Initializing c3p0-0.9.2.1 [built 20-March-2013 10:47:27 +0000; debug? true; trace: 10]
25-Nov-2025 21:19:46.526 INFO [main] org.hibernate.Version.logVersion HHH000412: Hibernate Core {5.2.2.Final}
25-Nov-2025 21:19:46.530 INFO [main] org.hibernate.cfg.Environment.<clinit> HHH000206: hibernate.properties not found
25-Nov-2025 21:19:46.532 INFO [main] org.hibernate.cfg.Environment.buildBytecodeProvider HHH000021: Bytecode provider name : javassist
25-Nov-2025 21:19:46.659 INFO [main] org.hibernate.annotations.common.reflection.java.JavaReflectionManager.<clinit> HCANN000001: Hibernate Commons Annotations {5.0.1.Final}
25-Nov-2025 21:19:46.979 INFO [main] com.mchange.v2.c3p0.impl.AbstractPoolBackedDataSource.getPoolManager Initializing c3p0 pool... com.mchange.v2.c3p0.ComboPooledDataSource [ acquireIncrement -> 3, acquireRetryAttempts -> 30, acquireRetryDelay -> 1000, autoCommitOnClose -> false, automaticTestTable -> null, breakAfterAcquireFailure -> false, checkoutTimeout -> 0, connectionCustomizerClassName -> null, connectionTesterClassName -> com.mchange.v2.c3p0.impl.DefaultConnectionTester, dataSourceName -> 1bqwpohbe1gag8co1r8yci9|2670435, debugUnreturnedConnectionStackTraces -> false, description -> null, driverClass -> com.mysql.cj.jdbc.Driver, factoryClassLocation -> null, forceIgnoreUnresolvedTransactions -> false, identityToken -> 1bqwpohbe1gag8co1r8yci9|2670435, idleConnectionTestPeriod -> 0, initialPoolSize -> 3, jdbcUrl -> jdbc:mysql://localhost:3307/productDB?useSSL=false&serverTimezone=UTC, maxAdministrativeTaskTime -> 0, maxConnectionAge -> 0, maxIdleTime -> 30000, maxIdleTimeExcessConnections -> 0, maxPoolSize -> 20, maxStatements -> 0, maxStatementsPerConnection -> 0, minPoolSize -> 5, numHelperThreads -> 3, preferredTestQuery -> null, properties -> {user=******, password=******}, propertyCycle -> 0, statementCacheNumDeferredCloseThreads -> 0, testConnectionOnCheckin -> false, testConnectionOnCheckout -> false, unreturnedConnectionTimeout -> 0, userOverrides -> {}, usesTraditionalReflectiveProxies -> false ]
25-Nov-2025 21:19:47.595 INFO [main] org.hibernate.dialect.Dialect.<init> HHH000400: Using dialect: org.hibernate.dialect.MySQLDialect
25-Nov-2025 21:19:47.712 INFO [main] org.hibernate.engine.jdbc.env.internal.LobCreatorBuilderImpl.useContextualLobCreation HHH000424: Disabling contextual LOB creation as createClob() method threw error : java.lang.reflect.InvocationTargetException
25-Nov-2025 21:19:52.310 INFO [main] org.apache.catalina.startup.HostConfig.deployDescriptor Deployment of deployment descriptor [F:\MyDownloas\Session18-task\conf\Catalina\localhost\ROOT.xml] has finished in [14,979] ms
25-Nov-2025 21:19:52.321 INFO [main] org.apache.coyote.AbstractProtocol.start Starting ProtocolHandler ["http-nio-8080"]
25-Nov-2025 21:19:52.360 INFO [main] org.apache.catalina.startup.Catalina.start Server startup in [15104] milliseconds
25-Nov-2025 21:20:56.404 INFO [http-nio-8080-exec-10] org.hibernate.hql.internal.QueryTranslatorFactoryInitiator.initiateService HHH000397: Using ASTQueryTranslatorFactory
25-Nov-2025 21:22:17.364 INFO [Thread-6] org.apache.coyote.AbstractProtocol.pause Pausing ProtocolHandler ["http-nio-8080"]
25-Nov-2025 21:22:17.858 INFO [Thread-6] org.apache.catalina.core.StandardService.stopInternal Stopping service [Catalina]
25-Nov-2025 21:22:17.886 WARNING [Thread-6] org.apache.catalina.loader.WebappClassLoaderBase.clearReferencesJdbc The web application [ROOT] registered the JDBC driver [com.mysql.cj.jdbc.Driver] but failed to unregister it when the web application was stopped. To prevent a memory leak, the JDBC Driver has been forcibly unregistered.
25-Nov-2025 21:22:17.887 WARNING [Thread-6] org.apache.catalina.loader.WebappClassLoaderBase.clearReferencesThreads The web application [ROOT] appears to have started a thread named [mysql-cj-abandoned-connection-cleanup] but has failed to stop it. This is very likely to create a memory leak. Stack trace of thread:
 java.lang.Object.wait(Native Method)
 java.lang.ref.ReferenceQueue.remove(ReferenceQueue.java:144)
 com.mysql.cj.jdbc.AbandonedConnectionCleanupThread.run(AbandonedConnectionCleanupThread.java:91)
 java.util.concurrent.ThreadPoolExecutor.runWorker(ThreadPoolExecutor.java:1149)
 java.util.concurrent.ThreadPoolExecutor$Worker.run(ThreadPoolExecutor.java:624)
 java.lang.Thread.run(Thread.java:750)
25-Nov-2025 21:22:17.889 WARNING [Thread-6] org.apache.catalina.loader.WebappClassLoaderBase.clearReferencesThreads The web application [ROOT] appears to have started a thread named [Resource Destroyer in BasicResourcePool.close()] but has failed to stop it. This is very likely to create a memory leak. Stack trace of thread:
 java.io.WinNTFileSystem.getLastModifiedTime(Native Method)
 java.io.File.lastModified(File.java:954)
 java.util.zip.ZipFile.<init>(ZipFile.java:231)
 java.util.zip.ZipFile.<init>(ZipFile.java:157)
 java.util.jar.JarFile.<init>(JarFile.java:169)
 java.util.jar.JarFile.<init>(JarFile.java:133)
 org.apache.tomcat.util.compat.JreCompat.jarFileNewInstance(JreCompat.java:316)
 org.apache.tomcat.util.compat.JreCompat.jarFileNewInstance(JreCompat.java:302)
 org.apache.catalina.webresources.AbstractArchiveResourceSet.openJarFile(AbstractArchiveResourceSet.java:324)
 org.apache.catalina.webresources.AbstractSingleArchiveResourceSet.getArchiveEntry(AbstractSingleArchiveResourceSet.java:96)
 org.apache.catalina.webresources.AbstractArchiveResourceSet.getResource(AbstractArchiveResourceSet.java:255)
 org.apache.catalina.webresources.StandardRoot.getResourceInternal(StandardRoot.java:273)
 org.apache.catalina.webresources.Cache.getResource(Cache.java:64)
 org.apache.catalina.webresources.StandardRoot.getResource(StandardRoot.java:212)
 org.apache.catalina.webresources.StandardRoot.getClassLoaderResource(StandardRoot.java:221)
 org.apache.catalina.loader.WebappClassLoaderBase.findClassInternal(WebappClassLoaderBase.java:2224)
 org.apache.catalina.loader.WebappClassLoaderBase.findClassInternal(WebappClassLoaderBase.java:2215)
 org.apache.catalina.loader.WebappClassLoaderBase.findClass(WebappClassLoaderBase.java:824)
 org.apache.catalina.loader.WebappClassLoaderBase.loadClass(WebappClassLoaderBase.java:1315)
 org.apache.catalina.loader.WebappClassLoaderBase.loadClass(WebappClassLoaderBase.java:1163)
 com.mysql.cj.protocol.a.NativeProtocol.quit(NativeProtocol.java:1317)
 com.mysql.cj.NativeSession.quit(NativeSession.java:150)
 com.mysql.cj.jdbc.ConnectionImpl.realClose(ConnectionImpl.java:1695)
 com.mysql.cj.jdbc.ConnectionImpl.close(ConnectionImpl.java:710)
 com.mchange.v2.c3p0.impl.NewPooledConnection.close(NewPooledConnection.java:629)
 com.mchange.v2.c3p0.impl.NewPooledConnection.closeMaybeCheckedOut(NewPooledConnection.java:259)
 com.mchange.v2.c3p0.impl.C3P0PooledConnectionPool$1PooledConnectionResourcePoolManager.destroyResource(C3P0PooledConnectionPool.java:619)
 com.mchange.v2.resourcepool.BasicResourcePool$1DestroyResourceTask.run(BasicResourcePool.java:1024)
 com.mchange.v2.resourcepool.BasicResourcePool.destroyResource(BasicResourcePool.java:1049)
 com.mchange.v2.resourcepool.BasicResourcePool.destroyResource(BasicResourcePool.java:1010)
 com.mchange.v2.resourcepool.BasicResourcePool.access$100(BasicResourcePool.java:44)
 com.mchange.v2.resourcepool.BasicResourcePool$5.run(BasicResourcePool.java:1260)
25-Nov-2025 21:22:17.894 INFO [Resource Destroyer in BasicResourcePool.close()] org.apache.catalina.loader.WebappClassLoaderBase.checkStateForResourceLoading Illegal access: this web application instance has been stopped already. Could not load [java.security.Key]. The following stack trace is thrown for debugging purposes as well as to attempt to terminate the thread which caused the illegal access.
	java.lang.IllegalStateException: Illegal access: this web application instance has been stopped already. Could not load [java.security.Key]. The following stack trace is thrown for debugging purposes as well as to attempt to terminate the thread which caused the illegal access.
		at org.apache.catalina.loader.WebappClassLoaderBase.checkStateForResourceLoading(WebappClassLoaderBase.java:1373)
		at org.apache.catalina.loader.WebappClassLoaderBase.checkStateForClassLoading(WebappClassLoaderBase.java:1362)
		at org.apache.catalina.loader.WebappClassLoaderBase.loadClass(WebappClassLoaderBase.java:1196)
		at org.apache.catalina.loader.WebappClassLoaderBase.loadClass(WebappClassLoaderBase.java:1163)
		at com.mysql.cj.protocol.a.NativeProtocol.quit(NativeProtocol.java:1317)
		at com.mysql.cj.NativeSession.quit(NativeSession.java:150)
		at com.mysql.cj.jdbc.ConnectionImpl.realClose(ConnectionImpl.java:1695)
		at com.mysql.cj.jdbc.ConnectionImpl.close(ConnectionImpl.java:710)
		at com.mchange.v2.c3p0.impl.NewPooledConnection.close(NewPooledConnection.java:629)
		at com.mchange.v2.c3p0.impl.NewPooledConnection.closeMaybeCheckedOut(NewPooledConnection.java:259)
		at com.mchange.v2.c3p0.impl.C3P0PooledConnectionPool$1PooledConnectionResourcePoolManager.destroyResource(C3P0PooledConnectionPool.java:619)
		at com.mchange.v2.resourcepool.BasicResourcePool$1DestroyResourceTask.run(BasicResourcePool.java:1024)
		at com.mchange.v2.resourcepool.BasicResourcePool.destroyResource(BasicResourcePool.java:1049)
		at com.mchange.v2.resourcepool.BasicResourcePool.destroyResource(BasicResourcePool.java:1010)
		at com.mchange.v2.resourcepool.BasicResourcePool.access$100(BasicResourcePool.java:44)
		at com.mchange.v2.resourcepool.BasicResourcePool$5.run(BasicResourcePool.java:1260)
25-Nov-2025 21:22:17.895 INFO [Resource Destroyer in BasicResourcePool.close()] org.apache.catalina.loader.WebappClassLoaderBase.checkStateForResourceLoading Illegal access: this web application instance has been stopped already. Could not load [java.security.Key]. The following stack trace is thrown for debugging purposes as well as to attempt to terminate the thread which caused the illegal access.
	java.lang.IllegalStateException: Illegal access: this web application instance has been stopped already. Could not load [java.security.Key]. The following stack trace is thrown for debugging purposes as well as to attempt to terminate the thread which caused the illegal access.
		at org.apache.catalina.loader.WebappClassLoaderBase.checkStateForResourceLoading(WebappClassLoaderBase.java:1373)
		at org.apache.catalina.loader.WebappClassLoaderBase.checkStateForClassLoading(WebappClassLoaderBase.java:1362)
		at org.apache.catalina.loader.WebappClassLoaderBase.loadClass(WebappClassLoaderBase.java:1196)
		at org.apache.catalina.loader.WebappClassLoaderBase.loadClass(WebappClassLoaderBase.java:1163)
		at com.mysql.cj.protocol.NetworkResources.forceClose(NetworkResources.java:53)
		at com.mysql.cj.protocol.AbstractSocketConnection.forceClose(AbstractSocketConnection.java:104)
		at com.mysql.cj.protocol.a.NativeProtocol.quit(NativeProtocol.java:1335)
		at com.mysql.cj.NativeSession.quit(NativeSession.java:150)
		at com.mysql.cj.jdbc.ConnectionImpl.realClose(ConnectionImpl.java:1695)
		at com.mysql.cj.jdbc.ConnectionImpl.close(ConnectionImpl.java:710)
		at com.mchange.v2.c3p0.impl.NewPooledConnection.close(NewPooledConnection.java:629)
		at com.mchange.v2.c3p0.impl.NewPooledConnection.closeMaybeCheckedOut(NewPooledConnection.java:259)
		at com.mchange.v2.c3p0.impl.C3P0PooledConnectionPool$1PooledConnectionResourcePoolManager.destroyResource(C3P0PooledConnectionPool.java:619)
		at com.mchange.v2.resourcepool.BasicResourcePool$1DestroyResourceTask.run(BasicResourcePool.java:1024)
		at com.mchange.v2.resourcepool.BasicResourcePool.destroyResource(BasicResourcePool.java:1049)
		at com.mchange.v2.resourcepool.BasicResourcePool.destroyResource(BasicResourcePool.java:1010)
		at com.mchange.v2.resourcepool.BasicResourcePool.access$100(BasicResourcePool.java:44)
		at com.mchange.v2.resourcepool.BasicResourcePool$5.run(BasicResourcePool.java:1260)
25-Nov-2025 21:22:17.899 INFO [Thread-6] org.apache.coyote.AbstractProtocol.stop Stopping ProtocolHandler ["http-nio-8080"]
25-Nov-2025 21:22:17.913 INFO [Thread-6] org.apache.coyote.AbstractProtocol.destroy Destroying ProtocolHandler ["http-nio-8080"]
25-Nov-2025 21:22:27.377 INFO [main] org.apache.catalina.startup.VersionLoggerListener.log Server version name:   Apache Tomcat/9.0.109
25-Nov-2025 21:22:27.383 INFO [main] org.apache.catalina.startup.VersionLoggerListener.log Server built:          Sep 1 2025 12:15:33 UTC
25-Nov-2025 21:22:27.383 INFO [main] org.apache.catalina.startup.VersionLoggerListener.log Server version number: 9.0.109.0
25-Nov-2025 21:22:27.383 INFO [main] org.apache.catalina.startup.VersionLoggerListener.log OS Name:               Windows 10
25-Nov-2025 21:22:27.383 INFO [main] org.apache.catalina.startup.VersionLoggerListener.log OS Version:            10.0
25-Nov-2025 21:22:27.384 INFO [main] org.apache.catalina.startup.VersionLoggerListener.log Architecture:          amd64
25-Nov-2025 21:22:27.384 INFO [main] org.apache.catalina.startup.VersionLoggerListener.log Java Home:             C:\Users\NanoChip\.jdks\corretto-1.8.0_462\jre
25-Nov-2025 21:22:27.384 INFO [main] org.apache.catalina.startup.VersionLoggerListener.log JVM Version:           1.8.0_462-b08
25-Nov-2025 21:22:27.384 INFO [main] org.apache.catalina.startup.VersionLoggerListener.log JVM Vendor:            Amazon.com Inc.
25-Nov-2025 21:22:27.384 INFO [main] org.apache.catalina.startup.VersionLoggerListener.log CATALINA_BASE:         F:\MyDownloas\Session18-task
25-Nov-2025 21:22:27.385 INFO [main] org.apache.catalina.startup.VersionLoggerListener.log CATALINA_HOME:         D:\apache-tomcat-9.0.109
25-Nov-2025 21:22:27.386 INFO [main] org.apache.catalina.startup.VersionLoggerListener.log Command line argument: -Dcatalina.home=D:\apache-tomcat-9.0.109
25-Nov-2025 21:22:27.387 INFO [main] org.apache.catalina.startup.VersionLoggerListener.log Command line argument: -Dcatalina.base=F:\MyDownloas\Session18-task
25-Nov-2025 21:22:27.387 INFO [main] org.apache.catalina.startup.VersionLoggerListener.log Command line argument: -Djava.io.tmpdir=F:\MyDownloas\Session18-task\temp
25-Nov-2025 21:22:27.387 INFO [main] org.apache.catalina.startup.VersionLoggerListener.log Command line argument: -Djava.util.logging.config.file=F:\MyDownloas\Session18-task\conf\logging.properties
25-Nov-2025 21:22:27.387 INFO [main] org.apache.catalina.startup.VersionLoggerListener.log Command line argument: -Djava.util.logging.manager=org.apache.juli.ClassLoaderLogManager
25-Nov-2025 21:22:27.387 INFO [main] org.apache.catalina.startup.VersionLoggerListener.log Command line argument: -javaagent:C:\Users\NanoChip\AppData\Local\Programs\IntelliJ IDEA Ultimate\lib\idea_rt.jar=57838
25-Nov-2025 21:22:27.387 INFO [main] org.apache.catalina.startup.VersionLoggerListener.log Command line argument: -Dfile.encoding=UTF-8
25-Nov-2025 21:22:27.411 INFO [main] org.apache.catalina.core.AprLifecycleListener.lifecycleEvent The Apache Tomcat Native library which allows using OpenSSL was not found on the java.library.path: [C:\Users\NanoChip\.jdks\corretto-1.8.0_462\bin;C:\Windows\Sun\Java\bin;C:\Windows\system32;C:\Windows;C:\Program Files\Common Files\Oracle\Java\javapath;C:\Windows;C:\Windows\System32\Wbem;C:\Windows\System32\WindowsPowerShell\v1.0\;C:\Program Files\apache-maven-3.9.8\bin;C:\Windows\System32\OpenSSH\;C:\Program Files\Git\cmd;C:\Program Files\MySQL\MySQL Server 8.0\bin;c:\flutter\bin;C:\Users\NanoChip\AppData\Local\Android\Sdk\platform-tools;C:\Users\NanoChip\AppData\Local\Android\Sdk\emulator;C:\Program Files (x86)\Windows Kits\10\Windows Performance Toolkit\;C:\Windows\System32;C:\Windows;D:\Gradle\gradle-8.0\bin;C:\MinGW\bin;C:\Users\NanoChip\AppData\Local\Programs\Python\Python311\;C:\Users\NanoChip\AppData\Local\Programs\Python\Python311\Scripts\;C:\Program Files\apache-maven-3.9.8\bin;C:\Program Files\Java\jdk-17\bin;;C:\Program Files\Docker\Docker\resources\bin;C:\Program Files\MySQL\MySQL Shell 8.0\bin\;C:\src\flutter\bin;C:\dart\bin;C:\Users\NanoChip\AppData\Local\Android\Sdk\emulator;C:\Program Files\Git\cmd;C:\Users\NanoChip\AppData\Local\Programs\Microsoft VS Code\bin;C:\Program Files\Java\jdk-17\bin;C:\Users\NanoChip\AppData\Local\Programs\Ollama;C:\Users\NanoChip\AppData\Local\Programs\Python\Python311\;C:\Users\NanoChip\AppData\Local\Programs\Python\Python311\Scripts\;C:\Users\NanoChip\AppData\Local\JetBrains\Toolbox\scripts;;.]
25-Nov-2025 21:22:28.031 INFO [main] org.apache.coyote.AbstractProtocol.init Initializing ProtocolHandler ["http-nio-8080"]
25-Nov-2025 21:22:28.064 INFO [main] org.apache.catalina.startup.Catalina.load Server initialization in [1131] milliseconds
25-Nov-2025 21:22:28.125 INFO [main] org.apache.catalina.core.StandardService.startInternal Starting service [Catalina]
25-Nov-2025 21:22:28.125 INFO [main] org.apache.catalina.core.StandardEngine.startInternal Starting Servlet engine: [Apache Tomcat/9.0.109]
25-Nov-2025 21:22:28.141 INFO [main] org.apache.catalina.startup.HostConfig.deployDescriptor Deploying deployment descriptor [F:\MyDownloas\Session18-task\conf\Catalina\localhost\ROOT.xml]
25-Nov-2025 21:22:28.237 WARNING [main] org.apache.catalina.webresources.DirResourceSet.initInternal Disabled the global canonical file name cache to protect against CVE-2024-56337 when starting the WebResourceSet at [F:\MyDownloas\Session18-task\target\classes] which is part of the web application []
25-Nov-2025 21:22:33.794 INFO [main] org.apache.jasper.servlet.TldScanner.scanJars At least one JAR was scanned for TLDs yet contained no TLDs. Enable debug logging for this logger for a complete list of JARs that were scanned but no TLDs were found in them. Skipping unneeded JARs during scanning can improve startup time and JSP compilation time.
25-Nov-2025 21:22:34.259 WARNING [main] org.apache.catalina.util.SessionIdGeneratorBase.createSecureRandom Creation of SecureRandom instance for session ID generation using [SHA1PRNG] took [392] milliseconds.
25-Nov-2025 21:22:36.853 INFO [main] com.mchange.v2.log.MLog.<clinit> MLog clients using java 1.4+ standard logging.
25-Nov-2025 21:22:36.959 INFO [main] com.mchange.v2.c3p0.C3P0Registry.banner Initializing c3p0-0.9.2.1 [built 20-March-2013 10:47:27 +0000; debug? true; trace: 10]
25-Nov-2025 21:22:37.405 INFO [main] org.hibernate.Version.logVersion HHH000412: Hibernate Core {5.2.2.Final}
25-Nov-2025 21:22:37.408 INFO [main] org.hibernate.cfg.Environment.<clinit> HHH000206: hibernate.properties not found
25-Nov-2025 21:22:37.410 INFO [main] org.hibernate.cfg.Environment.buildBytecodeProvider HHH000021: Bytecode provider name : javassist
25-Nov-2025 21:22:37.511 INFO [main] org.hibernate.annotations.common.reflection.java.JavaReflectionManager.<clinit> HCANN000001: Hibernate Commons Annotations {5.0.1.Final}
25-Nov-2025 21:22:37.798 INFO [main] com.mchange.v2.c3p0.impl.AbstractPoolBackedDataSource.getPoolManager Initializing c3p0 pool... com.mchange.v2.c3p0.ComboPooledDataSource [ acquireIncrement -> 3, acquireRetryAttempts -> 30, acquireRetryDelay -> 1000, autoCommitOnClose -> false, automaticTestTable -> null, breakAfterAcquireFailure -> false, checkoutTimeout -> 0, connectionCustomizerClassName -> null, connectionTesterClassName -> com.mchange.v2.c3p0.impl.DefaultConnectionTester, dataSourceName -> 1bqwpohbe1gajw981y6b7zp|2670435, debugUnreturnedConnectionStackTraces -> false, description -> null, driverClass -> com.mysql.cj.jdbc.Driver, factoryClassLocation -> null, forceIgnoreUnresolvedTransactions -> false, identityToken -> 1bqwpohbe1gajw981y6b7zp|2670435, idleConnectionTestPeriod -> 0, initialPoolSize -> 3, jdbcUrl -> jdbc:mysql://localhost:3307/productDB?useSSL=false&serverTimezone=UTC, maxAdministrativeTaskTime -> 0, maxConnectionAge -> 0, maxIdleTime -> 30000, maxIdleTimeExcessConnections -> 0, maxPoolSize -> 20, maxStatements -> 0, maxStatementsPerConnection -> 0, minPoolSize -> 5, numHelperThreads -> 3, preferredTestQuery -> null, properties -> {user=******, password=******}, propertyCycle -> 0, statementCacheNumDeferredCloseThreads -> 0, testConnectionOnCheckin -> false, testConnectionOnCheckout -> false, unreturnedConnectionTimeout -> 0, userOverrides -> {}, usesTraditionalReflectiveProxies -> false ]
25-Nov-2025 21:22:38.423 INFO [main] org.hibernate.dialect.Dialect.<init> HHH000400: Using dialect: org.hibernate.dialect.MySQLDialect
25-Nov-2025 21:22:38.557 INFO [main] org.hibernate.engine.jdbc.env.internal.LobCreatorBuilderImpl.useContextualLobCreation HHH000424: Disabling contextual LOB creation as createClob() method threw error : java.lang.reflect.InvocationTargetException
25-Nov-2025 21:22:42.753 INFO [main] org.apache.catalina.startup.HostConfig.deployDescriptor Deployment of deployment descriptor [F:\MyDownloas\Session18-task\conf\Catalina\localhost\ROOT.xml] has finished in [14,612] ms
25-Nov-2025 21:22:42.760 INFO [main] org.apache.coyote.AbstractProtocol.start Starting ProtocolHandler ["http-nio-8080"]
25-Nov-2025 21:22:42.792 INFO [main] org.apache.catalina.startup.Catalina.start Server startup in [14727] milliseconds
25-Nov-2025 21:28:52.683 INFO [Thread-6] org.apache.coyote.AbstractProtocol.pause Pausing ProtocolHandler ["http-nio-8080"]
25-Nov-2025 21:28:53.156 INFO [Thread-6] org.apache.catalina.core.StandardService.stopInternal Stopping service [Catalina]
25-Nov-2025 21:28:53.241 WARNING [Thread-6] org.apache.catalina.loader.WebappClassLoaderBase.clearReferencesJdbc The web application [ROOT] registered the JDBC driver [com.mysql.cj.jdbc.Driver] but failed to unregister it when the web application was stopped. To prevent a memory leak, the JDBC Driver has been forcibly unregistered.
25-Nov-2025 21:28:53.242 WARNING [Thread-6] org.apache.catalina.loader.WebappClassLoaderBase.clearReferencesThreads The web application [ROOT] appears to have started a thread named [mysql-cj-abandoned-connection-cleanup] but has failed to stop it. This is very likely to create a memory leak. Stack trace of thread:
 java.lang.Object.wait(Native Method)
 java.lang.ref.ReferenceQueue.remove(ReferenceQueue.java:144)
 com.mysql.cj.jdbc.AbandonedConnectionCleanupThread.run(AbandonedConnectionCleanupThread.java:91)
 java.util.concurrent.ThreadPoolExecutor.runWorker(ThreadPoolExecutor.java:1149)
 java.util.concurrent.ThreadPoolExecutor$Worker.run(ThreadPoolExecutor.java:624)
 java.lang.Thread.run(Thread.java:750)
25-Nov-2025 21:28:53.254 INFO [Thread-6] org.apache.coyote.AbstractProtocol.stop Stopping ProtocolHandler ["http-nio-8080"]
25-Nov-2025 21:28:53.272 INFO [Thread-6] org.apache.coyote.AbstractProtocol.destroy Destroying ProtocolHandler ["http-nio-8080"]
25-Nov-2025 21:29:02.008 INFO [main] org.apache.catalina.startup.VersionLoggerListener.log Server version name:   Apache Tomcat/9.0.109
25-Nov-2025 21:29:02.013 INFO [main] org.apache.catalina.startup.VersionLoggerListener.log Server built:          Sep 1 2025 12:15:33 UTC
25-Nov-2025 21:29:02.014 INFO [main] org.apache.catalina.startup.VersionLoggerListener.log Server version number: 9.0.109.0
25-Nov-2025 21:29:02.014 INFO [main] org.apache.catalina.startup.VersionLoggerListener.log OS Name:               Windows 10
25-Nov-2025 21:29:02.014 INFO [main] org.apache.catalina.startup.VersionLoggerListener.log OS Version:            10.0
25-Nov-2025 21:29:02.014 INFO [main] org.apache.catalina.startup.VersionLoggerListener.log Architecture:          amd64
25-Nov-2025 21:29:02.014 INFO [main] org.apache.catalina.startup.VersionLoggerListener.log Java Home:             C:\Users\NanoChip\.jdks\corretto-1.8.0_462\jre
25-Nov-2025 21:29:02.014 INFO [main] org.apache.catalina.startup.VersionLoggerListener.log JVM Version:           1.8.0_462-b08
25-Nov-2025 21:29:02.014 INFO [main] org.apache.catalina.startup.VersionLoggerListener.log JVM Vendor:            Amazon.com Inc.
25-Nov-2025 21:29:02.015 INFO [main] org.apache.catalina.startup.VersionLoggerListener.log CATALINA_BASE:         F:\MyDownloas\Session18-task
25-Nov-2025 21:29:02.015 INFO [main] org.apache.catalina.startup.VersionLoggerListener.log CATALINA_HOME:         D:\apache-tomcat-9.0.109
25-Nov-2025 21:29:02.017 INFO [main] org.apache.catalina.startup.VersionLoggerListener.log Command line argument: -Dcatalina.home=D:\apache-tomcat-9.0.109
25-Nov-2025 21:29:02.017 INFO [main] org.apache.catalina.startup.VersionLoggerListener.log Command line argument: -Dcatalina.base=F:\MyDownloas\Session18-task
25-Nov-2025 21:29:02.017 INFO [main] org.apache.catalina.startup.VersionLoggerListener.log Command line argument: -Djava.io.tmpdir=F:\MyDownloas\Session18-task\temp
25-Nov-2025 21:29:02.017 INFO [main] org.apache.catalina.startup.VersionLoggerListener.log Command line argument: -Djava.util.logging.config.file=F:\MyDownloas\Session18-task\conf\logging.properties
25-Nov-2025 21:29:02.017 INFO [main] org.apache.catalina.startup.VersionLoggerListener.log Command line argument: -Djava.util.logging.manager=org.apache.juli.ClassLoaderLogManager
25-Nov-2025 21:29:02.018 INFO [main] org.apache.catalina.startup.VersionLoggerListener.log Command line argument: -javaagent:C:\Users\NanoChip\AppData\Local\Programs\IntelliJ IDEA Ultimate\lib\idea_rt.jar=58191
25-Nov-2025 21:29:02.018 INFO [main] org.apache.catalina.startup.VersionLoggerListener.log Command line argument: -Dfile.encoding=UTF-8
25-Nov-2025 21:29:02.038 INFO [main] org.apache.catalina.core.AprLifecycleListener.lifecycleEvent The Apache Tomcat Native library which allows using OpenSSL was not found on the java.library.path: [C:\Users\NanoChip\.jdks\corretto-1.8.0_462\bin;C:\Windows\Sun\Java\bin;C:\Windows\system32;C:\Windows;C:\Program Files\Common Files\Oracle\Java\javapath;C:\Windows;C:\Windows\System32\Wbem;C:\Windows\System32\WindowsPowerShell\v1.0\;C:\Program Files\apache-maven-3.9.8\bin;C:\Windows\System32\OpenSSH\;C:\Program Files\Git\cmd;C:\Program Files\MySQL\MySQL Server 8.0\bin;c:\flutter\bin;C:\Users\NanoChip\AppData\Local\Android\Sdk\platform-tools;C:\Users\NanoChip\AppData\Local\Android\Sdk\emulator;C:\Program Files (x86)\Windows Kits\10\Windows Performance Toolkit\;C:\Windows\System32;C:\Windows;D:\Gradle\gradle-8.0\bin;C:\MinGW\bin;C:\Users\NanoChip\AppData\Local\Programs\Python\Python311\;C:\Users\NanoChip\AppData\Local\Programs\Python\Python311\Scripts\;C:\Program Files\apache-maven-3.9.8\bin;C:\Program Files\Java\jdk-17\bin;;C:\Program Files\Docker\Docker\resources\bin;C:\Program Files\MySQL\MySQL Shell 8.0\bin\;C:\src\flutter\bin;C:\dart\bin;C:\Users\NanoChip\AppData\Local\Android\Sdk\emulator;C:\Program Files\Git\cmd;C:\Users\NanoChip\AppData\Local\Programs\Microsoft VS Code\bin;C:\Program Files\Java\jdk-17\bin;C:\Users\NanoChip\AppData\Local\Programs\Ollama;C:\Users\NanoChip\AppData\Local\Programs\Python\Python311\;C:\Users\NanoChip\AppData\Local\Programs\Python\Python311\Scripts\;C:\Users\NanoChip\AppData\Local\JetBrains\Toolbox\scripts;;.]
25-Nov-2025 21:29:02.603 INFO [main] org.apache.coyote.AbstractProtocol.init Initializing ProtocolHandler ["http-nio-8080"]
25-Nov-2025 21:29:02.635 INFO [main] org.apache.catalina.startup.Catalina.load Server initialization in [1069] milliseconds
25-Nov-2025 21:29:02.698 INFO [main] org.apache.catalina.core.StandardService.startInternal Starting service [Catalina]
25-Nov-2025 21:29:02.698 INFO [main] org.apache.catalina.core.StandardEngine.startInternal Starting Servlet engine: [Apache Tomcat/9.0.109]
25-Nov-2025 21:29:02.714 INFO [main] org.apache.catalina.startup.HostConfig.deployDescriptor Deploying deployment descriptor [F:\MyDownloas\Session18-task\conf\Catalina\localhost\ROOT.xml]
25-Nov-2025 21:29:02.807 WARNING [main] org.apache.catalina.webresources.DirResourceSet.initInternal Disabled the global canonical file name cache to protect against CVE-2024-56337 when starting the WebResourceSet at [F:\MyDownloas\Session18-task\target\classes] which is part of the web application []
25-Nov-2025 21:29:08.129 INFO [main] org.apache.jasper.servlet.TldScanner.scanJars At least one JAR was scanned for TLDs yet contained no TLDs. Enable debug logging for this logger for a complete list of JARs that were scanned but no TLDs were found in them. Skipping unneeded JARs during scanning can improve startup time and JSP compilation time.
25-Nov-2025 21:29:08.629 WARNING [main] org.apache.catalina.util.SessionIdGeneratorBase.createSecureRandom Creation of SecureRandom instance for session ID generation using [SHA1PRNG] took [429] milliseconds.
25-Nov-2025 21:29:11.174 INFO [main] com.mchange.v2.log.MLog.<clinit> MLog clients using java 1.4+ standard logging.
25-Nov-2025 21:29:11.279 INFO [main] com.mchange.v2.c3p0.C3P0Registry.banner Initializing c3p0-0.9.2.1 [built 20-March-2013 10:47:27 +0000; debug? true; trace: 10]
25-Nov-2025 21:29:11.722 INFO [main] org.hibernate.Version.logVersion HHH000412: Hibernate Core {5.2.2.Final}
25-Nov-2025 21:29:11.725 INFO [main] org.hibernate.cfg.Environment.<clinit> HHH000206: hibernate.properties not found
25-Nov-2025 21:29:11.728 INFO [main] org.hibernate.cfg.Environment.buildBytecodeProvider HHH000021: Bytecode provider name : javassist
25-Nov-2025 21:29:11.828 INFO [main] org.hibernate.annotations.common.reflection.java.JavaReflectionManager.<clinit> HCANN000001: Hibernate Commons Annotations {5.0.1.Final}
25-Nov-2025 21:29:12.123 INFO [main] com.mchange.v2.c3p0.impl.AbstractPoolBackedDataSource.getPoolManager Initializing c3p0 pool... com.mchange.v2.c3p0.ComboPooledDataSource [ acquireIncrement -> 3, acquireRetryAttempts -> 30, acquireRetryDelay -> 1000, autoCommitOnClose -> false, automaticTestTable -> null, breakAfterAcquireFailure -> false, checkoutTimeout -> 0, connectionCustomizerClassName -> null, connectionTesterClassName -> com.mchange.v2.c3p0.impl.DefaultConnectionTester, dataSourceName -> 1bqwpohbe1gascio1h2uu3v|6adee80f, debugUnreturnedConnectionStackTraces -> false, description -> null, driverClass -> com.mysql.cj.jdbc.Driver, factoryClassLocation -> null, forceIgnoreUnresolvedTransactions -> false, identityToken -> 1bqwpohbe1gascio1h2uu3v|6adee80f, idleConnectionTestPeriod -> 0, initialPoolSize -> 3, jdbcUrl -> jdbc:mysql://localhost:3307/productDB?useSSL=false&serverTimezone=UTC, maxAdministrativeTaskTime -> 0, maxConnectionAge -> 0, maxIdleTime -> 30000, maxIdleTimeExcessConnections -> 0, maxPoolSize -> 20, maxStatements -> 0, maxStatementsPerConnection -> 0, minPoolSize -> 5, numHelperThreads -> 3, preferredTestQuery -> null, properties -> {user=******, password=******}, propertyCycle -> 0, statementCacheNumDeferredCloseThreads -> 0, testConnectionOnCheckin -> false, testConnectionOnCheckout -> false, unreturnedConnectionTimeout -> 0, userOverrides -> {}, usesTraditionalReflectiveProxies -> false ]
25-Nov-2025 21:29:12.736 INFO [main] org.hibernate.dialect.Dialect.<init> HHH000400: Using dialect: org.hibernate.dialect.MySQLDialect
25-Nov-2025 21:29:12.913 INFO [main] org.hibernate.engine.jdbc.env.internal.LobCreatorBuilderImpl.useContextualLobCreation HHH000424: Disabling contextual LOB creation as createClob() method threw error : java.lang.reflect.InvocationTargetException
25-Nov-2025 21:29:17.416 INFO [main] org.apache.catalina.startup.HostConfig.deployDescriptor Deployment of deployment descriptor [F:\MyDownloas\Session18-task\conf\Catalina\localhost\ROOT.xml] has finished in [14,703] ms
25-Nov-2025 21:29:17.423 INFO [main] org.apache.coyote.AbstractProtocol.start Starting ProtocolHandler ["http-nio-8080"]
25-Nov-2025 21:29:17.453 INFO [main] org.apache.catalina.startup.Catalina.start Server startup in [14818] milliseconds
25-Nov-2025 21:38:27.200 INFO [Thread-6] org.apache.coyote.AbstractProtocol.pause Pausing ProtocolHandler ["http-nio-8080"]
25-Nov-2025 21:38:27.680 INFO [Thread-6] org.apache.catalina.core.StandardService.stopInternal Stopping service [Catalina]
25-Nov-2025 21:38:27.788 WARNING [Thread-6] org.apache.catalina.loader.WebappClassLoaderBase.clearReferencesJdbc The web application [ROOT] registered the JDBC driver [com.mysql.cj.jdbc.Driver] but failed to unregister it when the web application was stopped. To prevent a memory leak, the JDBC Driver has been forcibly unregistered.
25-Nov-2025 21:38:27.790 WARNING [Thread-6] org.apache.catalina.loader.WebappClassLoaderBase.clearReferencesThreads The web application [ROOT] appears to have started a thread named [mysql-cj-abandoned-connection-cleanup] but has failed to stop it. This is very likely to create a memory leak. Stack trace of thread:
 java.lang.Object.wait(Native Method)
 java.lang.ref.ReferenceQueue.remove(ReferenceQueue.java:144)
 com.mysql.cj.jdbc.AbandonedConnectionCleanupThread.run(AbandonedConnectionCleanupThread.java:91)
 java.util.concurrent.ThreadPoolExecutor.runWorker(ThreadPoolExecutor.java:1149)
 java.util.concurrent.ThreadPoolExecutor$Worker.run(ThreadPoolExecutor.java:624)
 java.lang.Thread.run(Thread.java:750)
25-Nov-2025 21:38:27.791 WARNING [Thread-6] org.apache.catalina.loader.WebappClassLoaderBase.clearReferencesThreads The web application [ROOT] appears to have started a thread named [Resource Destroyer in BasicResourcePool.close()] but has failed to stop it. This is very likely to create a memory leak. Stack trace of thread:
 java.util.zip.ZipFile.open(Native Method)
 java.util.zip.ZipFile.<init>(ZipFile.java:231)
 java.util.zip.ZipFile.<init>(ZipFile.java:157)
 java.util.jar.JarFile.<init>(JarFile.java:169)
 java.util.jar.JarFile.<init>(JarFile.java:133)
 org.apache.tomcat.util.compat.JreCompat.jarFileNewInstance(JreCompat.java:316)
 org.apache.tomcat.util.compat.JreCompat.jarFileNewInstance(JreCompat.java:302)
 org.apache.catalina.webresources.AbstractArchiveResourceSet.openJarFile(AbstractArchiveResourceSet.java:324)
 org.apache.catalina.webresources.AbstractSingleArchiveResourceSet.getArchiveEntry(AbstractSingleArchiveResourceSet.java:96)
 org.apache.catalina.webresources.AbstractArchiveResourceSet.getResource(AbstractArchiveResourceSet.java:255)
 org.apache.catalina.webresources.StandardRoot.getResourceInternal(StandardRoot.java:273)
 org.apache.catalina.webresources.Cache.getResource(Cache.java:64)
 org.apache.catalina.webresources.StandardRoot.getResource(StandardRoot.java:212)
 org.apache.catalina.webresources.StandardRoot.getClassLoaderResource(StandardRoot.java:221)
 org.apache.catalina.loader.WebappClassLoaderBase.findClassInternal(WebappClassLoaderBase.java:2224)
 org.apache.catalina.loader.WebappClassLoaderBase.findClassInternal(WebappClassLoaderBase.java:2215)
 org.apache.catalina.loader.WebappClassLoaderBase.findClass(WebappClassLoaderBase.java:824)
 org.apache.catalina.loader.WebappClassLoaderBase.loadClass(WebappClassLoaderBase.java:1315)
 org.apache.catalina.loader.WebappClassLoaderBase.loadClass(WebappClassLoaderBase.java:1163)
 com.mchange.v2.resourcepool.BasicResourcePool.destroyResource(BasicResourcePool.java:1040)
 com.mchange.v2.resourcepool.BasicResourcePool.destroyResource(BasicResourcePool.java:1010)
 com.mchange.v2.resourcepool.BasicResourcePool.access$100(BasicResourcePool.java:44)
 com.mchange.v2.resourcepool.BasicResourcePool$5.run(BasicResourcePool.java:1260)
25-Nov-2025 21:38:27.823 INFO [Resource Destroyer in BasicResourcePool.close()] org.apache.catalina.loader.WebappClassLoaderBase.checkStateForResourceLoading Illegal access: this web application instance has been stopped already. Could not load [com.mysql.cj.protocol.ExportControlled]. The following stack trace is thrown for debugging purposes as well as to attempt to terminate the thread which caused the illegal access.
	java.lang.IllegalStateException: Illegal access: this web application instance has been stopped already. Could not load [com.mysql.cj.protocol.ExportControlled]. The following stack trace is thrown for debugging purposes as well as to attempt to terminate the thread which caused the illegal access.
		at org.apache.catalina.loader.WebappClassLoaderBase.checkStateForResourceLoading(WebappClassLoaderBase.java:1373)
		at org.apache.catalina.loader.WebappClassLoaderBase.checkStateForClassLoading(WebappClassLoaderBase.java:1362)
		at org.apache.catalina.loader.WebappClassLoaderBase.loadClass(WebappClassLoaderBase.java:1196)
		at org.apache.catalina.loader.WebappClassLoaderBase.loadClass(WebappClassLoaderBase.java:1163)
		at com.mysql.cj.protocol.a.NativeProtocol.quit(NativeProtocol.java:1317)
		at com.mysql.cj.NativeSession.quit(NativeSession.java:150)
		at com.mysql.cj.jdbc.ConnectionImpl.realClose(ConnectionImpl.java:1695)
		at com.mysql.cj.jdbc.ConnectionImpl.close(ConnectionImpl.java:710)
		at com.mchange.v2.c3p0.impl.NewPooledConnection.close(NewPooledConnection.java:629)
		at com.mchange.v2.c3p0.impl.NewPooledConnection.closeMaybeCheckedOut(NewPooledConnection.java:259)
		at com.mchange.v2.c3p0.impl.C3P0PooledConnectionPool$1PooledConnectionResourcePoolManager.destroyResource(C3P0PooledConnectionPool.java:619)
		at com.mchange.v2.resourcepool.BasicResourcePool$1DestroyResourceTask.run(BasicResourcePool.java:1024)
		at com.mchange.v2.resourcepool.BasicResourcePool.destroyResource(BasicResourcePool.java:1049)
		at com.mchange.v2.resourcepool.BasicResourcePool.destroyResource(BasicResourcePool.java:1010)
		at com.mchange.v2.resourcepool.BasicResourcePool.access$100(BasicResourcePool.java:44)
		at com.mchange.v2.resourcepool.BasicResourcePool$5.run(BasicResourcePool.java:1260)
25-Nov-2025 21:38:27.826 INFO [Resource Destroyer in BasicResourcePool.close()] org.apache.catalina.loader.WebappClassLoaderBase.checkStateForResourceLoading Illegal access: this web application instance has been stopped already. Could not load [com.mysql.cj.protocol.ExportControlled]. The following stack trace is thrown for debugging purposes as well as to attempt to terminate the thread which caused the illegal access.
	java.lang.IllegalStateException: Illegal access: this web application instance has been stopped already. Could not load [com.mysql.cj.protocol.ExportControlled]. The following stack trace is thrown for debugging purposes as well as to attempt to terminate the thread which caused the illegal access.
		at org.apache.catalina.loader.WebappClassLoaderBase.checkStateForResourceLoading(WebappClassLoaderBase.java:1373)
		at org.apache.catalina.loader.WebappClassLoaderBase.checkStateForClassLoading(WebappClassLoaderBase.java:1362)
		at org.apache.catalina.loader.WebappClassLoaderBase.loadClass(WebappClassLoaderBase.java:1196)
		at org.apache.catalina.loader.WebappClassLoaderBase.loadClass(WebappClassLoaderBase.java:1163)
		at com.mysql.cj.protocol.NetworkResources.forceClose(NetworkResources.java:53)
		at com.mysql.cj.protocol.AbstractSocketConnection.forceClose(AbstractSocketConnection.java:104)
		at com.mysql.cj.protocol.a.NativeProtocol.quit(NativeProtocol.java:1335)
		at com.mysql.cj.NativeSession.quit(NativeSession.java:150)
		at com.mysql.cj.jdbc.ConnectionImpl.realClose(ConnectionImpl.java:1695)
		at com.mysql.cj.jdbc.ConnectionImpl.close(ConnectionImpl.java:710)
		at com.mchange.v2.c3p0.impl.NewPooledConnection.close(NewPooledConnection.java:629)
		at com.mchange.v2.c3p0.impl.NewPooledConnection.closeMaybeCheckedOut(NewPooledConnection.java:259)
		at com.mchange.v2.c3p0.impl.C3P0PooledConnectionPool$1PooledConnectionResourcePoolManager.destroyResource(C3P0PooledConnectionPool.java:619)
		at com.mchange.v2.resourcepool.BasicResourcePool$1DestroyResourceTask.run(BasicResourcePool.java:1024)
		at com.mchange.v2.resourcepool.BasicResourcePool.destroyResource(BasicResourcePool.java:1049)
		at com.mchange.v2.resourcepool.BasicResourcePool.destroyResource(BasicResourcePool.java:1010)
		at com.mchange.v2.resourcepool.BasicResourcePool.access$100(BasicResourcePool.java:44)
		at com.mchange.v2.resourcepool.BasicResourcePool$5.run(BasicResourcePool.java:1260)
25-Nov-2025 21:38:27.965 INFO [Thread-6] org.apache.coyote.AbstractProtocol.stop Stopping ProtocolHandler ["http-nio-8080"]
25-Nov-2025 21:38:27.976 INFO [Thread-6] org.apache.coyote.AbstractProtocol.destroy Destroying ProtocolHandler ["http-nio-8080"]
25-Nov-2025 21:38:37.875 INFO [main] org.apache.catalina.startup.VersionLoggerListener.log Server version name:   Apache Tomcat/9.0.109
25-Nov-2025 21:38:37.881 INFO [main] org.apache.catalina.startup.VersionLoggerListener.log Server built:          Sep 1 2025 12:15:33 UTC
25-Nov-2025 21:38:37.881 INFO [main] org.apache.catalina.startup.VersionLoggerListener.log Server version number: 9.0.109.0
25-Nov-2025 21:38:37.881 INFO [main] org.apache.catalina.startup.VersionLoggerListener.log OS Name:               Windows 10
25-Nov-2025 21:38:37.882 INFO [main] org.apache.catalina.startup.VersionLoggerListener.log OS Version:            10.0
25-Nov-2025 21:38:37.882 INFO [main] org.apache.catalina.startup.VersionLoggerListener.log Architecture:          amd64
25-Nov-2025 21:38:37.882 INFO [main] org.apache.catalina.startup.VersionLoggerListener.log Java Home:             C:\Users\NanoChip\.jdks\corretto-1.8.0_462\jre
25-Nov-2025 21:38:37.882 INFO [main] org.apache.catalina.startup.VersionLoggerListener.log JVM Version:           1.8.0_462-b08
25-Nov-2025 21:38:37.882 INFO [main] org.apache.catalina.startup.VersionLoggerListener.log JVM Vendor:            Amazon.com Inc.
25-Nov-2025 21:38:37.882 INFO [main] org.apache.catalina.startup.VersionLoggerListener.log CATALINA_BASE:         F:\MyDownloas\Session18-task
25-Nov-2025 21:38:37.882 INFO [main] org.apache.catalina.startup.VersionLoggerListener.log CATALINA_HOME:         D:\apache-tomcat-9.0.109
25-Nov-2025 21:38:37.884 INFO [main] org.apache.catalina.startup.VersionLoggerListener.log Command line argument: -Dcatalina.home=D:\apache-tomcat-9.0.109
25-Nov-2025 21:38:37.884 INFO [main] org.apache.catalina.startup.VersionLoggerListener.log Command line argument: -Dcatalina.base=F:\MyDownloas\Session18-task
25-Nov-2025 21:38:37.885 INFO [main] org.apache.catalina.startup.VersionLoggerListener.log Command line argument: -Djava.io.tmpdir=F:\MyDownloas\Session18-task\temp
25-Nov-2025 21:38:37.885 INFO [main] org.apache.catalina.startup.VersionLoggerListener.log Command line argument: -Djava.util.logging.config.file=F:\MyDownloas\Session18-task\conf\logging.properties
25-Nov-2025 21:38:37.885 INFO [main] org.apache.catalina.startup.VersionLoggerListener.log Command line argument: -Djava.util.logging.manager=org.apache.juli.ClassLoaderLogManager
25-Nov-2025 21:38:37.885 INFO [main] org.apache.catalina.startup.VersionLoggerListener.log Command line argument: -javaagent:C:\Users\NanoChip\AppData\Local\Programs\IntelliJ IDEA Ultimate\lib\idea_rt.jar=49323
25-Nov-2025 21:38:37.885 INFO [main] org.apache.catalina.startup.VersionLoggerListener.log Command line argument: -Dfile.encoding=UTF-8
25-Nov-2025 21:38:37.908 INFO [main] org.apache.catalina.core.AprLifecycleListener.lifecycleEvent The Apache Tomcat Native library which allows using OpenSSL was not found on the java.library.path: [C:\Users\NanoChip\.jdks\corretto-1.8.0_462\bin;C:\Windows\Sun\Java\bin;C:\Windows\system32;C:\Windows;C:\Program Files\Common Files\Oracle\Java\javapath;C:\Windows;C:\Windows\System32\Wbem;C:\Windows\System32\WindowsPowerShell\v1.0\;C:\Program Files\apache-maven-3.9.8\bin;C:\Windows\System32\OpenSSH\;C:\Program Files\Git\cmd;C:\Program Files\MySQL\MySQL Server 8.0\bin;c:\flutter\bin;C:\Users\NanoChip\AppData\Local\Android\Sdk\platform-tools;C:\Users\NanoChip\AppData\Local\Android\Sdk\emulator;C:\Program Files (x86)\Windows Kits\10\Windows Performance Toolkit\;C:\Windows\System32;C:\Windows;D:\Gradle\gradle-8.0\bin;C:\MinGW\bin;C:\Users\NanoChip\AppData\Local\Programs\Python\Python311\;C:\Users\NanoChip\AppData\Local\Programs\Python\Python311\Scripts\;C:\Program Files\apache-maven-3.9.8\bin;C:\Program Files\Java\jdk-17\bin;;C:\Program Files\Docker\Docker\resources\bin;C:\Program Files\MySQL\MySQL Shell 8.0\bin\;C:\src\flutter\bin;C:\dart\bin;C:\Users\NanoChip\AppData\Local\Android\Sdk\emulator;C:\Program Files\Git\cmd;C:\Users\NanoChip\AppData\Local\Programs\Microsoft VS Code\bin;C:\Program Files\Java\jdk-17\bin;C:\Users\NanoChip\AppData\Local\Programs\Ollama;C:\Users\NanoChip\AppData\Local\Programs\Python\Python311\;C:\Users\NanoChip\AppData\Local\Programs\Python\Python311\Scripts\;C:\Users\NanoChip\AppData\Local\JetBrains\Toolbox\scripts;;.]
25-Nov-2025 21:38:38.484 INFO [main] org.apache.coyote.AbstractProtocol.init Initializing ProtocolHandler ["http-nio-8080"]
25-Nov-2025 21:38:38.515 INFO [main] org.apache.catalina.startup.Catalina.load Server initialization in [1032] milliseconds
25-Nov-2025 21:38:38.579 INFO [main] org.apache.catalina.core.StandardService.startInternal Starting service [Catalina]
25-Nov-2025 21:38:38.580 INFO [main] org.apache.catalina.core.StandardEngine.startInternal Starting Servlet engine: [Apache Tomcat/9.0.109]
25-Nov-2025 21:38:38.594 INFO [main] org.apache.catalina.startup.HostConfig.deployDescriptor Deploying deployment descriptor [F:\MyDownloas\Session18-task\conf\Catalina\localhost\ROOT.xml]
25-Nov-2025 21:38:38.687 WARNING [main] org.apache.catalina.webresources.DirResourceSet.initInternal Disabled the global canonical file name cache to protect against CVE-2024-56337 when starting the WebResourceSet at [F:\MyDownloas\Session18-task\target\classes] which is part of the web application []
25-Nov-2025 21:38:44.116 INFO [main] org.apache.jasper.servlet.TldScanner.scanJars At least one JAR was scanned for TLDs yet contained no TLDs. Enable debug logging for this logger for a complete list of JARs that were scanned but no TLDs were found in them. Skipping unneeded JARs during scanning can improve startup time and JSP compilation time.
25-Nov-2025 21:38:44.605 WARNING [main] org.apache.catalina.util.SessionIdGeneratorBase.createSecureRandom Creation of SecureRandom instance for session ID generation using [SHA1PRNG] took [412] milliseconds.
25-Nov-2025 21:38:47.143 INFO [main] com.mchange.v2.log.MLog.<clinit> MLog clients using java 1.4+ standard logging.
25-Nov-2025 21:38:47.248 INFO [main] com.mchange.v2.c3p0.C3P0Registry.banner Initializing c3p0-0.9.2.1 [built 20-March-2013 10:47:27 +0000; debug? true; trace: 10]
25-Nov-2025 21:38:47.726 INFO [main] org.hibernate.Version.logVersion HHH000412: Hibernate Core {5.2.2.Final}
25-Nov-2025 21:38:47.730 INFO [main] org.hibernate.cfg.Environment.<clinit> HHH000206: hibernate.properties not found
25-Nov-2025 21:38:47.732 INFO [main] org.hibernate.cfg.Environment.buildBytecodeProvider HHH000021: Bytecode provider name : javassist
25-Nov-2025 21:38:47.840 INFO [main] org.hibernate.annotations.common.reflection.java.JavaReflectionManager.<clinit> HCANN000001: Hibernate Commons Annotations {5.0.1.Final}
25-Nov-2025 21:38:48.145 INFO [main] com.mchange.v2.c3p0.impl.AbstractPoolBackedDataSource.getPoolManager Initializing c3p0 pool... com.mchange.v2.c3p0.ComboPooledDataSource [ acquireIncrement -> 3, acquireRetryAttempts -> 30, acquireRetryDelay -> 1000, autoCommitOnClose -> false, automaticTestTable -> null, breakAfterAcquireFailure -> false, checkoutTimeout -> 0, connectionCustomizerClassName -> null, connectionTesterClassName -> com.mchange.v2.c3p0.impl.DefaultConnectionTester, dataSourceName -> 1bqwpohbe1gb4oxqrozg93|2670435, debugUnreturnedConnectionStackTraces -> false, description -> null, driverClass -> com.mysql.cj.jdbc.Driver, factoryClassLocation -> null, forceIgnoreUnresolvedTransactions -> false, identityToken -> 1bqwpohbe1gb4oxqrozg93|2670435, idleConnectionTestPeriod -> 0, initialPoolSize -> 3, jdbcUrl -> jdbc:mysql://localhost:3307/productDB?useSSL=false&serverTimezone=UTC, maxAdministrativeTaskTime -> 0, maxConnectionAge -> 0, maxIdleTime -> 30000, maxIdleTimeExcessConnections -> 0, maxPoolSize -> 20, maxStatements -> 0, maxStatementsPerConnection -> 0, minPoolSize -> 5, numHelperThreads -> 3, preferredTestQuery -> null, properties -> {user=******, password=******}, propertyCycle -> 0, statementCacheNumDeferredCloseThreads -> 0, testConnectionOnCheckin -> false, testConnectionOnCheckout -> false, unreturnedConnectionTimeout -> 0, userOverrides -> {}, usesTraditionalReflectiveProxies -> false ]
25-Nov-2025 21:38:48.768 INFO [main] org.hibernate.dialect.Dialect.<init> HHH000400: Using dialect: org.hibernate.dialect.MySQLDialect
25-Nov-2025 21:38:48.890 INFO [main] org.hibernate.engine.jdbc.env.internal.LobCreatorBuilderImpl.useContextualLobCreation HHH000424: Disabling contextual LOB creation as createClob() method threw error : java.lang.reflect.InvocationTargetException
25-Nov-2025 21:38:54.211 INFO [main] org.apache.catalina.startup.HostConfig.deployDescriptor Deployment of deployment descriptor [F:\MyDownloas\Session18-task\conf\Catalina\localhost\ROOT.xml] has finished in [15,617] ms
25-Nov-2025 21:38:54.219 INFO [main] org.apache.coyote.AbstractProtocol.start Starting ProtocolHandler ["http-nio-8080"]
25-Nov-2025 21:38:54.251 INFO [main] org.apache.catalina.startup.Catalina.start Server startup in [15736] milliseconds
25-Nov-2025 21:39:47.355 INFO [http-nio-8080-exec-4] org.hibernate.hql.internal.QueryTranslatorFactoryInitiator.initiateService HHH000397: Using ASTQueryTranslatorFactory
25-Nov-2025 21:40:32.446 INFO [Thread-6] org.apache.coyote.AbstractProtocol.pause Pausing ProtocolHandler ["http-nio-8080"]
25-Nov-2025 21:40:33.021 INFO [Thread-6] org.apache.catalina.core.StandardService.stopInternal Stopping service [Catalina]
25-Nov-2025 21:40:33.046 WARNING [Thread-6] org.apache.catalina.loader.WebappClassLoaderBase.clearReferencesJdbc The web application [ROOT] registered the JDBC driver [com.mysql.cj.jdbc.Driver] but failed to unregister it when the web application was stopped. To prevent a memory leak, the JDBC Driver has been forcibly unregistered.
25-Nov-2025 21:40:33.051 WARNING [Thread-6] org.apache.catalina.loader.WebappClassLoaderBase.clearReferencesThreads The web application [ROOT] appears to have started a thread named [mysql-cj-abandoned-connection-cleanup] but has failed to stop it. This is very likely to create a memory leak. Stack trace of thread:
 java.lang.Object.wait(Native Method)
 java.lang.ref.ReferenceQueue.remove(ReferenceQueue.java:144)
 com.mysql.cj.jdbc.AbandonedConnectionCleanupThread.run(AbandonedConnectionCleanupThread.java:91)
 java.util.concurrent.ThreadPoolExecutor.runWorker(ThreadPoolExecutor.java:1149)
 java.util.concurrent.ThreadPoolExecutor$Worker.run(ThreadPoolExecutor.java:624)
 java.lang.Thread.run(Thread.java:750)
25-Nov-2025 21:40:33.052 WARNING [Thread-6] org.apache.catalina.loader.WebappClassLoaderBase.clearReferencesThreads The web application [ROOT] appears to have started a thread named [Resource Destroyer in BasicResourcePool.close()] but has failed to stop it. This is very likely to create a memory leak. Stack trace of thread:
 java.io.WinNTFileSystem.getLastModifiedTime(Native Method)
 java.io.File.lastModified(File.java:954)
 java.util.zip.ZipFile.<init>(ZipFile.java:231)
 java.util.zip.ZipFile.<init>(ZipFile.java:157)
 java.util.jar.JarFile.<init>(JarFile.java:169)
 java.util.jar.JarFile.<init>(JarFile.java:133)
 org.apache.tomcat.util.compat.JreCompat.jarFileNewInstance(JreCompat.java:316)
 org.apache.tomcat.util.compat.JreCompat.jarFileNewInstance(JreCompat.java:302)
 org.apache.catalina.webresources.AbstractArchiveResourceSet.openJarFile(AbstractArchiveResourceSet.java:324)
 org.apache.catalina.webresources.AbstractSingleArchiveResourceSet.getArchiveEntry(AbstractSingleArchiveResourceSet.java:96)
 org.apache.catalina.webresources.AbstractArchiveResourceSet.getResource(AbstractArchiveResourceSet.java:255)
 org.apache.catalina.webresources.StandardRoot.getResourceInternal(StandardRoot.java:273)
 org.apache.catalina.webresources.Cache.getResource(Cache.java:64)
 org.apache.catalina.webresources.StandardRoot.getResource(StandardRoot.java:212)
 org.apache.catalina.webresources.StandardRoot.getClassLoaderResource(StandardRoot.java:221)
 org.apache.catalina.loader.WebappClassLoaderBase.findClassInternal(WebappClassLoaderBase.java:2224)
 org.apache.catalina.loader.WebappClassLoaderBase.findClassInternal(WebappClassLoaderBase.java:2215)
 org.apache.catalina.loader.WebappClassLoaderBase.findClass(WebappClassLoaderBase.java:824)
 org.apache.catalina.loader.WebappClassLoaderBase.loadClass(WebappClassLoaderBase.java:1315)
 org.apache.catalina.loader.WebappClassLoaderBase.loadClass(WebappClassLoaderBase.java:1163)
 com.mchange.v2.resourcepool.BasicResourcePool.destroyResource(BasicResourcePool.java:1040)
 com.mchange.v2.resourcepool.BasicResourcePool.destroyResource(BasicResourcePool.java:1010)
 com.mchange.v2.resourcepool.BasicResourcePool.access$100(BasicResourcePool.java:44)
 com.mchange.v2.resourcepool.BasicResourcePool$5.run(BasicResourcePool.java:1260)
25-Nov-2025 21:40:33.060 INFO [Resource Destroyer in BasicResourcePool.close()] org.apache.catalina.loader.WebappClassLoaderBase.checkStateForResourceLoading Illegal access: this web application instance has been stopped already. Could not load [com.mysql.cj.protocol.ExportControlled]. The following stack trace is thrown for debugging purposes as well as to attempt to terminate the thread which caused the illegal access.
	java.lang.IllegalStateException: Illegal access: this web application instance has been stopped already. Could not load [com.mysql.cj.protocol.ExportControlled]. The following stack trace is thrown for debugging purposes as well as to attempt to terminate the thread which caused the illegal access.
		at org.apache.catalina.loader.WebappClassLoaderBase.checkStateForResourceLoading(WebappClassLoaderBase.java:1373)
		at org.apache.catalina.loader.WebappClassLoaderBase.checkStateForClassLoading(WebappClassLoaderBase.java:1362)
		at org.apache.catalina.loader.WebappClassLoaderBase.loadClass(WebappClassLoaderBase.java:1196)
		at org.apache.catalina.loader.WebappClassLoaderBase.loadClass(WebappClassLoaderBase.java:1163)
		at com.mysql.cj.protocol.a.NativeProtocol.quit(NativeProtocol.java:1317)
		at com.mysql.cj.NativeSession.quit(NativeSession.java:150)
		at com.mysql.cj.jdbc.ConnectionImpl.realClose(ConnectionImpl.java:1695)
		at com.mysql.cj.jdbc.ConnectionImpl.close(ConnectionImpl.java:710)
		at com.mchange.v2.c3p0.impl.NewPooledConnection.close(NewPooledConnection.java:629)
		at com.mchange.v2.c3p0.impl.NewPooledConnection.closeMaybeCheckedOut(NewPooledConnection.java:259)
		at com.mchange.v2.c3p0.impl.C3P0PooledConnectionPool$1PooledConnectionResourcePoolManager.destroyResource(C3P0PooledConnectionPool.java:619)
		at com.mchange.v2.resourcepool.BasicResourcePool$1DestroyResourceTask.run(BasicResourcePool.java:1024)
		at com.mchange.v2.resourcepool.BasicResourcePool.destroyResource(BasicResourcePool.java:1049)
		at com.mchange.v2.resourcepool.BasicResourcePool.destroyResource(BasicResourcePool.java:1010)
		at com.mchange.v2.resourcepool.BasicResourcePool.access$100(BasicResourcePool.java:44)
		at com.mchange.v2.resourcepool.BasicResourcePool$5.run(BasicResourcePool.java:1260)
25-Nov-2025 21:40:33.062 INFO [Resource Destroyer in BasicResourcePool.close()] org.apache.catalina.loader.WebappClassLoaderBase.checkStateForResourceLoading Illegal access: this web application instance has been stopped already. Could not load [com.mysql.cj.protocol.ExportControlled]. The following stack trace is thrown for debugging purposes as well as to attempt to terminate the thread which caused the illegal access.
	java.lang.IllegalStateException: Illegal access: this web application instance has been stopped already. Could not load [com.mysql.cj.protocol.ExportControlled]. The following stack trace is thrown for debugging purposes as well as to attempt to terminate the thread which caused the illegal access.
		at org.apache.catalina.loader.WebappClassLoaderBase.checkStateForResourceLoading(WebappClassLoaderBase.java:1373)
		at org.apache.catalina.loader.WebappClassLoaderBase.checkStateForClassLoading(WebappClassLoaderBase.java:1362)
		at org.apache.catalina.loader.WebappClassLoaderBase.loadClass(WebappClassLoaderBase.java:1196)
		at org.apache.catalina.loader.WebappClassLoaderBase.loadClass(WebappClassLoaderBase.java:1163)
		at com.mysql.cj.protocol.NetworkResources.forceClose(NetworkResources.java:53)
		at com.mysql.cj.protocol.AbstractSocketConnection.forceClose(AbstractSocketConnection.java:104)
		at com.mysql.cj.protocol.a.NativeProtocol.quit(NativeProtocol.java:1335)
		at com.mysql.cj.NativeSession.quit(NativeSession.java:150)
		at com.mysql.cj.jdbc.ConnectionImpl.realClose(ConnectionImpl.java:1695)
		at com.mysql.cj.jdbc.ConnectionImpl.close(ConnectionImpl.java:710)
		at com.mchange.v2.c3p0.impl.NewPooledConnection.close(NewPooledConnection.java:629)
		at com.mchange.v2.c3p0.impl.NewPooledConnection.closeMaybeCheckedOut(NewPooledConnection.java:259)
		at com.mchange.v2.c3p0.impl.C3P0PooledConnectionPool$1PooledConnectionResourcePoolManager.destroyResource(C3P0PooledConnectionPool.java:619)
		at com.mchange.v2.resourcepool.BasicResourcePool$1DestroyResourceTask.run(BasicResourcePool.java:1024)
		at com.mchange.v2.resourcepool.BasicResourcePool.destroyResource(BasicResourcePool.java:1049)
		at com.mchange.v2.resourcepool.BasicResourcePool.destroyResource(BasicResourcePool.java:1010)
		at com.mchange.v2.resourcepool.BasicResourcePool.access$100(BasicResourcePool.java:44)
		at com.mchange.v2.resourcepool.BasicResourcePool$5.run(BasicResourcePool.java:1260)
25-Nov-2025 21:40:33.070 INFO [Thread-6] org.apache.coyote.AbstractProtocol.stop Stopping ProtocolHandler ["http-nio-8080"]
25-Nov-2025 21:40:33.082 INFO [Thread-6] org.apache.coyote.AbstractProtocol.destroy Destroying ProtocolHandler ["http-nio-8080"]
25-Nov-2025 21:40:42.023 INFO [main] org.apache.catalina.startup.VersionLoggerListener.log Server version name:   Apache Tomcat/9.0.109
25-Nov-2025 21:40:42.028 INFO [main] org.apache.catalina.startup.VersionLoggerListener.log Server built:          Sep 1 2025 12:15:33 UTC
25-Nov-2025 21:40:42.028 INFO [main] org.apache.catalina.startup.VersionLoggerListener.log Server version number: 9.0.109.0
25-Nov-2025 21:40:42.028 INFO [main] org.apache.catalina.startup.VersionLoggerListener.log OS Name:               Windows 10
25-Nov-2025 21:40:42.028 INFO [main] org.apache.catalina.startup.VersionLoggerListener.log OS Version:            10.0
25-Nov-2025 21:40:42.028 INFO [main] org.apache.catalina.startup.VersionLoggerListener.log Architecture:          amd64
25-Nov-2025 21:40:42.029 INFO [main] org.apache.catalina.startup.VersionLoggerListener.log Java Home:             C:\Users\NanoChip\.jdks\corretto-1.8.0_462\jre
25-Nov-2025 21:40:42.029 INFO [main] org.apache.catalina.startup.VersionLoggerListener.log JVM Version:           1.8.0_462-b08
25-Nov-2025 21:40:42.029 INFO [main] org.apache.catalina.startup.VersionLoggerListener.log JVM Vendor:            Amazon.com Inc.
25-Nov-2025 21:40:42.029 INFO [main] org.apache.catalina.startup.VersionLoggerListener.log CATALINA_BASE:         F:\MyDownloas\Session18-task
25-Nov-2025 21:40:42.030 INFO [main] org.apache.catalina.startup.VersionLoggerListener.log CATALINA_HOME:         D:\apache-tomcat-9.0.109
25-Nov-2025 21:40:42.031 INFO [main] org.apache.catalina.startup.VersionLoggerListener.log Command line argument: -Dcatalina.home=D:\apache-tomcat-9.0.109
25-Nov-2025 21:40:42.031 INFO [main] org.apache.catalina.startup.VersionLoggerListener.log Command line argument: -Dcatalina.base=F:\MyDownloas\Session18-task
25-Nov-2025 21:40:42.032 INFO [main] org.apache.catalina.startup.VersionLoggerListener.log Command line argument: -Djava.io.tmpdir=F:\MyDownloas\Session18-task\temp
25-Nov-2025 21:40:42.032 INFO [main] org.apache.catalina.startup.VersionLoggerListener.log Command line argument: -Djava.util.logging.config.file=F:\MyDownloas\Session18-task\conf\logging.properties
25-Nov-2025 21:40:42.032 INFO [main] org.apache.catalina.startup.VersionLoggerListener.log Command line argument: -Djava.util.logging.manager=org.apache.juli.ClassLoaderLogManager
25-Nov-2025 21:40:42.032 INFO [main] org.apache.catalina.startup.VersionLoggerListener.log Command line argument: -javaagent:C:\Users\NanoChip\AppData\Local\Programs\IntelliJ IDEA Ultimate\lib\idea_rt.jar=49387
25-Nov-2025 21:40:42.032 INFO [main] org.apache.catalina.startup.VersionLoggerListener.log Command line argument: -Dfile.encoding=UTF-8
25-Nov-2025 21:40:42.055 INFO [main] org.apache.catalina.core.AprLifecycleListener.lifecycleEvent The Apache Tomcat Native library which allows using OpenSSL was not found on the java.library.path: [C:\Users\NanoChip\.jdks\corretto-1.8.0_462\bin;C:\Windows\Sun\Java\bin;C:\Windows\system32;C:\Windows;C:\Program Files\Common Files\Oracle\Java\javapath;C:\Windows;C:\Windows\System32\Wbem;C:\Windows\System32\WindowsPowerShell\v1.0\;C:\Program Files\apache-maven-3.9.8\bin;C:\Windows\System32\OpenSSH\;C:\Program Files\Git\cmd;C:\Program Files\MySQL\MySQL Server 8.0\bin;c:\flutter\bin;C:\Users\NanoChip\AppData\Local\Android\Sdk\platform-tools;C:\Users\NanoChip\AppData\Local\Android\Sdk\emulator;C:\Program Files (x86)\Windows Kits\10\Windows Performance Toolkit\;C:\Windows\System32;C:\Windows;D:\Gradle\gradle-8.0\bin;C:\MinGW\bin;C:\Users\NanoChip\AppData\Local\Programs\Python\Python311\;C:\Users\NanoChip\AppData\Local\Programs\Python\Python311\Scripts\;C:\Program Files\apache-maven-3.9.8\bin;C:\Program Files\Java\jdk-17\bin;;C:\Program Files\Docker\Docker\resources\bin;C:\Program Files\MySQL\MySQL Shell 8.0\bin\;C:\src\flutter\bin;C:\dart\bin;C:\Users\NanoChip\AppData\Local\Android\Sdk\emulator;C:\Program Files\Git\cmd;C:\Users\NanoChip\AppData\Local\Programs\Microsoft VS Code\bin;C:\Program Files\Java\jdk-17\bin;C:\Users\NanoChip\AppData\Local\Programs\Ollama;C:\Users\NanoChip\AppData\Local\Programs\Python\Python311\;C:\Users\NanoChip\AppData\Local\Programs\Python\Python311\Scripts\;C:\Users\NanoChip\AppData\Local\JetBrains\Toolbox\scripts;;.]
25-Nov-2025 21:40:42.636 INFO [main] org.apache.coyote.AbstractProtocol.init Initializing ProtocolHandler ["http-nio-8080"]
25-Nov-2025 21:40:42.666 INFO [main] org.apache.catalina.startup.Catalina.load Server initialization in [1074] milliseconds
25-Nov-2025 21:40:42.738 INFO [main] org.apache.catalina.core.StandardService.startInternal Starting service [Catalina]
25-Nov-2025 21:40:42.739 INFO [main] org.apache.catalina.core.StandardEngine.startInternal Starting Servlet engine: [Apache Tomcat/9.0.109]
25-Nov-2025 21:40:42.754 INFO [main] org.apache.catalina.startup.HostConfig.deployDescriptor Deploying deployment descriptor [F:\MyDownloas\Session18-task\conf\Catalina\localhost\ROOT.xml]
25-Nov-2025 21:40:42.895 WARNING [main] org.apache.catalina.webresources.DirResourceSet.initInternal Disabled the global canonical file name cache to protect against CVE-2024-56337 when starting the WebResourceSet at [F:\MyDownloas\Session18-task\target\classes] which is part of the web application []
25-Nov-2025 21:40:48.110 INFO [main] org.apache.jasper.servlet.TldScanner.scanJars At least one JAR was scanned for TLDs yet contained no TLDs. Enable debug logging for this logger for a complete list of JARs that were scanned but no TLDs were found in them. Skipping unneeded JARs during scanning can improve startup time and JSP compilation time.
25-Nov-2025 21:40:48.595 WARNING [main] org.apache.catalina.util.SessionIdGeneratorBase.createSecureRandom Creation of SecureRandom instance for session ID generation using [SHA1PRNG] took [411] milliseconds.
25-Nov-2025 21:40:51.208 INFO [main] com.mchange.v2.log.MLog.<clinit> MLog clients using java 1.4+ standard logging.
25-Nov-2025 21:40:51.325 INFO [main] com.mchange.v2.c3p0.C3P0Registry.banner Initializing c3p0-0.9.2.1 [built 20-March-2013 10:47:27 +0000; debug? true; trace: 10]
25-Nov-2025 21:40:51.777 INFO [main] org.hibernate.Version.logVersion HHH000412: Hibernate Core {5.2.2.Final}
25-Nov-2025 21:40:51.781 INFO [main] org.hibernate.cfg.Environment.<clinit> HHH000206: hibernate.properties not found
25-Nov-2025 21:40:51.783 INFO [main] org.hibernate.cfg.Environment.buildBytecodeProvider HHH000021: Bytecode provider name : javassist
25-Nov-2025 21:40:51.886 INFO [main] org.hibernate.annotations.common.reflection.java.JavaReflectionManager.<clinit> HCANN000001: Hibernate Commons Annotations {5.0.1.Final}
25-Nov-2025 21:40:52.176 INFO [main] com.mchange.v2.c3p0.impl.AbstractPoolBackedDataSource.getPoolManager Initializing c3p0 pool... com.mchange.v2.c3p0.ComboPooledDataSource [ acquireIncrement -> 3, acquireRetryAttempts -> 30, acquireRetryDelay -> 1000, autoCommitOnClose -> false, automaticTestTable -> null, breakAfterAcquireFailure -> false, checkoutTimeout -> 0, connectionCustomizerClassName -> null, connectionTesterClassName -> com.mchange.v2.c3p0.impl.DefaultConnectionTester, dataSourceName -> 1bqwpohbe1gb7co59gt4g7|6adee80f, debugUnreturnedConnectionStackTraces -> false, description -> null, driverClass -> com.mysql.cj.jdbc.Driver, factoryClassLocation -> null, forceIgnoreUnresolvedTransactions -> false, identityToken -> 1bqwpohbe1gb7co59gt4g7|6adee80f, idleConnectionTestPeriod -> 0, initialPoolSize -> 3, jdbcUrl -> jdbc:mysql://localhost:3307/productDB?useSSL=false&serverTimezone=UTC, maxAdministrativeTaskTime -> 0, maxConnectionAge -> 0, maxIdleTime -> 30000, maxIdleTimeExcessConnections -> 0, maxPoolSize -> 20, maxStatements -> 0, maxStatementsPerConnection -> 0, minPoolSize -> 5, numHelperThreads -> 3, preferredTestQuery -> null, properties -> {user=******, password=******}, propertyCycle -> 0, statementCacheNumDeferredCloseThreads -> 0, testConnectionOnCheckin -> false, testConnectionOnCheckout -> false, unreturnedConnectionTimeout -> 0, userOverrides -> {}, usesTraditionalReflectiveProxies -> false ]
25-Nov-2025 21:40:52.938 INFO [main] org.hibernate.dialect.Dialect.<init> HHH000400: Using dialect: org.hibernate.dialect.MySQLDialect
25-Nov-2025 21:40:53.064 INFO [main] org.hibernate.engine.jdbc.env.internal.LobCreatorBuilderImpl.useContextualLobCreation HHH000424: Disabling contextual LOB creation as createClob() method threw error : java.lang.reflect.InvocationTargetException
25-Nov-2025 21:40:58.429 INFO [main] org.apache.catalina.startup.HostConfig.deployDescriptor Deployment of deployment descriptor [F:\MyDownloas\Session18-task\conf\Catalina\localhost\ROOT.xml] has finished in [15,675] ms
25-Nov-2025 21:40:58.437 INFO [main] org.apache.coyote.AbstractProtocol.start Starting ProtocolHandler ["http-nio-8080"]
25-Nov-2025 21:40:58.467 INFO [main] org.apache.catalina.startup.Catalina.start Server startup in [15800] milliseconds
25-Nov-2025 21:46:57.124 INFO [Thread-6] org.apache.coyote.AbstractProtocol.pause Pausing ProtocolHandler ["http-nio-8080"]
25-Nov-2025 21:46:57.602 INFO [Thread-6] org.apache.catalina.core.StandardService.stopInternal Stopping service [Catalina]
25-Nov-2025 21:46:57.627 WARNING [Thread-6] org.apache.catalina.loader.WebappClassLoaderBase.clearReferencesJdbc The web application [ROOT] registered the JDBC driver [com.mysql.cj.jdbc.Driver] but failed to unregister it when the web application was stopped. To prevent a memory leak, the JDBC Driver has been forcibly unregistered.
25-Nov-2025 21:46:57.632 WARNING [Thread-6] org.apache.catalina.loader.WebappClassLoaderBase.clearReferencesThreads The web application [ROOT] appears to have started a thread named [mysql-cj-abandoned-connection-cleanup] but has failed to stop it. This is very likely to create a memory leak. Stack trace of thread:
 java.lang.Object.wait(Native Method)
 java.lang.ref.ReferenceQueue.remove(ReferenceQueue.java:144)
 com.mysql.cj.jdbc.AbandonedConnectionCleanupThread.run(AbandonedConnectionCleanupThread.java:91)
 java.util.concurrent.ThreadPoolExecutor.runWorker(ThreadPoolExecutor.java:1149)
 java.util.concurrent.ThreadPoolExecutor$Worker.run(ThreadPoolExecutor.java:624)
 java.lang.Thread.run(Thread.java:750)
25-Nov-2025 21:46:57.633 WARNING [Thread-6] org.apache.catalina.loader.WebappClassLoaderBase.clearReferencesThreads The web application [ROOT] appears to have started a thread named [Resource Destroyer in BasicResourcePool.close()] but has failed to stop it. This is very likely to create a memory leak. Stack trace of thread:
 java.io.WinNTFileSystem.getLastModifiedTime(Native Method)
 java.io.File.lastModified(File.java:954)
 java.util.zip.ZipFile.<init>(ZipFile.java:231)
 java.util.zip.ZipFile.<init>(ZipFile.java:157)
 java.util.jar.JarFile.<init>(JarFile.java:169)
 java.util.jar.JarFile.<init>(JarFile.java:133)
 org.apache.tomcat.util.compat.JreCompat.jarFileNewInstance(JreCompat.java:316)
 org.apache.tomcat.util.compat.JreCompat.jarFileNewInstance(JreCompat.java:302)
 org.apache.catalina.webresources.AbstractArchiveResourceSet.openJarFile(AbstractArchiveResourceSet.java:324)
 org.apache.catalina.webresources.AbstractSingleArchiveResourceSet.getArchiveEntry(AbstractSingleArchiveResourceSet.java:96)
 org.apache.catalina.webresources.AbstractArchiveResourceSet.getResource(AbstractArchiveResourceSet.java:255)
 org.apache.catalina.webresources.StandardRoot.getResourceInternal(StandardRoot.java:273)
 org.apache.catalina.webresources.Cache.getResource(Cache.java:64)
 org.apache.catalina.webresources.StandardRoot.getResource(StandardRoot.java:212)
 org.apache.catalina.webresources.StandardRoot.getClassLoaderResource(StandardRoot.java:221)
 org.apache.catalina.loader.WebappClassLoaderBase.findClassInternal(WebappClassLoaderBase.java:2224)
 org.apache.catalina.loader.WebappClassLoaderBase.findClassInternal(WebappClassLoaderBase.java:2215)
 org.apache.catalina.loader.WebappClassLoaderBase.findClass(WebappClassLoaderBase.java:824)
 org.apache.catalina.loader.WebappClassLoaderBase.loadClass(WebappClassLoaderBase.java:1315)
 org.apache.catalina.loader.WebappClassLoaderBase.loadClass(WebappClassLoaderBase.java:1163)
 com.mchange.v2.resourcepool.BasicResourcePool.destroyResource(BasicResourcePool.java:1040)
 com.mchange.v2.resourcepool.BasicResourcePool.destroyResource(BasicResourcePool.java:1010)
 com.mchange.v2.resourcepool.BasicResourcePool.access$100(BasicResourcePool.java:44)
 com.mchange.v2.resourcepool.BasicResourcePool$5.run(BasicResourcePool.java:1260)
25-Nov-2025 21:46:57.643 INFO [Resource Destroyer in BasicResourcePool.close()] org.apache.catalina.loader.WebappClassLoaderBase.checkStateForResourceLoading Illegal access: this web application instance has been stopped already. Could not load [java.security.InvalidKeyException]. The following stack trace is thrown for debugging purposes as well as to attempt to terminate the thread which caused the illegal access.
	java.lang.IllegalStateException: Illegal access: this web application instance has been stopped already. Could not load [java.security.InvalidKeyException]. The following stack trace is thrown for debugging purposes as well as to attempt to terminate the thread which caused the illegal access.
		at org.apache.catalina.loader.WebappClassLoaderBase.checkStateForResourceLoading(WebappClassLoaderBase.java:1373)
		at org.apache.catalina.loader.WebappClassLoaderBase.checkStateForClassLoading(WebappClassLoaderBase.java:1362)
		at org.apache.catalina.loader.WebappClassLoaderBase.loadClass(WebappClassLoaderBase.java:1196)
		at org.apache.catalina.loader.WebappClassLoaderBase.loadClass(WebappClassLoaderBase.java:1163)
		at com.mysql.cj.protocol.a.NativeProtocol.quit(NativeProtocol.java:1317)
		at com.mysql.cj.NativeSession.quit(NativeSession.java:150)
		at com.mysql.cj.jdbc.ConnectionImpl.realClose(ConnectionImpl.java:1695)
		at com.mysql.cj.jdbc.ConnectionImpl.close(ConnectionImpl.java:710)
		at com.mchange.v2.c3p0.impl.NewPooledConnection.close(NewPooledConnection.java:629)
		at com.mchange.v2.c3p0.impl.NewPooledConnection.closeMaybeCheckedOut(NewPooledConnection.java:259)
		at com.mchange.v2.c3p0.impl.C3P0PooledConnectionPool$1PooledConnectionResourcePoolManager.destroyResource(C3P0PooledConnectionPool.java:619)
		at com.mchange.v2.resourcepool.BasicResourcePool$1DestroyResourceTask.run(BasicResourcePool.java:1024)
		at com.mchange.v2.resourcepool.BasicResourcePool.destroyResource(BasicResourcePool.java:1049)
		at com.mchange.v2.resourcepool.BasicResourcePool.destroyResource(BasicResourcePool.java:1010)
		at com.mchange.v2.resourcepool.BasicResourcePool.access$100(BasicResourcePool.java:44)
		at com.mchange.v2.resourcepool.BasicResourcePool$5.run(BasicResourcePool.java:1260)
25-Nov-2025 21:46:57.647 INFO [Resource Destroyer in BasicResourcePool.close()] org.apache.catalina.loader.WebappClassLoaderBase.checkStateForResourceLoading Illegal access: this web application instance has been stopped already. Could not load [java.security.InvalidKeyException]. The following stack trace is thrown for debugging purposes as well as to attempt to terminate the thread which caused the illegal access.
	java.lang.IllegalStateException: Illegal access: this web application instance has been stopped already. Could not load [java.security.InvalidKeyException]. The following stack trace is thrown for debugging purposes as well as to attempt to terminate the thread which caused the illegal access.
		at org.apache.catalina.loader.WebappClassLoaderBase.checkStateForResourceLoading(WebappClassLoaderBase.java:1373)
		at org.apache.catalina.loader.WebappClassLoaderBase.checkStateForClassLoading(WebappClassLoaderBase.java:1362)
		at org.apache.catalina.loader.WebappClassLoaderBase.loadClass(WebappClassLoaderBase.java:1196)
		at org.apache.catalina.loader.WebappClassLoaderBase.loadClass(WebappClassLoaderBase.java:1163)
		at com.mysql.cj.protocol.NetworkResources.forceClose(NetworkResources.java:53)
		at com.mysql.cj.protocol.AbstractSocketConnection.forceClose(AbstractSocketConnection.java:104)
		at com.mysql.cj.protocol.a.NativeProtocol.quit(NativeProtocol.java:1335)
		at com.mysql.cj.NativeSession.quit(NativeSession.java:150)
		at com.mysql.cj.jdbc.ConnectionImpl.realClose(ConnectionImpl.java:1695)
		at com.mysql.cj.jdbc.ConnectionImpl.close(ConnectionImpl.java:710)
		at com.mchange.v2.c3p0.impl.NewPooledConnection.close(NewPooledConnection.java:629)
		at com.mchange.v2.c3p0.impl.NewPooledConnection.closeMaybeCheckedOut(NewPooledConnection.java:259)
		at com.mchange.v2.c3p0.impl.C3P0PooledConnectionPool$1PooledConnectionResourcePoolManager.destroyResource(C3P0PooledConnectionPool.java:619)
		at com.mchange.v2.resourcepool.BasicResourcePool$1DestroyResourceTask.run(BasicResourcePool.java:1024)
		at com.mchange.v2.resourcepool.BasicResourcePool.destroyResource(BasicResourcePool.java:1049)
		at com.mchange.v2.resourcepool.BasicResourcePool.destroyResource(BasicResourcePool.java:1010)
		at com.mchange.v2.resourcepool.BasicResourcePool.access$100(BasicResourcePool.java:44)
		at com.mchange.v2.resourcepool.BasicResourcePool$5.run(BasicResourcePool.java:1260)
25-Nov-2025 21:46:57.649 INFO [Thread-6] org.apache.coyote.AbstractProtocol.stop Stopping ProtocolHandler ["http-nio-8080"]
25-Nov-2025 21:46:57.658 INFO [Thread-6] org.apache.coyote.AbstractProtocol.destroy Destroying ProtocolHandler ["http-nio-8080"]
25-Nov-2025 21:47:05.842 INFO [main] org.apache.catalina.startup.VersionLoggerListener.log Server version name:   Apache Tomcat/9.0.109
25-Nov-2025 21:47:05.848 INFO [main] org.apache.catalina.startup.VersionLoggerListener.log Server built:          Sep 1 2025 12:15:33 UTC
25-Nov-2025 21:47:05.848 INFO [main] org.apache.catalina.startup.VersionLoggerListener.log Server version number: 9.0.109.0
25-Nov-2025 21:47:05.848 INFO [main] org.apache.catalina.startup.VersionLoggerListener.log OS Name:               Windows 10
25-Nov-2025 21:47:05.849 INFO [main] org.apache.catalina.startup.VersionLoggerListener.log OS Version:            10.0
25-Nov-2025 21:47:05.849 INFO [main] org.apache.catalina.startup.VersionLoggerListener.log Architecture:          amd64
25-Nov-2025 21:47:05.849 INFO [main] org.apache.catalina.startup.VersionLoggerListener.log Java Home:             C:\Users\NanoChip\.jdks\corretto-1.8.0_462\jre
25-Nov-2025 21:47:05.849 INFO [main] org.apache.catalina.startup.VersionLoggerListener.log JVM Version:           1.8.0_462-b08
25-Nov-2025 21:47:05.850 INFO [main] org.apache.catalina.startup.VersionLoggerListener.log JVM Vendor:            Amazon.com Inc.
25-Nov-2025 21:47:05.850 INFO [main] org.apache.catalina.startup.VersionLoggerListener.log CATALINA_BASE:         F:\MyDownloas\Session18-task
25-Nov-2025 21:47:05.850 INFO [main] org.apache.catalina.startup.VersionLoggerListener.log CATALINA_HOME:         D:\apache-tomcat-9.0.109
25-Nov-2025 21:47:05.851 INFO [main] org.apache.catalina.startup.VersionLoggerListener.log Command line argument: -Dcatalina.home=D:\apache-tomcat-9.0.109
25-Nov-2025 21:47:05.852 INFO [main] org.apache.catalina.startup.VersionLoggerListener.log Command line argument: -Dcatalina.base=F:\MyDownloas\Session18-task
25-Nov-2025 21:47:05.852 INFO [main] org.apache.catalina.startup.VersionLoggerListener.log Command line argument: -Djava.io.tmpdir=F:\MyDownloas\Session18-task\temp
25-Nov-2025 21:47:05.852 INFO [main] org.apache.catalina.startup.VersionLoggerListener.log Command line argument: -Djava.util.logging.config.file=F:\MyDownloas\Session18-task\conf\logging.properties
25-Nov-2025 21:47:05.852 INFO [main] org.apache.catalina.startup.VersionLoggerListener.log Command line argument: -Djava.util.logging.manager=org.apache.juli.ClassLoaderLogManager
25-Nov-2025 21:47:05.852 INFO [main] org.apache.catalina.startup.VersionLoggerListener.log Command line argument: -javaagent:C:\Users\NanoChip\AppData\Local\Programs\IntelliJ IDEA Ultimate\lib\idea_rt.jar=49517
25-Nov-2025 21:47:05.853 INFO [main] org.apache.catalina.startup.VersionLoggerListener.log Command line argument: -Dfile.encoding=UTF-8
25-Nov-2025 21:47:05.877 INFO [main] org.apache.catalina.core.AprLifecycleListener.lifecycleEvent The Apache Tomcat Native library which allows using OpenSSL was not found on the java.library.path: [C:\Users\NanoChip\.jdks\corretto-1.8.0_462\bin;C:\Windows\Sun\Java\bin;C:\Windows\system32;C:\Windows;C:\Program Files\Common Files\Oracle\Java\javapath;C:\Windows;C:\Windows\System32\Wbem;C:\Windows\System32\WindowsPowerShell\v1.0\;C:\Program Files\apache-maven-3.9.8\bin;C:\Windows\System32\OpenSSH\;C:\Program Files\Git\cmd;C:\Program Files\MySQL\MySQL Server 8.0\bin;c:\flutter\bin;C:\Users\NanoChip\AppData\Local\Android\Sdk\platform-tools;C:\Users\NanoChip\AppData\Local\Android\Sdk\emulator;C:\Program Files (x86)\Windows Kits\10\Windows Performance Toolkit\;C:\Windows\System32;C:\Windows;D:\Gradle\gradle-8.0\bin;C:\MinGW\bin;C:\Users\NanoChip\AppData\Local\Programs\Python\Python311\;C:\Users\NanoChip\AppData\Local\Programs\Python\Python311\Scripts\;C:\Program Files\apache-maven-3.9.8\bin;C:\Program Files\Java\jdk-17\bin;;C:\Program Files\Docker\Docker\resources\bin;C:\Program Files\MySQL\MySQL Shell 8.0\bin\;C:\src\flutter\bin;C:\dart\bin;C:\Users\NanoChip\AppData\Local\Android\Sdk\emulator;C:\Program Files\Git\cmd;C:\Users\NanoChip\AppData\Local\Programs\Microsoft VS Code\bin;C:\Program Files\Java\jdk-17\bin;C:\Users\NanoChip\AppData\Local\Programs\Ollama;C:\Users\NanoChip\AppData\Local\Programs\Python\Python311\;C:\Users\NanoChip\AppData\Local\Programs\Python\Python311\Scripts\;C:\Users\NanoChip\AppData\Local\JetBrains\Toolbox\scripts;;.]
25-Nov-2025 21:47:06.546 INFO [main] org.apache.coyote.AbstractProtocol.init Initializing ProtocolHandler ["http-nio-8080"]
25-Nov-2025 21:47:06.592 INFO [main] org.apache.catalina.startup.Catalina.load Server initialization in [1205] milliseconds
25-Nov-2025 21:47:06.675 INFO [main] org.apache.catalina.core.StandardService.startInternal Starting service [Catalina]
25-Nov-2025 21:47:06.675 INFO [main] org.apache.catalina.core.StandardEngine.startInternal Starting Servlet engine: [Apache Tomcat/9.0.109]
25-Nov-2025 21:47:06.695 INFO [main] org.apache.catalina.startup.HostConfig.deployDescriptor Deploying deployment descriptor [F:\MyDownloas\Session18-task\conf\Catalina\localhost\ROOT.xml]
25-Nov-2025 21:47:06.824 WARNING [main] org.apache.catalina.webresources.DirResourceSet.initInternal Disabled the global canonical file name cache to protect against CVE-2024-56337 when starting the WebResourceSet at [F:\MyDownloas\Session18-task\target\classes] which is part of the web application []
25-Nov-2025 21:47:12.592 INFO [main] org.apache.jasper.servlet.TldScanner.scanJars At least one JAR was scanned for TLDs yet contained no TLDs. Enable debug logging for this logger for a complete list of JARs that were scanned but no TLDs were found in them. Skipping unneeded JARs during scanning can improve startup time and JSP compilation time.
25-Nov-2025 21:47:13.120 WARNING [main] org.apache.catalina.util.SessionIdGeneratorBase.createSecureRandom Creation of SecureRandom instance for session ID generation using [SHA1PRNG] took [455] milliseconds.
25-Nov-2025 21:47:15.667 INFO [main] com.mchange.v2.log.MLog.<clinit> MLog clients using java 1.4+ standard logging.
25-Nov-2025 21:47:15.762 INFO [main] com.mchange.v2.c3p0.C3P0Registry.banner Initializing c3p0-0.9.2.1 [built 20-March-2013 10:47:27 +0000; debug? true; trace: 10]
25-Nov-2025 21:47:16.205 INFO [main] org.hibernate.Version.logVersion HHH000412: Hibernate Core {5.2.2.Final}
25-Nov-2025 21:47:16.208 INFO [main] org.hibernate.cfg.Environment.<clinit> HHH000206: hibernate.properties not found
25-Nov-2025 21:47:16.211 INFO [main] org.hibernate.cfg.Environment.buildBytecodeProvider HHH000021: Bytecode provider name : javassist
25-Nov-2025 21:47:16.309 INFO [main] org.hibernate.annotations.common.reflection.java.JavaReflectionManager.<clinit> HCANN000001: Hibernate Commons Annotations {5.0.1.Final}
25-Nov-2025 21:47:16.585 INFO [main] com.mchange.v2.c3p0.impl.AbstractPoolBackedDataSource.getPoolManager Initializing c3p0 pool... com.mchange.v2.c3p0.ComboPooledDataSource [ acquireIncrement -> 3, acquireRetryAttempts -> 30, acquireRetryDelay -> 1000, autoCommitOnClose -> false, automaticTestTable -> null, breakAfterAcquireFailure -> false, checkoutTimeout -> 0, connectionCustomizerClassName -> null, connectionTesterClassName -> com.mchange.v2.c3p0.impl.DefaultConnectionTester, dataSourceName -> 1bqwpohbe1gbflb21ar4bc9|2670435, debugUnreturnedConnectionStackTraces -> false, description -> null, driverClass -> com.mysql.cj.jdbc.Driver, factoryClassLocation -> null, forceIgnoreUnresolvedTransactions -> false, identityToken -> 1bqwpohbe1gbflb21ar4bc9|2670435, idleConnectionTestPeriod -> 0, initialPoolSize -> 3, jdbcUrl -> jdbc:mysql://localhost:3307/productDB?useSSL=false&serverTimezone=UTC, maxAdministrativeTaskTime -> 0, maxConnectionAge -> 0, maxIdleTime -> 30000, maxIdleTimeExcessConnections -> 0, maxPoolSize -> 20, maxStatements -> 0, maxStatementsPerConnection -> 0, minPoolSize -> 5, numHelperThreads -> 3, preferredTestQuery -> null, properties -> {user=******, password=******}, propertyCycle -> 0, statementCacheNumDeferredCloseThreads -> 0, testConnectionOnCheckin -> false, testConnectionOnCheckout -> false, unreturnedConnectionTimeout -> 0, userOverrides -> {}, usesTraditionalReflectiveProxies -> false ]
25-Nov-2025 21:47:17.178 INFO [main] org.hibernate.dialect.Dialect.<init> HHH000400: Using dialect: org.hibernate.dialect.MySQLDialect
25-Nov-2025 21:47:17.294 INFO [main] org.hibernate.engine.jdbc.env.internal.LobCreatorBuilderImpl.useContextualLobCreation HHH000424: Disabling contextual LOB creation as createClob() method threw error : java.lang.reflect.InvocationTargetException
25-Nov-2025 21:47:21.742 INFO [main] org.apache.catalina.startup.HostConfig.deployDescriptor Deployment of deployment descriptor [F:\MyDownloas\Session18-task\conf\Catalina\localhost\ROOT.xml] has finished in [15,047] ms
25-Nov-2025 21:47:21.754 INFO [main] org.apache.coyote.AbstractProtocol.start Starting ProtocolHandler ["http-nio-8080"]
25-Nov-2025 21:47:21.781 INFO [main] org.apache.catalina.startup.Catalina.start Server startup in [15189] milliseconds
25-Nov-2025 21:49:48.088 INFO [http-nio-8080-exec-7] org.hibernate.hql.internal.QueryTranslatorFactoryInitiator.initiateService HHH000397: Using ASTQueryTranslatorFactory
25-Nov-2025 22:20:27.253 INFO [Thread-6] org.apache.coyote.AbstractProtocol.pause Pausing ProtocolHandler ["http-nio-8080"]
25-Nov-2025 22:20:28.115 INFO [Thread-6] org.apache.catalina.core.StandardService.stopInternal Stopping service [Catalina]
25-Nov-2025 22:20:33.716 WARNING [Thread-6] org.apache.catalina.loader.WebappClassLoaderBase.clearReferencesJdbc The web application [ROOT] registered the JDBC driver [com.mysql.cj.jdbc.Driver] but failed to unregister it when the web application was stopped. To prevent a memory leak, the JDBC Driver has been forcibly unregistered.
25-Nov-2025 22:20:33.796 WARNING [Thread-6] org.apache.catalina.loader.WebappClassLoaderBase.clearReferencesThreads The web application [ROOT] appears to have started a thread named [mysql-cj-abandoned-connection-cleanup] but has failed to stop it. This is very likely to create a memory leak. Stack trace of thread:
 java.lang.Object.wait(Native Method)
 java.lang.ref.ReferenceQueue.remove(ReferenceQueue.java:144)
 com.mysql.cj.jdbc.AbandonedConnectionCleanupThread.run(AbandonedConnectionCleanupThread.java:91)
 java.util.concurrent.ThreadPoolExecutor.runWorker(ThreadPoolExecutor.java:1149)
 java.util.concurrent.ThreadPoolExecutor$Worker.run(ThreadPoolExecutor.java:624)
 java.lang.Thread.run(Thread.java:750)
25-Nov-2025 22:20:33.856 WARNING [Thread-6] org.apache.catalina.loader.WebappClassLoaderBase.clearReferencesThreads The web application [ROOT] appears to have started a thread named [Resource Destroyer in BasicResourcePool.close()] but has failed to stop it. This is very likely to create a memory leak. Stack trace of thread:
 java.util.concurrent.ConcurrentHashMap.putIfAbsent(ConcurrentHashMap.java:1535)
 java.lang.ClassLoader.getClassLoadingLock(ClassLoader.java:457)
 java.lang.ClassLoader.loadClass(ClassLoader.java:398)
 java.lang.ClassLoader.loadClass(ClassLoader.java:351)
 org.apache.catalina.loader.WebappClassLoaderBase.loadClass(WebappClassLoaderBase.java:1261)
 org.apache.catalina.loader.WebappClassLoaderBase.loadClass(WebappClassLoaderBase.java:1163)
 com.mysql.cj.protocol.a.NativeProtocol.quit(NativeProtocol.java:1317)
 com.mysql.cj.NativeSession.quit(NativeSession.java:150)
 com.mysql.cj.jdbc.ConnectionImpl.realClose(ConnectionImpl.java:1695)
 com.mysql.cj.jdbc.ConnectionImpl.close(ConnectionImpl.java:710)
 com.mchange.v2.c3p0.impl.NewPooledConnection.close(NewPooledConnection.java:629)
 com.mchange.v2.c3p0.impl.NewPooledConnection.closeMaybeCheckedOut(NewPooledConnection.java:259)
 com.mchange.v2.c3p0.impl.C3P0PooledConnectionPool$1PooledConnectionResourcePoolManager.destroyResource(C3P0PooledConnectionPool.java:619)
 com.mchange.v2.resourcepool.BasicResourcePool$1DestroyResourceTask.run(BasicResourcePool.java:1024)
 com.mchange.v2.resourcepool.BasicResourcePool.destroyResource(BasicResourcePool.java:1049)
 com.mchange.v2.resourcepool.BasicResourcePool.destroyResource(BasicResourcePool.java:1010)
 com.mchange.v2.resourcepool.BasicResourcePool.access$100(BasicResourcePool.java:44)
 com.mchange.v2.resourcepool.BasicResourcePool$5.run(BasicResourcePool.java:1260)
25-Nov-2025 22:20:36.131 INFO [mysql-cj-abandoned-connection-cleanup] org.apache.catalina.loader.WebappClassLoaderBase.checkStateForResourceLoading Illegal access: this web application instance has been stopped already. Could not load []. The following stack trace is thrown for debugging purposes as well as to attempt to terminate the thread which caused the illegal access.
	java.lang.IllegalStateException: Illegal access: this web application instance has been stopped already. Could not load []. The following stack trace is thrown for debugging purposes as well as to attempt to terminate the thread which caused the illegal access.
		at org.apache.catalina.loader.WebappClassLoaderBase.checkStateForResourceLoading(WebappClassLoaderBase.java:1373)
		at org.apache.catalina.loader.WebappClassLoaderBase.getResource(WebappClassLoaderBase.java:997)
		at com.mysql.cj.jdbc.AbandonedConnectionCleanupThread.checkThreadContextClassLoader(AbandonedConnectionCleanupThread.java:123)
		at com.mysql.cj.jdbc.AbandonedConnectionCleanupThread.run(AbandonedConnectionCleanupThread.java:90)
		at java.util.concurrent.ThreadPoolExecutor.runWorker(ThreadPoolExecutor.java:1149)
		at java.util.concurrent.ThreadPoolExecutor$Worker.run(ThreadPoolExecutor.java:624)
		at java.lang.Thread.run(Thread.java:750)
25-Nov-2025 22:20:56.481 INFO [Thread-6] org.apache.coyote.AbstractProtocol.stop Stopping ProtocolHandler ["http-nio-8080"]
25-Nov-2025 22:20:56.577 INFO [Thread-6] org.apache.coyote.AbstractProtocol.destroy Destroying ProtocolHandler ["http-nio-8080"]
25-Nov-2025 22:25:03.642 INFO [main] org.apache.catalina.startup.VersionLoggerListener.log Server version name:   Apache Tomcat/9.0.109
25-Nov-2025 22:25:03.648 INFO [main] org.apache.catalina.startup.VersionLoggerListener.log Server built:          Sep 1 2025 12:15:33 UTC
25-Nov-2025 22:25:03.648 INFO [main] org.apache.catalina.startup.VersionLoggerListener.log Server version number: 9.0.109.0
25-Nov-2025 22:25:03.648 INFO [main] org.apache.catalina.startup.VersionLoggerListener.log OS Name:               Windows 10
25-Nov-2025 22:25:03.649 INFO [main] org.apache.catalina.startup.VersionLoggerListener.log OS Version:            10.0
25-Nov-2025 22:25:03.649 INFO [main] org.apache.catalina.startup.VersionLoggerListener.log Architecture:          amd64
25-Nov-2025 22:25:03.649 INFO [main] org.apache.catalina.startup.VersionLoggerListener.log Java Home:             C:\Users\NanoChip\.jdks\corretto-1.8.0_462\jre
25-Nov-2025 22:25:03.649 INFO [main] org.apache.catalina.startup.VersionLoggerListener.log JVM Version:           1.8.0_462-b08
25-Nov-2025 22:25:03.649 INFO [main] org.apache.catalina.startup.VersionLoggerListener.log JVM Vendor:            Amazon.com Inc.
25-Nov-2025 22:25:03.649 INFO [main] org.apache.catalina.startup.VersionLoggerListener.log CATALINA_BASE:         F:\MyDownloas\Session18-task
25-Nov-2025 22:25:03.650 INFO [main] org.apache.catalina.startup.VersionLoggerListener.log CATALINA_HOME:         D:\apache-tomcat-9.0.109
25-Nov-2025 22:25:03.650 INFO [main] org.apache.catalina.startup.VersionLoggerListener.log Command line argument: -Dcatalina.home=D:\apache-tomcat-9.0.109
25-Nov-2025 22:25:03.650 INFO [main] org.apache.catalina.startup.VersionLoggerListener.log Command line argument: -Dcatalina.base=F:\MyDownloas\Session18-task
25-Nov-2025 22:25:03.651 INFO [main] org.apache.catalina.startup.VersionLoggerListener.log Command line argument: -Djava.io.tmpdir=F:\MyDownloas\Session18-task\temp
25-Nov-2025 22:25:03.651 INFO [main] org.apache.catalina.startup.VersionLoggerListener.log Command line argument: -Djava.util.logging.config.file=F:\MyDownloas\Session18-task\conf\logging.properties
25-Nov-2025 22:25:03.651 INFO [main] org.apache.catalina.startup.VersionLoggerListener.log Command line argument: -Djava.util.logging.manager=org.apache.juli.ClassLoaderLogManager
25-Nov-2025 22:25:03.651 INFO [main] org.apache.catalina.startup.VersionLoggerListener.log Command line argument: -javaagent:C:\Users\NanoChip\AppData\Local\Programs\IntelliJ IDEA Ultimate\lib\idea_rt.jar=50504
25-Nov-2025 22:25:03.652 INFO [main] org.apache.catalina.startup.VersionLoggerListener.log Command line argument: -Dfile.encoding=UTF-8
25-Nov-2025 22:25:03.677 INFO [main] org.apache.catalina.core.AprLifecycleListener.lifecycleEvent The Apache Tomcat Native library which allows using OpenSSL was not found on the java.library.path: [C:\Users\NanoChip\.jdks\corretto-1.8.0_462\bin;C:\Windows\Sun\Java\bin;C:\Windows\system32;C:\Windows;C:\Program Files\Common Files\Oracle\Java\javapath;C:\Windows;C:\Windows\System32\Wbem;C:\Windows\System32\WindowsPowerShell\v1.0\;C:\Program Files\apache-maven-3.9.8\bin;C:\Windows\System32\OpenSSH\;C:\Program Files\Git\cmd;C:\Program Files\MySQL\MySQL Server 8.0\bin;c:\flutter\bin;C:\Users\NanoChip\AppData\Local\Android\Sdk\platform-tools;C:\Users\NanoChip\AppData\Local\Android\Sdk\emulator;C:\Program Files (x86)\Windows Kits\10\Windows Performance Toolkit\;C:\Windows\System32;C:\Windows;D:\Gradle\gradle-8.0\bin;C:\MinGW\bin;C:\Users\NanoChip\AppData\Local\Programs\Python\Python311\;C:\Users\NanoChip\AppData\Local\Programs\Python\Python311\Scripts\;C:\Program Files\apache-maven-3.9.8\bin;C:\Program Files\Java\jdk-17\bin;;C:\Program Files\Docker\Docker\resources\bin;C:\Program Files\MySQL\MySQL Shell 8.0\bin\;C:\src\flutter\bin;C:\dart\bin;C:\Users\NanoChip\AppData\Local\Android\Sdk\emulator;C:\Program Files\Git\cmd;C:\Users\NanoChip\AppData\Local\Programs\Microsoft VS Code\bin;C:\Program Files\Java\jdk-17\bin;C:\Users\NanoChip\AppData\Local\Programs\Ollama;C:\Users\NanoChip\AppData\Local\Programs\Python\Python311\;C:\Users\NanoChip\AppData\Local\Programs\Python\Python311\Scripts\;C:\Users\NanoChip\AppData\Local\JetBrains\Toolbox\scripts;;.]
25-Nov-2025 22:25:04.442 INFO [main] org.apache.coyote.AbstractProtocol.init Initializing ProtocolHandler ["http-nio-8080"]
25-Nov-2025 22:25:04.477 INFO [main] org.apache.catalina.startup.Catalina.load Server initialization in [1810] milliseconds
25-Nov-2025 22:25:04.552 INFO [main] org.apache.catalina.core.StandardService.startInternal Starting service [Catalina]
25-Nov-2025 22:25:04.552 INFO [main] org.apache.catalina.core.StandardEngine.startInternal Starting Servlet engine: [Apache Tomcat/9.0.109]
25-Nov-2025 22:25:04.569 INFO [main] org.apache.catalina.startup.HostConfig.deployDescriptor Deploying deployment descriptor [F:\MyDownloas\Session18-task\conf\Catalina\localhost\ROOT.xml]
25-Nov-2025 22:25:04.704 WARNING [main] org.apache.catalina.webresources.DirResourceSet.initInternal Disabled the global canonical file name cache to protect against CVE-2024-56337 when starting the WebResourceSet at [F:\MyDownloas\Session18-task\target\classes] which is part of the web application []
25-Nov-2025 22:25:09.959 INFO [main] org.apache.jasper.servlet.TldScanner.scanJars At least one JAR was scanned for TLDs yet contained no TLDs. Enable debug logging for this logger for a complete list of JARs that were scanned but no TLDs were found in them. Skipping unneeded JARs during scanning can improve startup time and JSP compilation time.
25-Nov-2025 22:25:10.450 WARNING [main] org.apache.catalina.util.SessionIdGeneratorBase.createSecureRandom Creation of SecureRandom instance for session ID generation using [SHA1PRNG] took [375] milliseconds.
25-Nov-2025 22:25:12.905 INFO [main] com.mchange.v2.log.MLog.<clinit> MLog clients using java 1.4+ standard logging.
25-Nov-2025 22:25:13.018 INFO [main] com.mchange.v2.c3p0.C3P0Registry.banner Initializing c3p0-0.9.2.1 [built 20-March-2013 10:47:27 +0000; debug? true; trace: 10]
25-Nov-2025 22:25:13.523 INFO [main] org.hibernate.Version.logVersion HHH000412: Hibernate Core {5.2.2.Final}
25-Nov-2025 22:25:13.526 INFO [main] org.hibernate.cfg.Environment.<clinit> HHH000206: hibernate.properties not found
25-Nov-2025 22:25:13.528 INFO [main] org.hibernate.cfg.Environment.buildBytecodeProvider HHH000021: Bytecode provider name : javassist
25-Nov-2025 22:25:13.645 INFO [main] org.hibernate.annotations.common.reflection.java.JavaReflectionManager.<clinit> HCANN000001: Hibernate Commons Annotations {5.0.1.Final}
25-Nov-2025 22:25:13.965 INFO [main] com.mchange.v2.c3p0.impl.AbstractPoolBackedDataSource.getPoolManager Initializing c3p0 pool... com.mchange.v2.c3p0.ComboPooledDataSource [ acquireIncrement -> 3, acquireRetryAttempts -> 30, acquireRetryDelay -> 1000, autoCommitOnClose -> false, automaticTestTable -> null, breakAfterAcquireFailure -> false, checkoutTimeout -> 0, connectionCustomizerClassName -> null, connectionTesterClassName -> com.mchange.v2.c3p0.impl.DefaultConnectionTester, dataSourceName -> 1bqwpohbe1gcseg41j675ct|6adee80f, debugUnreturnedConnectionStackTraces -> false, description -> null, driverClass -> com.mysql.cj.jdbc.Driver, factoryClassLocation -> null, forceIgnoreUnresolvedTransactions -> false, identityToken -> 1bqwpohbe1gcseg41j675ct|6adee80f, idleConnectionTestPeriod -> 0, initialPoolSize -> 3, jdbcUrl -> jdbc:mysql://localhost:3307/productDB?useSSL=false&serverTimezone=UTC, maxAdministrativeTaskTime -> 0, maxConnectionAge -> 0, maxIdleTime -> 30000, maxIdleTimeExcessConnections -> 0, maxPoolSize -> 20, maxStatements -> 0, maxStatementsPerConnection -> 0, minPoolSize -> 5, numHelperThreads -> 3, preferredTestQuery -> null, properties -> {user=******, password=******}, propertyCycle -> 0, statementCacheNumDeferredCloseThreads -> 0, testConnectionOnCheckin -> false, testConnectionOnCheckout -> false, unreturnedConnectionTimeout -> 0, userOverrides -> {}, usesTraditionalReflectiveProxies -> false ]
25-Nov-2025 22:25:15.320 INFO [main] org.hibernate.dialect.Dialect.<init> HHH000400: Using dialect: org.hibernate.dialect.MySQLDialect
25-Nov-2025 22:25:15.507 INFO [main] org.hibernate.engine.jdbc.env.internal.LobCreatorBuilderImpl.useContextualLobCreation HHH000424: Disabling contextual LOB creation as createClob() method threw error : java.lang.reflect.InvocationTargetException
25-Nov-2025 22:25:21.803 INFO [main] org.apache.catalina.startup.HostConfig.deployDescriptor Deployment of deployment descriptor [F:\MyDownloas\Session18-task\conf\Catalina\localhost\ROOT.xml] has finished in [17,234] ms
25-Nov-2025 22:25:21.811 INFO [main] org.apache.coyote.AbstractProtocol.start Starting ProtocolHandler ["http-nio-8080"]
25-Nov-2025 22:25:21.856 INFO [main] org.apache.catalina.startup.Catalina.start Server startup in [17374] milliseconds
25-Nov-2025 22:27:40.140 INFO [http-nio-8080-exec-8] org.hibernate.hql.internal.QueryTranslatorFactoryInitiator.initiateService HHH000397: Using ASTQueryTranslatorFactory
25-Nov-2025 22:28:49.245 INFO [Thread-6] org.apache.coyote.AbstractProtocol.pause Pausing ProtocolHandler ["http-nio-8080"]
25-Nov-2025 22:28:49.723 INFO [Thread-6] org.apache.catalina.core.StandardService.stopInternal Stopping service [Catalina]
25-Nov-2025 22:28:49.749 WARNING [Thread-6] org.apache.catalina.loader.WebappClassLoaderBase.clearReferencesJdbc The web application [ROOT] registered the JDBC driver [com.mysql.cj.jdbc.Driver] but failed to unregister it when the web application was stopped. To prevent a memory leak, the JDBC Driver has been forcibly unregistered.
25-Nov-2025 22:28:49.750 WARNING [Thread-6] org.apache.catalina.loader.WebappClassLoaderBase.clearReferencesThreads The web application [ROOT] appears to have started a thread named [mysql-cj-abandoned-connection-cleanup] but has failed to stop it. This is very likely to create a memory leak. Stack trace of thread:
 java.lang.Object.wait(Native Method)
 java.lang.ref.ReferenceQueue.remove(ReferenceQueue.java:144)
 com.mysql.cj.jdbc.AbandonedConnectionCleanupThread.run(AbandonedConnectionCleanupThread.java:91)
 java.util.concurrent.ThreadPoolExecutor.runWorker(ThreadPoolExecutor.java:1149)
 java.util.concurrent.ThreadPoolExecutor$Worker.run(ThreadPoolExecutor.java:624)
 java.lang.Thread.run(Thread.java:750)
25-Nov-2025 22:28:49.752 WARNING [Thread-6] org.apache.catalina.loader.WebappClassLoaderBase.clearReferencesThreads The web application [ROOT] appears to have started a thread named [Resource Destroyer in BasicResourcePool.close()] but has failed to stop it. This is very likely to create a memory leak. Stack trace of thread:
 java.util.zip.ZipFile.open(Native Method)
 java.util.zip.ZipFile.<init>(ZipFile.java:231)
 java.util.zip.ZipFile.<init>(ZipFile.java:157)
 java.util.jar.JarFile.<init>(JarFile.java:169)
 java.util.jar.JarFile.<init>(JarFile.java:133)
 org.apache.tomcat.util.compat.JreCompat.jarFileNewInstance(JreCompat.java:316)
 org.apache.tomcat.util.compat.JreCompat.jarFileNewInstance(JreCompat.java:302)
 org.apache.catalina.webresources.AbstractArchiveResourceSet.openJarFile(AbstractArchiveResourceSet.java:324)
 org.apache.catalina.webresources.AbstractSingleArchiveResourceSet.getArchiveEntry(AbstractSingleArchiveResourceSet.java:96)
 org.apache.catalina.webresources.AbstractArchiveResourceSet.getResource(AbstractArchiveResourceSet.java:255)
 org.apache.catalina.webresources.StandardRoot.getResourceInternal(StandardRoot.java:273)
 org.apache.catalina.webresources.Cache.getResource(Cache.java:64)
 org.apache.catalina.webresources.StandardRoot.getResource(StandardRoot.java:212)
 org.apache.catalina.webresources.StandardRoot.getClassLoaderResource(StandardRoot.java:221)
 org.apache.catalina.loader.WebappClassLoaderBase.findClassInternal(WebappClassLoaderBase.java:2224)
 org.apache.catalina.loader.WebappClassLoaderBase.findClassInternal(WebappClassLoaderBase.java:2215)
 org.apache.catalina.loader.WebappClassLoaderBase.findClass(WebappClassLoaderBase.java:824)
 org.apache.catalina.loader.WebappClassLoaderBase.loadClass(WebappClassLoaderBase.java:1315)
 org.apache.catalina.loader.WebappClassLoaderBase.loadClass(WebappClassLoaderBase.java:1163)
 com.mchange.v2.resourcepool.BasicResourcePool.destroyResource(BasicResourcePool.java:1040)
 com.mchange.v2.resourcepool.BasicResourcePool.destroyResource(BasicResourcePool.java:1010)
 com.mchange.v2.resourcepool.BasicResourcePool.access$100(BasicResourcePool.java:44)
 com.mchange.v2.resourcepool.BasicResourcePool$5.run(BasicResourcePool.java:1260)
25-Nov-2025 22:28:49.772 INFO [Thread-6] org.apache.coyote.AbstractProtocol.stop Stopping ProtocolHandler ["http-nio-8080"]
25-Nov-2025 22:28:49.772 INFO [Resource Destroyer in BasicResourcePool.close()] org.apache.catalina.loader.WebappClassLoaderBase.checkStateForResourceLoading Illegal access: this web application instance has been stopped already. Could not load [com.mchange.v2.resourcepool.BasicResourcePool$1DestroyResourceTask]. The following stack trace is thrown for debugging purposes as well as to attempt to terminate the thread which caused the illegal access.
	java.lang.IllegalStateException: Illegal access: this web application instance has been stopped already. Could not load [com.mchange.v2.resourcepool.BasicResourcePool$1DestroyResourceTask]. The following stack trace is thrown for debugging purposes as well as to attempt to terminate the thread which caused the illegal access.
		at org.apache.catalina.loader.WebappClassLoaderBase.checkStateForResourceLoading(WebappClassLoaderBase.java:1373)
		at org.apache.catalina.loader.WebappClassLoaderBase.checkStateForClassLoading(WebappClassLoaderBase.java:1362)
		at org.apache.catalina.loader.WebappClassLoaderBase.loadClass(WebappClassLoaderBase.java:1196)
		at org.apache.catalina.loader.WebappClassLoaderBase.loadClass(WebappClassLoaderBase.java:1163)
		at com.mchange.v2.resourcepool.BasicResourcePool.destroyResource(BasicResourcePool.java:1040)
		at com.mchange.v2.resourcepool.BasicResourcePool.destroyResource(BasicResourcePool.java:1010)
		at com.mchange.v2.resourcepool.BasicResourcePool.access$100(BasicResourcePool.java:44)
		at com.mchange.v2.resourcepool.BasicResourcePool$5.run(BasicResourcePool.java:1260)
25-Nov-2025 22:28:49.785 INFO [Thread-6] org.apache.coyote.AbstractProtocol.destroy Destroying ProtocolHandler ["http-nio-8080"]
25-Nov-2025 22:28:59.415 INFO [main] org.apache.catalina.startup.VersionLoggerListener.log Server version name:   Apache Tomcat/9.0.109
25-Nov-2025 22:28:59.420 INFO [main] org.apache.catalina.startup.VersionLoggerListener.log Server built:          Sep 1 2025 12:15:33 UTC
25-Nov-2025 22:28:59.421 INFO [main] org.apache.catalina.startup.VersionLoggerListener.log Server version number: 9.0.109.0
25-Nov-2025 22:28:59.421 INFO [main] org.apache.catalina.startup.VersionLoggerListener.log OS Name:               Windows 10
25-Nov-2025 22:28:59.421 INFO [main] org.apache.catalina.startup.VersionLoggerListener.log OS Version:            10.0
25-Nov-2025 22:28:59.421 INFO [main] org.apache.catalina.startup.VersionLoggerListener.log Architecture:          amd64
25-Nov-2025 22:28:59.421 INFO [main] org.apache.catalina.startup.VersionLoggerListener.log Java Home:             C:\Users\NanoChip\.jdks\corretto-1.8.0_462\jre
25-Nov-2025 22:28:59.421 INFO [main] org.apache.catalina.startup.VersionLoggerListener.log JVM Version:           1.8.0_462-b08
25-Nov-2025 22:28:59.422 INFO [main] org.apache.catalina.startup.VersionLoggerListener.log JVM Vendor:            Amazon.com Inc.
25-Nov-2025 22:28:59.422 INFO [main] org.apache.catalina.startup.VersionLoggerListener.log CATALINA_BASE:         F:\MyDownloas\Session18-task
25-Nov-2025 22:28:59.422 INFO [main] org.apache.catalina.startup.VersionLoggerListener.log CATALINA_HOME:         D:\apache-tomcat-9.0.109
25-Nov-2025 22:28:59.424 INFO [main] org.apache.catalina.startup.VersionLoggerListener.log Command line argument: -Dcatalina.home=D:\apache-tomcat-9.0.109
25-Nov-2025 22:28:59.424 INFO [main] org.apache.catalina.startup.VersionLoggerListener.log Command line argument: -Dcatalina.base=F:\MyDownloas\Session18-task
25-Nov-2025 22:28:59.424 INFO [main] org.apache.catalina.startup.VersionLoggerListener.log Command line argument: -Djava.io.tmpdir=F:\MyDownloas\Session18-task\temp
25-Nov-2025 22:28:59.425 INFO [main] org.apache.catalina.startup.VersionLoggerListener.log Command line argument: -Djava.util.logging.config.file=F:\MyDownloas\Session18-task\conf\logging.properties
25-Nov-2025 22:28:59.425 INFO [main] org.apache.catalina.startup.VersionLoggerListener.log Command line argument: -Djava.util.logging.manager=org.apache.juli.ClassLoaderLogManager
25-Nov-2025 22:28:59.425 INFO [main] org.apache.catalina.startup.VersionLoggerListener.log Command line argument: -javaagent:C:\Users\NanoChip\AppData\Local\Programs\IntelliJ IDEA Ultimate\lib\idea_rt.jar=50631
25-Nov-2025 22:28:59.425 INFO [main] org.apache.catalina.startup.VersionLoggerListener.log Command line argument: -Dfile.encoding=UTF-8
25-Nov-2025 22:28:59.452 INFO [main] org.apache.catalina.core.AprLifecycleListener.lifecycleEvent The Apache Tomcat Native library which allows using OpenSSL was not found on the java.library.path: [C:\Users\NanoChip\.jdks\corretto-1.8.0_462\bin;C:\Windows\Sun\Java\bin;C:\Windows\system32;C:\Windows;C:\Program Files\Common Files\Oracle\Java\javapath;C:\Windows;C:\Windows\System32\Wbem;C:\Windows\System32\WindowsPowerShell\v1.0\;C:\Program Files\apache-maven-3.9.8\bin;C:\Windows\System32\OpenSSH\;C:\Program Files\Git\cmd;C:\Program Files\MySQL\MySQL Server 8.0\bin;c:\flutter\bin;C:\Users\NanoChip\AppData\Local\Android\Sdk\platform-tools;C:\Users\NanoChip\AppData\Local\Android\Sdk\emulator;C:\Program Files (x86)\Windows Kits\10\Windows Performance Toolkit\;C:\Windows\System32;C:\Windows;D:\Gradle\gradle-8.0\bin;C:\MinGW\bin;C:\Users\NanoChip\AppData\Local\Programs\Python\Python311\;C:\Users\NanoChip\AppData\Local\Programs\Python\Python311\Scripts\;C:\Program Files\apache-maven-3.9.8\bin;C:\Program Files\Java\jdk-17\bin;;C:\Program Files\Docker\Docker\resources\bin;C:\Program Files\MySQL\MySQL Shell 8.0\bin\;C:\src\flutter\bin;C:\dart\bin;C:\Users\NanoChip\AppData\Local\Android\Sdk\emulator;C:\Program Files\Git\cmd;C:\Users\NanoChip\AppData\Local\Programs\Microsoft VS Code\bin;C:\Program Files\Java\jdk-17\bin;C:\Users\NanoChip\AppData\Local\Programs\Ollama;C:\Users\NanoChip\AppData\Local\Programs\Python\Python311\;C:\Users\NanoChip\AppData\Local\Programs\Python\Python311\Scripts\;C:\Users\NanoChip\AppData\Local\JetBrains\Toolbox\scripts;;.]
25-Nov-2025 22:29:00.031 INFO [main] org.apache.coyote.AbstractProtocol.init Initializing ProtocolHandler ["http-nio-8080"]
25-Nov-2025 22:29:00.090 INFO [main] org.apache.catalina.startup.Catalina.load Server initialization in [1101] milliseconds
25-Nov-2025 22:29:00.164 INFO [main] org.apache.catalina.core.StandardService.startInternal Starting service [Catalina]
25-Nov-2025 22:29:00.164 INFO [main] org.apache.catalina.core.StandardEngine.startInternal Starting Servlet engine: [Apache Tomcat/9.0.109]
25-Nov-2025 22:29:00.180 INFO [main] org.apache.catalina.startup.HostConfig.deployDescriptor Deploying deployment descriptor [F:\MyDownloas\Session18-task\conf\Catalina\localhost\ROOT.xml]
25-Nov-2025 22:29:00.311 WARNING [main] org.apache.catalina.webresources.DirResourceSet.initInternal Disabled the global canonical file name cache to protect against CVE-2024-56337 when starting the WebResourceSet at [F:\MyDownloas\Session18-task\target\classes] which is part of the web application []
25-Nov-2025 22:29:05.500 INFO [main] org.apache.jasper.servlet.TldScanner.scanJars At least one JAR was scanned for TLDs yet contained no TLDs. Enable debug logging for this logger for a complete list of JARs that were scanned but no TLDs were found in them. Skipping unneeded JARs during scanning can improve startup time and JSP compilation time.
25-Nov-2025 22:29:06.042 WARNING [main] org.apache.catalina.util.SessionIdGeneratorBase.createSecureRandom Creation of SecureRandom instance for session ID generation using [SHA1PRNG] took [431] milliseconds.
25-Nov-2025 22:29:08.711 INFO [main] com.mchange.v2.log.MLog.<clinit> MLog clients using java 1.4+ standard logging.
25-Nov-2025 22:29:08.868 INFO [main] com.mchange.v2.c3p0.C3P0Registry.banner Initializing c3p0-0.9.2.1 [built 20-March-2013 10:47:27 +0000; debug? true; trace: 10]
25-Nov-2025 22:29:09.347 INFO [main] org.hibernate.Version.logVersion HHH000412: Hibernate Core {5.2.2.Final}
25-Nov-2025 22:29:09.351 INFO [main] org.hibernate.cfg.Environment.<clinit> HHH000206: hibernate.properties not found
25-Nov-2025 22:29:09.352 INFO [main] org.hibernate.cfg.Environment.buildBytecodeProvider HHH000021: Bytecode provider name : javassist
25-Nov-2025 22:29:09.471 INFO [main] org.hibernate.annotations.common.reflection.java.JavaReflectionManager.<clinit> HCANN000001: Hibernate Commons Annotations {5.0.1.Final}
25-Nov-2025 22:29:09.785 INFO [main] com.mchange.v2.c3p0.impl.AbstractPoolBackedDataSource.getPoolManager Initializing c3p0 pool... com.mchange.v2.c3p0.ComboPooledDataSource [ acquireIncrement -> 3, acquireRetryAttempts -> 30, acquireRetryDelay -> 1000, autoCommitOnClose -> false, automaticTestTable -> null, breakAfterAcquireFailure -> false, checkoutTimeout -> 0, connectionCustomizerClassName -> null, connectionTesterClassName -> com.mchange.v2.c3p0.impl.DefaultConnectionTester, dataSourceName -> 1bqwpohbe1gcxgfjkrxpsu|6adee80f, debugUnreturnedConnectionStackTraces -> false, description -> null, driverClass -> com.mysql.cj.jdbc.Driver, factoryClassLocation -> null, forceIgnoreUnresolvedTransactions -> false, identityToken -> 1bqwpohbe1gcxgfjkrxpsu|6adee80f, idleConnectionTestPeriod -> 0, initialPoolSize -> 3, jdbcUrl -> jdbc:mysql://localhost:3307/productDB?useSSL=false&serverTimezone=UTC, maxAdministrativeTaskTime -> 0, maxConnectionAge -> 0, maxIdleTime -> 30000, maxIdleTimeExcessConnections -> 0, maxPoolSize -> 20, maxStatements -> 0, maxStatementsPerConnection -> 0, minPoolSize -> 5, numHelperThreads -> 3, preferredTestQuery -> null, properties -> {user=******, password=******}, propertyCycle -> 0, statementCacheNumDeferredCloseThreads -> 0, testConnectionOnCheckin -> false, testConnectionOnCheckout -> false, unreturnedConnectionTimeout -> 0, userOverrides -> {}, usesTraditionalReflectiveProxies -> false ]
25-Nov-2025 22:29:10.388 INFO [main] org.hibernate.dialect.Dialect.<init> HHH000400: Using dialect: org.hibernate.dialect.MySQLDialect
25-Nov-2025 22:29:10.514 INFO [main] org.hibernate.engine.jdbc.env.internal.LobCreatorBuilderImpl.useContextualLobCreation HHH000424: Disabling contextual LOB creation as createClob() method threw error : java.lang.reflect.InvocationTargetException
25-Nov-2025 22:29:15.027 INFO [main] org.apache.catalina.startup.HostConfig.deployDescriptor Deployment of deployment descriptor [F:\MyDownloas\Session18-task\conf\Catalina\localhost\ROOT.xml] has finished in [14,846] ms
25-Nov-2025 22:29:15.034 INFO [main] org.apache.coyote.AbstractProtocol.start Starting ProtocolHandler ["http-nio-8080"]
25-Nov-2025 22:29:15.060 INFO [main] org.apache.catalina.startup.Catalina.start Server startup in [14966] milliseconds
25-Nov-2025 22:29:25.164 INFO [http-nio-8080-exec-2] org.hibernate.hql.internal.QueryTranslatorFactoryInitiator.initiateService HHH000397: Using ASTQueryTranslatorFactory
25-Nov-2025 22:36:16.761 INFO [Thread-6] org.apache.coyote.AbstractProtocol.pause Pausing ProtocolHandler ["http-nio-8080"]
25-Nov-2025 22:36:17.249 INFO [Thread-6] org.apache.catalina.core.StandardService.stopInternal Stopping service [Catalina]
25-Nov-2025 22:36:17.345 WARNING [Thread-6] org.apache.catalina.loader.WebappClassLoaderBase.clearReferencesJdbc The web application [ROOT] registered the JDBC driver [com.mysql.cj.jdbc.Driver] but failed to unregister it when the web application was stopped. To prevent a memory leak, the JDBC Driver has been forcibly unregistered.
25-Nov-2025 22:36:17.351 WARNING [Thread-6] org.apache.catalina.loader.WebappClassLoaderBase.clearReferencesThreads The web application [ROOT] appears to have started a thread named [mysql-cj-abandoned-connection-cleanup] but has failed to stop it. This is very likely to create a memory leak. Stack trace of thread:
 java.lang.Object.wait(Native Method)
 java.lang.ref.ReferenceQueue.remove(ReferenceQueue.java:144)
 com.mysql.cj.jdbc.AbandonedConnectionCleanupThread.run(AbandonedConnectionCleanupThread.java:91)
 java.util.concurrent.ThreadPoolExecutor.runWorker(ThreadPoolExecutor.java:1149)
 java.util.concurrent.ThreadPoolExecutor$Worker.run(ThreadPoolExecutor.java:624)
 java.lang.Thread.run(Thread.java:750)
25-Nov-2025 22:36:17.355 WARNING [Thread-6] org.apache.catalina.loader.WebappClassLoaderBase.clearReferencesThreads The web application [ROOT] appears to have started a thread named [Resource Destroyer in BasicResourcePool.close()] but has failed to stop it. This is very likely to create a memory leak. Stack trace of thread:
25-Nov-2025 22:36:17.458 INFO [Thread-6] org.apache.coyote.AbstractProtocol.stop Stopping ProtocolHandler ["http-nio-8080"]
25-Nov-2025 22:36:17.484 INFO [Thread-6] org.apache.coyote.AbstractProtocol.destroy Destroying ProtocolHandler ["http-nio-8080"]
25-Nov-2025 22:36:27.632 INFO [main] org.apache.catalina.startup.VersionLoggerListener.log Server version name:   Apache Tomcat/9.0.109
25-Nov-2025 22:36:27.638 INFO [main] org.apache.catalina.startup.VersionLoggerListener.log Server built:          Sep 1 2025 12:15:33 UTC
25-Nov-2025 22:36:27.638 INFO [main] org.apache.catalina.startup.VersionLoggerListener.log Server version number: 9.0.109.0
25-Nov-2025 22:36:27.639 INFO [main] org.apache.catalina.startup.VersionLoggerListener.log OS Name:               Windows 10
25-Nov-2025 22:36:27.639 INFO [main] org.apache.catalina.startup.VersionLoggerListener.log OS Version:            10.0
25-Nov-2025 22:36:27.639 INFO [main] org.apache.catalina.startup.VersionLoggerListener.log Architecture:          amd64
25-Nov-2025 22:36:27.639 INFO [main] org.apache.catalina.startup.VersionLoggerListener.log Java Home:             C:\Users\NanoChip\.jdks\corretto-1.8.0_462\jre
25-Nov-2025 22:36:27.639 INFO [main] org.apache.catalina.startup.VersionLoggerListener.log JVM Version:           1.8.0_462-b08
25-Nov-2025 22:36:27.640 INFO [main] org.apache.catalina.startup.VersionLoggerListener.log JVM Vendor:            Amazon.com Inc.
25-Nov-2025 22:36:27.640 INFO [main] org.apache.catalina.startup.VersionLoggerListener.log CATALINA_BASE:         F:\MyDownloas\Session18-task
25-Nov-2025 22:36:27.640 INFO [main] org.apache.catalina.startup.VersionLoggerListener.log CATALINA_HOME:         D:\apache-tomcat-9.0.109
25-Nov-2025 22:36:27.641 INFO [main] org.apache.catalina.startup.VersionLoggerListener.log Command line argument: -Dcatalina.home=D:\apache-tomcat-9.0.109
25-Nov-2025 22:36:27.642 INFO [main] org.apache.catalina.startup.VersionLoggerListener.log Command line argument: -Dcatalina.base=F:\MyDownloas\Session18-task
25-Nov-2025 22:36:27.642 INFO [main] org.apache.catalina.startup.VersionLoggerListener.log Command line argument: -Djava.io.tmpdir=F:\MyDownloas\Session18-task\temp
25-Nov-2025 22:36:27.642 INFO [main] org.apache.catalina.startup.VersionLoggerListener.log Command line argument: -Djava.util.logging.config.file=F:\MyDownloas\Session18-task\conf\logging.properties
25-Nov-2025 22:36:27.642 INFO [main] org.apache.catalina.startup.VersionLoggerListener.log Command line argument: -Djava.util.logging.manager=org.apache.juli.ClassLoaderLogManager
25-Nov-2025 22:36:27.642 INFO [main] org.apache.catalina.startup.VersionLoggerListener.log Command line argument: -javaagent:C:\Users\NanoChip\AppData\Local\Programs\IntelliJ IDEA Ultimate\lib\idea_rt.jar=65307
25-Nov-2025 22:36:27.643 INFO [main] org.apache.catalina.startup.VersionLoggerListener.log Command line argument: -Dfile.encoding=UTF-8
25-Nov-2025 22:36:27.666 INFO [main] org.apache.catalina.core.AprLifecycleListener.lifecycleEvent The Apache Tomcat Native library which allows using OpenSSL was not found on the java.library.path: [C:\Users\NanoChip\.jdks\corretto-1.8.0_462\bin;C:\Windows\Sun\Java\bin;C:\Windows\system32;C:\Windows;C:\Program Files\Common Files\Oracle\Java\javapath;C:\Windows;C:\Windows\System32\Wbem;C:\Windows\System32\WindowsPowerShell\v1.0\;C:\Program Files\apache-maven-3.9.8\bin;C:\Windows\System32\OpenSSH\;C:\Program Files\Git\cmd;C:\Program Files\MySQL\MySQL Server 8.0\bin;c:\flutter\bin;C:\Users\NanoChip\AppData\Local\Android\Sdk\platform-tools;C:\Users\NanoChip\AppData\Local\Android\Sdk\emulator;C:\Program Files (x86)\Windows Kits\10\Windows Performance Toolkit\;C:\Windows\System32;C:\Windows;D:\Gradle\gradle-8.0\bin;C:\MinGW\bin;C:\Users\NanoChip\AppData\Local\Programs\Python\Python311\;C:\Users\NanoChip\AppData\Local\Programs\Python\Python311\Scripts\;C:\Program Files\apache-maven-3.9.8\bin;C:\Program Files\Java\jdk-17\bin;;C:\Program Files\Docker\Docker\resources\bin;C:\Program Files\MySQL\MySQL Shell 8.0\bin\;C:\src\flutter\bin;C:\dart\bin;C:\Users\NanoChip\AppData\Local\Android\Sdk\emulator;C:\Program Files\Git\cmd;C:\Users\NanoChip\AppData\Local\Programs\Microsoft VS Code\bin;C:\Program Files\Java\jdk-17\bin;C:\Users\NanoChip\AppData\Local\Programs\Ollama;C:\Users\NanoChip\AppData\Local\Programs\Python\Python311\;C:\Users\NanoChip\AppData\Local\Programs\Python\Python311\Scripts\;C:\Users\NanoChip\AppData\Local\JetBrains\Toolbox\scripts;;.]
25-Nov-2025 22:36:28.281 INFO [main] org.apache.coyote.AbstractProtocol.init Initializing ProtocolHandler ["http-nio-8080"]
25-Nov-2025 22:36:28.312 INFO [main] org.apache.catalina.startup.Catalina.load Server initialization in [1062] milliseconds
25-Nov-2025 22:36:28.371 INFO [main] org.apache.catalina.core.StandardService.startInternal Starting service [Catalina]
25-Nov-2025 22:36:28.371 INFO [main] org.apache.catalina.core.StandardEngine.startInternal Starting Servlet engine: [Apache Tomcat/9.0.109]
25-Nov-2025 22:36:28.385 INFO [main] org.apache.catalina.startup.HostConfig.deployDescriptor Deploying deployment descriptor [F:\MyDownloas\Session18-task\conf\Catalina\localhost\ROOT.xml]
25-Nov-2025 22:36:28.473 WARNING [main] org.apache.catalina.webresources.DirResourceSet.initInternal Disabled the global canonical file name cache to protect against CVE-2024-56337 when starting the WebResourceSet at [F:\MyDownloas\Session18-task\target\classes] which is part of the web application []
25-Nov-2025 22:36:33.914 INFO [main] org.apache.jasper.servlet.TldScanner.scanJars At least one JAR was scanned for TLDs yet contained no TLDs. Enable debug logging for this logger for a complete list of JARs that were scanned but no TLDs were found in them. Skipping unneeded JARs during scanning can improve startup time and JSP compilation time.
25-Nov-2025 22:36:34.404 WARNING [main] org.apache.catalina.util.SessionIdGeneratorBase.createSecureRandom Creation of SecureRandom instance for session ID generation using [SHA1PRNG] took [417] milliseconds.
25-Nov-2025 22:36:36.807 INFO [main] com.mchange.v2.log.MLog.<clinit> MLog clients using java 1.4+ standard logging.
25-Nov-2025 22:36:36.908 INFO [main] com.mchange.v2.c3p0.C3P0Registry.banner Initializing c3p0-0.9.2.1 [built 20-March-2013 10:47:27 +0000; debug? true; trace: 10]
25-Nov-2025 22:36:37.402 INFO [main] org.hibernate.Version.logVersion HHH000412: Hibernate Core {5.2.2.Final}
25-Nov-2025 22:36:37.406 INFO [main] org.hibernate.cfg.Environment.<clinit> HHH000206: hibernate.properties not found
25-Nov-2025 22:36:37.408 INFO [main] org.hibernate.cfg.Environment.buildBytecodeProvider HHH000021: Bytecode provider name : javassist
25-Nov-2025 22:36:37.522 INFO [main] org.hibernate.annotations.common.reflection.java.JavaReflectionManager.<clinit> HCANN000001: Hibernate Commons Annotations {5.0.1.Final}
25-Nov-2025 22:36:37.839 INFO [main] com.mchange.v2.c3p0.impl.AbstractPoolBackedDataSource.getPoolManager Initializing c3p0 pool... com.mchange.v2.c3p0.ComboPooledDataSource [ acquireIncrement -> 3, acquireRetryAttempts -> 30, acquireRetryDelay -> 1000, autoCommitOnClose -> false, automaticTestTable -> null, breakAfterAcquireFailure -> false, checkoutTimeout -> 0, connectionCustomizerClassName -> null, connectionTesterClassName -> com.mchange.v2.c3p0.impl.DefaultConnectionTester, dataSourceName -> 1bqwpohbe1gd7255a9oyza|2670435, debugUnreturnedConnectionStackTraces -> false, description -> null, driverClass -> com.mysql.cj.jdbc.Driver, factoryClassLocation -> null, forceIgnoreUnresolvedTransactions -> false, identityToken -> 1bqwpohbe1gd7255a9oyza|2670435, idleConnectionTestPeriod -> 0, initialPoolSize -> 3, jdbcUrl -> jdbc:mysql://localhost:3307/productDB?useSSL=false&serverTimezone=UTC, maxAdministrativeTaskTime -> 0, maxConnectionAge -> 0, maxIdleTime -> 30000, maxIdleTimeExcessConnections -> 0, maxPoolSize -> 20, maxStatements -> 0, maxStatementsPerConnection -> 0, minPoolSize -> 5, numHelperThreads -> 3, preferredTestQuery -> null, properties -> {user=******, password=******}, propertyCycle -> 0, statementCacheNumDeferredCloseThreads -> 0, testConnectionOnCheckin -> false, testConnectionOnCheckout -> false, unreturnedConnectionTimeout -> 0, userOverrides -> {}, usesTraditionalReflectiveProxies -> false ]
25-Nov-2025 22:36:38.439 INFO [main] org.hibernate.dialect.Dialect.<init> HHH000400: Using dialect: org.hibernate.dialect.MySQLDialect
25-Nov-2025 22:36:38.558 INFO [main] org.hibernate.engine.jdbc.env.internal.LobCreatorBuilderImpl.useContextualLobCreation HHH000424: Disabling contextual LOB creation as createClob() method threw error : java.lang.reflect.InvocationTargetException
25-Nov-2025 22:36:44.000 INFO [main] org.apache.catalina.startup.HostConfig.deployDescriptor Deployment of deployment descriptor [F:\MyDownloas\Session18-task\conf\Catalina\localhost\ROOT.xml] has finished in [15,614] ms
25-Nov-2025 22:36:44.006 INFO [main] org.apache.coyote.AbstractProtocol.start Starting ProtocolHandler ["http-nio-8080"]
25-Nov-2025 22:36:44.037 INFO [main] org.apache.catalina.startup.Catalina.start Server startup in [15721] milliseconds
25-Nov-2025 22:38:04.806 INFO [Thread-6] org.apache.coyote.AbstractProtocol.pause Pausing ProtocolHandler ["http-nio-8080"]
25-Nov-2025 22:38:05.289 INFO [Thread-6] org.apache.catalina.core.StandardService.stopInternal Stopping service [Catalina]
25-Nov-2025 22:38:05.317 WARNING [Thread-6] org.apache.catalina.loader.WebappClassLoaderBase.clearReferencesJdbc The web application [ROOT] registered the JDBC driver [com.mysql.cj.jdbc.Driver] but failed to unregister it when the web application was stopped. To prevent a memory leak, the JDBC Driver has been forcibly unregistered.
25-Nov-2025 22:38:05.319 WARNING [Thread-6] org.apache.catalina.loader.WebappClassLoaderBase.clearReferencesThreads The web application [ROOT] appears to have started a thread named [mysql-cj-abandoned-connection-cleanup] but has failed to stop it. This is very likely to create a memory leak. Stack trace of thread:
 java.lang.Object.wait(Native Method)
 java.lang.ref.ReferenceQueue.remove(ReferenceQueue.java:144)
 com.mysql.cj.jdbc.AbandonedConnectionCleanupThread.run(AbandonedConnectionCleanupThread.java:91)
 java.util.concurrent.ThreadPoolExecutor.runWorker(ThreadPoolExecutor.java:1149)
 java.util.concurrent.ThreadPoolExecutor$Worker.run(ThreadPoolExecutor.java:624)
 java.lang.Thread.run(Thread.java:750)
25-Nov-2025 22:38:05.320 WARNING [Thread-6] org.apache.catalina.loader.WebappClassLoaderBase.clearReferencesThreads The web application [ROOT] appears to have started a thread named [Resource Destroyer in BasicResourcePool.close()] but has failed to stop it. This is very likely to create a memory leak. Stack trace of thread:
 java.util.zip.ZipFile.open(Native Method)
 java.util.zip.ZipFile.<init>(ZipFile.java:231)
 java.util.zip.ZipFile.<init>(ZipFile.java:157)
 java.util.jar.JarFile.<init>(JarFile.java:169)
 java.util.jar.JarFile.<init>(JarFile.java:133)
 org.apache.tomcat.util.compat.JreCompat.jarFileNewInstance(JreCompat.java:316)
 org.apache.tomcat.util.compat.JreCompat.jarFileNewInstance(JreCompat.java:302)
 org.apache.catalina.webresources.AbstractArchiveResourceSet.openJarFile(AbstractArchiveResourceSet.java:324)
 org.apache.catalina.webresources.AbstractSingleArchiveResourceSet.getArchiveEntry(AbstractSingleArchiveResourceSet.java:96)
 org.apache.catalina.webresources.AbstractArchiveResourceSet.getResource(AbstractArchiveResourceSet.java:255)
 org.apache.catalina.webresources.StandardRoot.getResourceInternal(StandardRoot.java:273)
 org.apache.catalina.webresources.Cache.getResource(Cache.java:64)
 org.apache.catalina.webresources.StandardRoot.getResource(StandardRoot.java:212)
 org.apache.catalina.webresources.StandardRoot.getClassLoaderResource(StandardRoot.java:221)
 org.apache.catalina.loader.WebappClassLoaderBase.findClassInternal(WebappClassLoaderBase.java:2224)
 org.apache.catalina.loader.WebappClassLoaderBase.findClassInternal(WebappClassLoaderBase.java:2215)
 org.apache.catalina.loader.WebappClassLoaderBase.findClass(WebappClassLoaderBase.java:824)
 org.apache.catalina.loader.WebappClassLoaderBase.loadClass(WebappClassLoaderBase.java:1315)
 org.apache.catalina.loader.WebappClassLoaderBase.loadClass(WebappClassLoaderBase.java:1163)
 com.mysql.cj.protocol.a.NativeProtocol.quit(NativeProtocol.java:1317)
 com.mysql.cj.NativeSession.quit(NativeSession.java:150)
 com.mysql.cj.jdbc.ConnectionImpl.realClose(ConnectionImpl.java:1695)
 com.mysql.cj.jdbc.ConnectionImpl.close(ConnectionImpl.java:710)
 com.mchange.v2.c3p0.impl.NewPooledConnection.close(NewPooledConnection.java:629)
 com.mchange.v2.c3p0.impl.NewPooledConnection.closeMaybeCheckedOut(NewPooledConnection.java:259)
 com.mchange.v2.c3p0.impl.C3P0PooledConnectionPool$1PooledConnectionResourcePoolManager.destroyResource(C3P0PooledConnectionPool.java:619)
 com.mchange.v2.resourcepool.BasicResourcePool$1DestroyResourceTask.run(BasicResourcePool.java:1024)
 com.mchange.v2.resourcepool.BasicResourcePool.destroyResource(BasicResourcePool.java:1049)
 com.mchange.v2.resourcepool.BasicResourcePool.destroyResource(BasicResourcePool.java:1010)
 com.mchange.v2.resourcepool.BasicResourcePool.access$100(BasicResourcePool.java:44)
 com.mchange.v2.resourcepool.BasicResourcePool$5.run(BasicResourcePool.java:1260)
25-Nov-2025 22:38:05.324 INFO [Resource Destroyer in BasicResourcePool.close()] org.apache.catalina.loader.WebappClassLoaderBase.checkStateForResourceLoading Illegal access: this web application instance has been stopped already. Could not load [javax.crypto.BadPaddingException]. The following stack trace is thrown for debugging purposes as well as to attempt to terminate the thread which caused the illegal access.
	java.lang.IllegalStateException: Illegal access: this web application instance has been stopped already. Could not load [javax.crypto.BadPaddingException]. The following stack trace is thrown for debugging purposes as well as to attempt to terminate the thread which caused the illegal access.
		at org.apache.catalina.loader.WebappClassLoaderBase.checkStateForResourceLoading(WebappClassLoaderBase.java:1373)
		at org.apache.catalina.loader.WebappClassLoaderBase.checkStateForClassLoading(WebappClassLoaderBase.java:1362)
		at org.apache.catalina.loader.WebappClassLoaderBase.loadClass(WebappClassLoaderBase.java:1196)
		at org.apache.catalina.loader.WebappClassLoaderBase.loadClass(WebappClassLoaderBase.java:1163)
		at com.mysql.cj.protocol.a.NativeProtocol.quit(NativeProtocol.java:1317)
		at com.mysql.cj.NativeSession.quit(NativeSession.java:150)
		at com.mysql.cj.jdbc.ConnectionImpl.realClose(ConnectionImpl.java:1695)
		at com.mysql.cj.jdbc.ConnectionImpl.close(ConnectionImpl.java:710)
		at com.mchange.v2.c3p0.impl.NewPooledConnection.close(NewPooledConnection.java:629)
		at com.mchange.v2.c3p0.impl.NewPooledConnection.closeMaybeCheckedOut(NewPooledConnection.java:259)
		at com.mchange.v2.c3p0.impl.C3P0PooledConnectionPool$1PooledConnectionResourcePoolManager.destroyResource(C3P0PooledConnectionPool.java:619)
		at com.mchange.v2.resourcepool.BasicResourcePool$1DestroyResourceTask.run(BasicResourcePool.java:1024)
		at com.mchange.v2.resourcepool.BasicResourcePool.destroyResource(BasicResourcePool.java:1049)
		at com.mchange.v2.resourcepool.BasicResourcePool.destroyResource(BasicResourcePool.java:1010)
		at com.mchange.v2.resourcepool.BasicResourcePool.access$100(BasicResourcePool.java:44)
		at com.mchange.v2.resourcepool.BasicResourcePool$5.run(BasicResourcePool.java:1260)
25-Nov-2025 22:38:05.326 INFO [Resource Destroyer in BasicResourcePool.close()] org.apache.catalina.loader.WebappClassLoaderBase.checkStateForResourceLoading Illegal access: this web application instance has been stopped already. Could not load [javax.crypto.BadPaddingException]. The following stack trace is thrown for debugging purposes as well as to attempt to terminate the thread which caused the illegal access.
	java.lang.IllegalStateException: Illegal access: this web application instance has been stopped already. Could not load [javax.crypto.BadPaddingException]. The following stack trace is thrown for debugging purposes as well as to attempt to terminate the thread which caused the illegal access.
		at org.apache.catalina.loader.WebappClassLoaderBase.checkStateForResourceLoading(WebappClassLoaderBase.java:1373)
		at org.apache.catalina.loader.WebappClassLoaderBase.checkStateForClassLoading(WebappClassLoaderBase.java:1362)
		at org.apache.catalina.loader.WebappClassLoaderBase.loadClass(WebappClassLoaderBase.java:1196)
		at org.apache.catalina.loader.WebappClassLoaderBase.loadClass(WebappClassLoaderBase.java:1163)
		at com.mysql.cj.protocol.NetworkResources.forceClose(NetworkResources.java:53)
		at com.mysql.cj.protocol.AbstractSocketConnection.forceClose(AbstractSocketConnection.java:104)
		at com.mysql.cj.protocol.a.NativeProtocol.quit(NativeProtocol.java:1335)
		at com.mysql.cj.NativeSession.quit(NativeSession.java:150)
		at com.mysql.cj.jdbc.ConnectionImpl.realClose(ConnectionImpl.java:1695)
		at com.mysql.cj.jdbc.ConnectionImpl.close(ConnectionImpl.java:710)
		at com.mchange.v2.c3p0.impl.NewPooledConnection.close(NewPooledConnection.java:629)
		at com.mchange.v2.c3p0.impl.NewPooledConnection.closeMaybeCheckedOut(NewPooledConnection.java:259)
		at com.mchange.v2.c3p0.impl.C3P0PooledConnectionPool$1PooledConnectionResourcePoolManager.destroyResource(C3P0PooledConnectionPool.java:619)
		at com.mchange.v2.resourcepool.BasicResourcePool$1DestroyResourceTask.run(BasicResourcePool.java:1024)
		at com.mchange.v2.resourcepool.BasicResourcePool.destroyResource(BasicResourcePool.java:1049)
		at com.mchange.v2.resourcepool.BasicResourcePool.destroyResource(BasicResourcePool.java:1010)
		at com.mchange.v2.resourcepool.BasicResourcePool.access$100(BasicResourcePool.java:44)
		at com.mchange.v2.resourcepool.BasicResourcePool$5.run(BasicResourcePool.java:1260)
25-Nov-2025 22:38:05.333 INFO [Thread-6] org.apache.coyote.AbstractProtocol.stop Stopping ProtocolHandler ["http-nio-8080"]
25-Nov-2025 22:38:05.341 INFO [Thread-6] org.apache.coyote.AbstractProtocol.destroy Destroying ProtocolHandler ["http-nio-8080"]
25-Nov-2025 22:38:13.930 INFO [main] org.apache.catalina.startup.VersionLoggerListener.log Server version name:   Apache Tomcat/9.0.109
25-Nov-2025 22:38:13.934 INFO [main] org.apache.catalina.startup.VersionLoggerListener.log Server built:          Sep 1 2025 12:15:33 UTC
25-Nov-2025 22:38:13.935 INFO [main] org.apache.catalina.startup.VersionLoggerListener.log Server version number: 9.0.109.0
25-Nov-2025 22:38:13.935 INFO [main] org.apache.catalina.startup.VersionLoggerListener.log OS Name:               Windows 10
25-Nov-2025 22:38:13.935 INFO [main] org.apache.catalina.startup.VersionLoggerListener.log OS Version:            10.0
25-Nov-2025 22:38:13.935 INFO [main] org.apache.catalina.startup.VersionLoggerListener.log Architecture:          amd64
25-Nov-2025 22:38:13.936 INFO [main] org.apache.catalina.startup.VersionLoggerListener.log Java Home:             C:\Users\NanoChip\.jdks\corretto-1.8.0_462\jre
25-Nov-2025 22:38:13.936 INFO [main] org.apache.catalina.startup.VersionLoggerListener.log JVM Version:           1.8.0_462-b08
25-Nov-2025 22:38:13.937 INFO [main] org.apache.catalina.startup.VersionLoggerListener.log JVM Vendor:            Amazon.com Inc.
25-Nov-2025 22:38:13.937 INFO [main] org.apache.catalina.startup.VersionLoggerListener.log CATALINA_BASE:         F:\MyDownloas\Session18-task
25-Nov-2025 22:38:13.937 INFO [main] org.apache.catalina.startup.VersionLoggerListener.log CATALINA_HOME:         D:\apache-tomcat-9.0.109
25-Nov-2025 22:38:13.938 INFO [main] org.apache.catalina.startup.VersionLoggerListener.log Command line argument: -Dcatalina.home=D:\apache-tomcat-9.0.109
25-Nov-2025 22:38:13.938 INFO [main] org.apache.catalina.startup.VersionLoggerListener.log Command line argument: -Dcatalina.base=F:\MyDownloas\Session18-task
25-Nov-2025 22:38:13.938 INFO [main] org.apache.catalina.startup.VersionLoggerListener.log Command line argument: -Djava.io.tmpdir=F:\MyDownloas\Session18-task\temp
25-Nov-2025 22:38:13.938 INFO [main] org.apache.catalina.startup.VersionLoggerListener.log Command line argument: -Djava.util.logging.config.file=F:\MyDownloas\Session18-task\conf\logging.properties
25-Nov-2025 22:38:13.938 INFO [main] org.apache.catalina.startup.VersionLoggerListener.log Command line argument: -Djava.util.logging.manager=org.apache.juli.ClassLoaderLogManager
25-Nov-2025 22:38:13.939 INFO [main] org.apache.catalina.startup.VersionLoggerListener.log Command line argument: -javaagent:C:\Users\NanoChip\AppData\Local\Programs\IntelliJ IDEA Ultimate\lib\idea_rt.jar=65373
25-Nov-2025 22:38:13.939 INFO [main] org.apache.catalina.startup.VersionLoggerListener.log Command line argument: -Dfile.encoding=UTF-8
25-Nov-2025 22:38:13.963 INFO [main] org.apache.catalina.core.AprLifecycleListener.lifecycleEvent The Apache Tomcat Native library which allows using OpenSSL was not found on the java.library.path: [C:\Users\NanoChip\.jdks\corretto-1.8.0_462\bin;C:\Windows\Sun\Java\bin;C:\Windows\system32;C:\Windows;C:\Program Files\Common Files\Oracle\Java\javapath;C:\Windows;C:\Windows\System32\Wbem;C:\Windows\System32\WindowsPowerShell\v1.0\;C:\Program Files\apache-maven-3.9.8\bin;C:\Windows\System32\OpenSSH\;C:\Program Files\Git\cmd;C:\Program Files\MySQL\MySQL Server 8.0\bin;c:\flutter\bin;C:\Users\NanoChip\AppData\Local\Android\Sdk\platform-tools;C:\Users\NanoChip\AppData\Local\Android\Sdk\emulator;C:\Program Files (x86)\Windows Kits\10\Windows Performance Toolkit\;C:\Windows\System32;C:\Windows;D:\Gradle\gradle-8.0\bin;C:\MinGW\bin;C:\Users\NanoChip\AppData\Local\Programs\Python\Python311\;C:\Users\NanoChip\AppData\Local\Programs\Python\Python311\Scripts\;C:\Program Files\apache-maven-3.9.8\bin;C:\Program Files\Java\jdk-17\bin;;C:\Program Files\Docker\Docker\resources\bin;C:\Program Files\MySQL\MySQL Shell 8.0\bin\;C:\src\flutter\bin;C:\dart\bin;C:\Users\NanoChip\AppData\Local\Android\Sdk\emulator;C:\Program Files\Git\cmd;C:\Users\NanoChip\AppData\Local\Programs\Microsoft VS Code\bin;C:\Program Files\Java\jdk-17\bin;C:\Users\NanoChip\AppData\Local\Programs\Ollama;C:\Users\NanoChip\AppData\Local\Programs\Python\Python311\;C:\Users\NanoChip\AppData\Local\Programs\Python\Python311\Scripts\;C:\Users\NanoChip\AppData\Local\JetBrains\Toolbox\scripts;;.]
25-Nov-2025 22:38:14.528 INFO [main] org.apache.coyote.AbstractProtocol.init Initializing ProtocolHandler ["http-nio-8080"]
25-Nov-2025 22:38:14.581 INFO [main] org.apache.catalina.startup.Catalina.load Server initialization in [1080] milliseconds
25-Nov-2025 22:38:14.641 INFO [main] org.apache.catalina.core.StandardService.startInternal Starting service [Catalina]
25-Nov-2025 22:38:14.642 INFO [main] org.apache.catalina.core.StandardEngine.startInternal Starting Servlet engine: [Apache Tomcat/9.0.109]
25-Nov-2025 22:38:14.657 INFO [main] org.apache.catalina.startup.HostConfig.deployDescriptor Deploying deployment descriptor [F:\MyDownloas\Session18-task\conf\Catalina\localhost\ROOT.xml]
25-Nov-2025 22:38:14.790 WARNING [main] org.apache.catalina.webresources.DirResourceSet.initInternal Disabled the global canonical file name cache to protect against CVE-2024-56337 when starting the WebResourceSet at [F:\MyDownloas\Session18-task\target\classes] which is part of the web application []
25-Nov-2025 22:38:20.136 INFO [main] org.apache.jasper.servlet.TldScanner.scanJars At least one JAR was scanned for TLDs yet contained no TLDs. Enable debug logging for this logger for a complete list of JARs that were scanned but no TLDs were found in them. Skipping unneeded JARs during scanning can improve startup time and JSP compilation time.
25-Nov-2025 22:38:20.546 WARNING [main] org.apache.catalina.util.SessionIdGeneratorBase.createSecureRandom Creation of SecureRandom instance for session ID generation using [SHA1PRNG] took [340] milliseconds.
25-Nov-2025 22:38:23.069 INFO [main] com.mchange.v2.log.MLog.<clinit> MLog clients using java 1.4+ standard logging.
25-Nov-2025 22:38:23.178 INFO [main] com.mchange.v2.c3p0.C3P0Registry.banner Initializing c3p0-0.9.2.1 [built 20-March-2013 10:47:27 +0000; debug? true; trace: 10]
25-Nov-2025 22:38:23.789 INFO [main] org.hibernate.Version.logVersion HHH000412: Hibernate Core {5.2.2.Final}
25-Nov-2025 22:38:23.795 INFO [main] org.hibernate.cfg.Environment.<clinit> HHH000206: hibernate.properties not found
25-Nov-2025 22:38:23.799 INFO [main] org.hibernate.cfg.Environment.buildBytecodeProvider HHH000021: Bytecode provider name : javassist
25-Nov-2025 22:38:23.986 INFO [main] org.hibernate.annotations.common.reflection.java.JavaReflectionManager.<clinit> HCANN000001: Hibernate Commons Annotations {5.0.1.Final}
25-Nov-2025 22:38:24.391 INFO [main] com.mchange.v2.c3p0.impl.AbstractPoolBackedDataSource.getPoolManager Initializing c3p0 pool... com.mchange.v2.c3p0.ComboPooledDataSource [ acquireIncrement -> 3, acquireRetryAttempts -> 30, acquireRetryDelay -> 1000, autoCommitOnClose -> false, automaticTestTable -> null, breakAfterAcquireFailure -> false, checkoutTimeout -> 0, connectionCustomizerClassName -> null, connectionTesterClassName -> com.mchange.v2.c3p0.impl.DefaultConnectionTester, dataSourceName -> 1bqwpohbe1gd9c531rdhdjc|2670435, debugUnreturnedConnectionStackTraces -> false, description -> null, driverClass -> com.mysql.cj.jdbc.Driver, factoryClassLocation -> null, forceIgnoreUnresolvedTransactions -> false, identityToken -> 1bqwpohbe1gd9c531rdhdjc|2670435, idleConnectionTestPeriod -> 0, initialPoolSize -> 3, jdbcUrl -> jdbc:mysql://localhost:3307/productDB?useSSL=false&serverTimezone=UTC, maxAdministrativeTaskTime -> 0, maxConnectionAge -> 0, maxIdleTime -> 30000, maxIdleTimeExcessConnections -> 0, maxPoolSize -> 20, maxStatements -> 0, maxStatementsPerConnection -> 0, minPoolSize -> 5, numHelperThreads -> 3, preferredTestQuery -> null, properties -> {user=******, password=******}, propertyCycle -> 0, statementCacheNumDeferredCloseThreads -> 0, testConnectionOnCheckin -> false, testConnectionOnCheckout -> false, unreturnedConnectionTimeout -> 0, userOverrides -> {}, usesTraditionalReflectiveProxies -> false ]
25-Nov-2025 22:38:25.360 INFO [main] org.hibernate.dialect.Dialect.<init> HHH000400: Using dialect: org.hibernate.dialect.MySQLDialect
25-Nov-2025 22:38:25.480 INFO [main] org.hibernate.engine.jdbc.env.internal.LobCreatorBuilderImpl.useContextualLobCreation HHH000424: Disabling contextual LOB creation as createClob() method threw error : java.lang.reflect.InvocationTargetException
25-Nov-2025 22:38:30.280 INFO [main] org.apache.catalina.startup.HostConfig.deployDescriptor Deployment of deployment descriptor [F:\MyDownloas\Session18-task\conf\Catalina\localhost\ROOT.xml] has finished in [15,622] ms
25-Nov-2025 22:38:30.286 INFO [main] org.apache.coyote.AbstractProtocol.start Starting ProtocolHandler ["http-nio-8080"]
25-Nov-2025 22:38:30.315 INFO [main] org.apache.catalina.startup.Catalina.start Server startup in [15732] milliseconds
25-Nov-2025 22:39:40.688 INFO [Thread-6] org.apache.coyote.AbstractProtocol.pause Pausing ProtocolHandler ["http-nio-8080"]
25-Nov-2025 22:39:41.168 INFO [Thread-6] org.apache.catalina.core.StandardService.stopInternal Stopping service [Catalina]
25-Nov-2025 22:39:41.192 WARNING [Thread-6] org.apache.catalina.loader.WebappClassLoaderBase.clearReferencesJdbc The web application [ROOT] registered the JDBC driver [com.mysql.cj.jdbc.Driver] but failed to unregister it when the web application was stopped. To prevent a memory leak, the JDBC Driver has been forcibly unregistered.
25-Nov-2025 22:39:41.193 WARNING [Thread-6] org.apache.catalina.loader.WebappClassLoaderBase.clearReferencesThreads The web application [ROOT] appears to have started a thread named [mysql-cj-abandoned-connection-cleanup] but has failed to stop it. This is very likely to create a memory leak. Stack trace of thread:
 java.lang.Object.wait(Native Method)
 java.lang.ref.ReferenceQueue.remove(ReferenceQueue.java:144)
 com.mysql.cj.jdbc.AbandonedConnectionCleanupThread.run(AbandonedConnectionCleanupThread.java:91)
 java.util.concurrent.ThreadPoolExecutor.runWorker(ThreadPoolExecutor.java:1149)
 java.util.concurrent.ThreadPoolExecutor$Worker.run(ThreadPoolExecutor.java:624)
 java.lang.Thread.run(Thread.java:750)
25-Nov-2025 22:39:41.194 WARNING [Thread-6] org.apache.catalina.loader.WebappClassLoaderBase.clearReferencesThreads The web application [ROOT] appears to have started a thread named [Resource Destroyer in BasicResourcePool.close()] but has failed to stop it. This is very likely to create a memory leak. Stack trace of thread:
 java.util.zip.ZipFile.open(Native Method)
 java.util.zip.ZipFile.<init>(ZipFile.java:231)
 java.util.zip.ZipFile.<init>(ZipFile.java:157)
 java.util.jar.JarFile.<init>(JarFile.java:169)
 java.util.jar.JarFile.<init>(JarFile.java:133)
 org.apache.tomcat.util.compat.JreCompat.jarFileNewInstance(JreCompat.java:316)
 org.apache.tomcat.util.compat.JreCompat.jarFileNewInstance(JreCompat.java:302)
 org.apache.catalina.webresources.AbstractArchiveResourceSet.openJarFile(AbstractArchiveResourceSet.java:324)
 org.apache.catalina.webresources.AbstractSingleArchiveResourceSet.getArchiveEntry(AbstractSingleArchiveResourceSet.java:96)
 org.apache.catalina.webresources.AbstractArchiveResourceSet.getResource(AbstractArchiveResourceSet.java:255)
 org.apache.catalina.webresources.StandardRoot.getResourceInternal(StandardRoot.java:273)
 org.apache.catalina.webresources.Cache.getResource(Cache.java:64)
 org.apache.catalina.webresources.StandardRoot.getResource(StandardRoot.java:212)
 org.apache.catalina.webresources.StandardRoot.getClassLoaderResource(StandardRoot.java:221)
 org.apache.catalina.loader.WebappClassLoaderBase.findClassInternal(WebappClassLoaderBase.java:2224)
 org.apache.catalina.loader.WebappClassLoaderBase.findClassInternal(WebappClassLoaderBase.java:2215)
 org.apache.catalina.loader.WebappClassLoaderBase.findClass(WebappClassLoaderBase.java:824)
 org.apache.catalina.loader.WebappClassLoaderBase.loadClass(WebappClassLoaderBase.java:1315)
 org.apache.catalina.loader.WebappClassLoaderBase.loadClass(WebappClassLoaderBase.java:1163)
 com.mchange.v2.resourcepool.BasicResourcePool.destroyResource(BasicResourcePool.java:1040)
 com.mchange.v2.resourcepool.BasicResourcePool.destroyResource(BasicResourcePool.java:1010)
 com.mchange.v2.resourcepool.BasicResourcePool.access$100(BasicResourcePool.java:44)
 com.mchange.v2.resourcepool.BasicResourcePool$5.run(BasicResourcePool.java:1260)
25-Nov-2025 22:39:41.200 INFO [Resource Destroyer in BasicResourcePool.close()] org.apache.catalina.loader.WebappClassLoaderBase.checkStateForResourceLoading Illegal access: this web application instance has been stopped already. Could not load [java.security.InvalidKeyException]. The following stack trace is thrown for debugging purposes as well as to attempt to terminate the thread which caused the illegal access.
	java.lang.IllegalStateException: Illegal access: this web application instance has been stopped already. Could not load [java.security.InvalidKeyException]. The following stack trace is thrown for debugging purposes as well as to attempt to terminate the thread which caused the illegal access.
		at org.apache.catalina.loader.WebappClassLoaderBase.checkStateForResourceLoading(WebappClassLoaderBase.java:1373)
		at org.apache.catalina.loader.WebappClassLoaderBase.checkStateForClassLoading(WebappClassLoaderBase.java:1362)
		at org.apache.catalina.loader.WebappClassLoaderBase.loadClass(WebappClassLoaderBase.java:1196)
		at org.apache.catalina.loader.WebappClassLoaderBase.loadClass(WebappClassLoaderBase.java:1163)
		at com.mysql.cj.protocol.a.NativeProtocol.quit(NativeProtocol.java:1317)
		at com.mysql.cj.NativeSession.quit(NativeSession.java:150)
		at com.mysql.cj.jdbc.ConnectionImpl.realClose(ConnectionImpl.java:1695)
		at com.mysql.cj.jdbc.ConnectionImpl.close(ConnectionImpl.java:710)
		at com.mchange.v2.c3p0.impl.NewPooledConnection.close(NewPooledConnection.java:629)
		at com.mchange.v2.c3p0.impl.NewPooledConnection.closeMaybeCheckedOut(NewPooledConnection.java:259)
		at com.mchange.v2.c3p0.impl.C3P0PooledConnectionPool$1PooledConnectionResourcePoolManager.destroyResource(C3P0PooledConnectionPool.java:619)
		at com.mchange.v2.resourcepool.BasicResourcePool$1DestroyResourceTask.run(BasicResourcePool.java:1024)
		at com.mchange.v2.resourcepool.BasicResourcePool.destroyResource(BasicResourcePool.java:1049)
		at com.mchange.v2.resourcepool.BasicResourcePool.destroyResource(BasicResourcePool.java:1010)
		at com.mchange.v2.resourcepool.BasicResourcePool.access$100(BasicResourcePool.java:44)
		at com.mchange.v2.resourcepool.BasicResourcePool$5.run(BasicResourcePool.java:1260)
25-Nov-2025 22:39:41.201 INFO [Resource Destroyer in BasicResourcePool.close()] org.apache.catalina.loader.WebappClassLoaderBase.checkStateForResourceLoading Illegal access: this web application instance has been stopped already. Could not load [java.security.InvalidKeyException]. The following stack trace is thrown for debugging purposes as well as to attempt to terminate the thread which caused the illegal access.
	java.lang.IllegalStateException: Illegal access: this web application instance has been stopped already. Could not load [java.security.InvalidKeyException]. The following stack trace is thrown for debugging purposes as well as to attempt to terminate the thread which caused the illegal access.
		at org.apache.catalina.loader.WebappClassLoaderBase.checkStateForResourceLoading(WebappClassLoaderBase.java:1373)
		at org.apache.catalina.loader.WebappClassLoaderBase.checkStateForClassLoading(WebappClassLoaderBase.java:1362)
		at org.apache.catalina.loader.WebappClassLoaderBase.loadClass(WebappClassLoaderBase.java:1196)
		at org.apache.catalina.loader.WebappClassLoaderBase.loadClass(WebappClassLoaderBase.java:1163)
		at com.mysql.cj.protocol.NetworkResources.forceClose(NetworkResources.java:53)
		at com.mysql.cj.protocol.AbstractSocketConnection.forceClose(AbstractSocketConnection.java:104)
		at com.mysql.cj.protocol.a.NativeProtocol.quit(NativeProtocol.java:1335)
		at com.mysql.cj.NativeSession.quit(NativeSession.java:150)
		at com.mysql.cj.jdbc.ConnectionImpl.realClose(ConnectionImpl.java:1695)
		at com.mysql.cj.jdbc.ConnectionImpl.close(ConnectionImpl.java:710)
		at com.mchange.v2.c3p0.impl.NewPooledConnection.close(NewPooledConnection.java:629)
		at com.mchange.v2.c3p0.impl.NewPooledConnection.closeMaybeCheckedOut(NewPooledConnection.java:259)
		at com.mchange.v2.c3p0.impl.C3P0PooledConnectionPool$1PooledConnectionResourcePoolManager.destroyResource(C3P0PooledConnectionPool.java:619)
		at com.mchange.v2.resourcepool.BasicResourcePool$1DestroyResourceTask.run(BasicResourcePool.java:1024)
		at com.mchange.v2.resourcepool.BasicResourcePool.destroyResource(BasicResourcePool.java:1049)
		at com.mchange.v2.resourcepool.BasicResourcePool.destroyResource(BasicResourcePool.java:1010)
		at com.mchange.v2.resourcepool.BasicResourcePool.access$100(BasicResourcePool.java:44)
		at com.mchange.v2.resourcepool.BasicResourcePool$5.run(BasicResourcePool.java:1260)
25-Nov-2025 22:39:41.212 INFO [Thread-6] org.apache.coyote.AbstractProtocol.stop Stopping ProtocolHandler ["http-nio-8080"]
25-Nov-2025 22:39:41.220 INFO [Thread-6] org.apache.coyote.AbstractProtocol.destroy Destroying ProtocolHandler ["http-nio-8080"]
25-Nov-2025 22:39:52.073 INFO [main] org.apache.catalina.startup.VersionLoggerListener.log Server version name:   Apache Tomcat/9.0.109
25-Nov-2025 22:39:52.078 INFO [main] org.apache.catalina.startup.VersionLoggerListener.log Server built:          Sep 1 2025 12:15:33 UTC
25-Nov-2025 22:39:52.079 INFO [main] org.apache.catalina.startup.VersionLoggerListener.log Server version number: 9.0.109.0
25-Nov-2025 22:39:52.079 INFO [main] org.apache.catalina.startup.VersionLoggerListener.log OS Name:               Windows 10
25-Nov-2025 22:39:52.079 INFO [main] org.apache.catalina.startup.VersionLoggerListener.log OS Version:            10.0
25-Nov-2025 22:39:52.079 INFO [main] org.apache.catalina.startup.VersionLoggerListener.log Architecture:          amd64
25-Nov-2025 22:39:52.079 INFO [main] org.apache.catalina.startup.VersionLoggerListener.log Java Home:             C:\Users\NanoChip\.jdks\corretto-1.8.0_462\jre
25-Nov-2025 22:39:52.080 INFO [main] org.apache.catalina.startup.VersionLoggerListener.log JVM Version:           1.8.0_462-b08
25-Nov-2025 22:39:52.080 INFO [main] org.apache.catalina.startup.VersionLoggerListener.log JVM Vendor:            Amazon.com Inc.
25-Nov-2025 22:39:52.080 INFO [main] org.apache.catalina.startup.VersionLoggerListener.log CATALINA_BASE:         F:\MyDownloas\Session18-task
25-Nov-2025 22:39:52.080 INFO [main] org.apache.catalina.startup.VersionLoggerListener.log CATALINA_HOME:         D:\apache-tomcat-9.0.109
25-Nov-2025 22:39:52.083 INFO [main] org.apache.catalina.startup.VersionLoggerListener.log Command line argument: -Dcatalina.home=D:\apache-tomcat-9.0.109
25-Nov-2025 22:39:52.083 INFO [main] org.apache.catalina.startup.VersionLoggerListener.log Command line argument: -Dcatalina.base=F:\MyDownloas\Session18-task
25-Nov-2025 22:39:52.083 INFO [main] org.apache.catalina.startup.VersionLoggerListener.log Command line argument: -Djava.io.tmpdir=F:\MyDownloas\Session18-task\temp
25-Nov-2025 22:39:52.083 INFO [main] org.apache.catalina.startup.VersionLoggerListener.log Command line argument: -Djava.util.logging.config.file=F:\MyDownloas\Session18-task\conf\logging.properties
25-Nov-2025 22:39:52.083 INFO [main] org.apache.catalina.startup.VersionLoggerListener.log Command line argument: -Djava.util.logging.manager=org.apache.juli.ClassLoaderLogManager
25-Nov-2025 22:39:52.084 INFO [main] org.apache.catalina.startup.VersionLoggerListener.log Command line argument: -javaagent:C:\Users\NanoChip\AppData\Local\Programs\IntelliJ IDEA Ultimate\lib\idea_rt.jar=65431
25-Nov-2025 22:39:52.084 INFO [main] org.apache.catalina.startup.VersionLoggerListener.log Command line argument: -Dfile.encoding=UTF-8
25-Nov-2025 22:39:52.106 INFO [main] org.apache.catalina.core.AprLifecycleListener.lifecycleEvent The Apache Tomcat Native library which allows using OpenSSL was not found on the java.library.path: [C:\Users\NanoChip\.jdks\corretto-1.8.0_462\bin;C:\Windows\Sun\Java\bin;C:\Windows\system32;C:\Windows;C:\Program Files\Common Files\Oracle\Java\javapath;C:\Windows;C:\Windows\System32\Wbem;C:\Windows\System32\WindowsPowerShell\v1.0\;C:\Program Files\apache-maven-3.9.8\bin;C:\Windows\System32\OpenSSH\;C:\Program Files\Git\cmd;C:\Program Files\MySQL\MySQL Server 8.0\bin;c:\flutter\bin;C:\Users\NanoChip\AppData\Local\Android\Sdk\platform-tools;C:\Users\NanoChip\AppData\Local\Android\Sdk\emulator;C:\Program Files (x86)\Windows Kits\10\Windows Performance Toolkit\;C:\Windows\System32;C:\Windows;D:\Gradle\gradle-8.0\bin;C:\MinGW\bin;C:\Users\NanoChip\AppData\Local\Programs\Python\Python311\;C:\Users\NanoChip\AppData\Local\Programs\Python\Python311\Scripts\;C:\Program Files\apache-maven-3.9.8\bin;C:\Program Files\Java\jdk-17\bin;;C:\Program Files\Docker\Docker\resources\bin;C:\Program Files\MySQL\MySQL Shell 8.0\bin\;C:\src\flutter\bin;C:\dart\bin;C:\Users\NanoChip\AppData\Local\Android\Sdk\emulator;C:\Program Files\Git\cmd;C:\Users\NanoChip\AppData\Local\Programs\Microsoft VS Code\bin;C:\Program Files\Java\jdk-17\bin;C:\Users\NanoChip\AppData\Local\Programs\Ollama;C:\Users\NanoChip\AppData\Local\Programs\Python\Python311\;C:\Users\NanoChip\AppData\Local\Programs\Python\Python311\Scripts\;C:\Users\NanoChip\AppData\Local\JetBrains\Toolbox\scripts;;.]
25-Nov-2025 22:39:52.768 INFO [main] org.apache.coyote.AbstractProtocol.init Initializing ProtocolHandler ["http-nio-8080"]
25-Nov-2025 22:39:52.856 INFO [main] org.apache.catalina.startup.Catalina.load Server initialization in [1299] milliseconds
25-Nov-2025 22:39:52.944 INFO [main] org.apache.catalina.core.StandardService.startInternal Starting service [Catalina]
25-Nov-2025 22:39:52.944 INFO [main] org.apache.catalina.core.StandardEngine.startInternal Starting Servlet engine: [Apache Tomcat/9.0.109]
25-Nov-2025 22:39:52.966 INFO [main] org.apache.catalina.startup.HostConfig.deployDescriptor Deploying deployment descriptor [F:\MyDownloas\Session18-task\conf\Catalina\localhost\ROOT.xml]
25-Nov-2025 22:39:53.085 WARNING [main] org.apache.catalina.webresources.DirResourceSet.initInternal Disabled the global canonical file name cache to protect against CVE-2024-56337 when starting the WebResourceSet at [F:\MyDownloas\Session18-task\target\classes] which is part of the web application []
25-Nov-2025 22:39:58.637 INFO [main] org.apache.jasper.servlet.TldScanner.scanJars At least one JAR was scanned for TLDs yet contained no TLDs. Enable debug logging for this logger for a complete list of JARs that were scanned but no TLDs were found in them. Skipping unneeded JARs during scanning can improve startup time and JSP compilation time.
25-Nov-2025 22:39:59.108 WARNING [main] org.apache.catalina.util.SessionIdGeneratorBase.createSecureRandom Creation of SecureRandom instance for session ID generation using [SHA1PRNG] took [393] milliseconds.
25-Nov-2025 22:40:01.666 INFO [main] com.mchange.v2.log.MLog.<clinit> MLog clients using java 1.4+ standard logging.
25-Nov-2025 22:40:01.772 INFO [main] com.mchange.v2.c3p0.C3P0Registry.banner Initializing c3p0-0.9.2.1 [built 20-March-2013 10:47:27 +0000; debug? true; trace: 10]
25-Nov-2025 22:40:02.222 INFO [main] org.hibernate.Version.logVersion HHH000412: Hibernate Core {5.2.2.Final}
25-Nov-2025 22:40:02.225 INFO [main] org.hibernate.cfg.Environment.<clinit> HHH000206: hibernate.properties not found
25-Nov-2025 22:40:02.227 INFO [main] org.hibernate.cfg.Environment.buildBytecodeProvider HHH000021: Bytecode provider name : javassist
25-Nov-2025 22:40:02.328 INFO [main] org.hibernate.annotations.common.reflection.java.JavaReflectionManager.<clinit> HCANN000001: Hibernate Commons Annotations {5.0.1.Final}
25-Nov-2025 22:40:02.663 INFO [main] com.mchange.v2.c3p0.impl.AbstractPoolBackedDataSource.getPoolManager Initializing c3p0 pool... com.mchange.v2.c3p0.ComboPooledDataSource [ acquireIncrement -> 3, acquireRetryAttempts -> 30, acquireRetryDelay -> 1000, autoCommitOnClose -> false, automaticTestTable -> null, breakAfterAcquireFailure -> false, checkoutTimeout -> 0, connectionCustomizerClassName -> null, connectionTesterClassName -> com.mchange.v2.c3p0.impl.DefaultConnectionTester, dataSourceName -> 1bqwpohbe1gdbg7ui4fxyn|2670435, debugUnreturnedConnectionStackTraces -> false, description -> null, driverClass -> com.mysql.cj.jdbc.Driver, factoryClassLocation -> null, forceIgnoreUnresolvedTransactions -> false, identityToken -> 1bqwpohbe1gdbg7ui4fxyn|2670435, idleConnectionTestPeriod -> 0, initialPoolSize -> 3, jdbcUrl -> jdbc:mysql://localhost:3307/productDB?useSSL=false&serverTimezone=UTC, maxAdministrativeTaskTime -> 0, maxConnectionAge -> 0, maxIdleTime -> 30000, maxIdleTimeExcessConnections -> 0, maxPoolSize -> 20, maxStatements -> 0, maxStatementsPerConnection -> 0, minPoolSize -> 5, numHelperThreads -> 3, preferredTestQuery -> null, properties -> {user=******, password=******}, propertyCycle -> 0, statementCacheNumDeferredCloseThreads -> 0, testConnectionOnCheckin -> false, testConnectionOnCheckout -> false, unreturnedConnectionTimeout -> 0, userOverrides -> {}, usesTraditionalReflectiveProxies -> false ]
25-Nov-2025 22:40:03.346 INFO [main] org.hibernate.dialect.Dialect.<init> HHH000400: Using dialect: org.hibernate.dialect.MySQLDialect
25-Nov-2025 22:40:03.479 INFO [main] org.hibernate.engine.jdbc.env.internal.LobCreatorBuilderImpl.useContextualLobCreation HHH000424: Disabling contextual LOB creation as createClob() method threw error : java.lang.reflect.InvocationTargetException
25-Nov-2025 22:40:08.270 INFO [main] org.apache.catalina.startup.HostConfig.deployDescriptor Deployment of deployment descriptor [F:\MyDownloas\Session18-task\conf\Catalina\localhost\ROOT.xml] has finished in [15,304] ms
25-Nov-2025 22:40:08.278 INFO [main] org.apache.coyote.AbstractProtocol.start Starting ProtocolHandler ["http-nio-8080"]
25-Nov-2025 22:40:08.309 INFO [main] org.apache.catalina.startup.Catalina.start Server startup in [15450] milliseconds
25-Nov-2025 22:43:03.044 INFO [Thread-6] org.apache.coyote.AbstractProtocol.pause Pausing ProtocolHandler ["http-nio-8080"]
25-Nov-2025 22:43:03.574 INFO [Thread-6] org.apache.catalina.core.StandardService.stopInternal Stopping service [Catalina]
25-Nov-2025 22:43:03.653 WARNING [Thread-6] org.apache.catalina.loader.WebappClassLoaderBase.clearReferencesJdbc The web application [ROOT] registered the JDBC driver [com.mysql.cj.jdbc.Driver] but failed to unregister it when the web application was stopped. To prevent a memory leak, the JDBC Driver has been forcibly unregistered.
25-Nov-2025 22:43:03.654 WARNING [Thread-6] org.apache.catalina.loader.WebappClassLoaderBase.clearReferencesThreads The web application [ROOT] appears to have started a thread named [mysql-cj-abandoned-connection-cleanup] but has failed to stop it. This is very likely to create a memory leak. Stack trace of thread:
 java.lang.Object.wait(Native Method)
 java.lang.ref.ReferenceQueue.remove(ReferenceQueue.java:144)
 com.mysql.cj.jdbc.AbandonedConnectionCleanupThread.run(AbandonedConnectionCleanupThread.java:91)
 java.util.concurrent.ThreadPoolExecutor.runWorker(ThreadPoolExecutor.java:1149)
 java.util.concurrent.ThreadPoolExecutor$Worker.run(ThreadPoolExecutor.java:624)
 java.lang.Thread.run(Thread.java:750)
25-Nov-2025 22:43:03.668 INFO [Thread-6] org.apache.coyote.AbstractProtocol.stop Stopping ProtocolHandler ["http-nio-8080"]
25-Nov-2025 22:43:03.683 INFO [Thread-6] org.apache.coyote.AbstractProtocol.destroy Destroying ProtocolHandler ["http-nio-8080"]
25-Nov-2025 22:43:18.134 INFO [main] org.apache.catalina.startup.VersionLoggerListener.log Server version name:   Apache Tomcat/9.0.109
25-Nov-2025 22:43:18.139 INFO [main] org.apache.catalina.startup.VersionLoggerListener.log Server built:          Sep 1 2025 12:15:33 UTC
25-Nov-2025 22:43:18.139 INFO [main] org.apache.catalina.startup.VersionLoggerListener.log Server version number: 9.0.109.0
25-Nov-2025 22:43:18.139 INFO [main] org.apache.catalina.startup.VersionLoggerListener.log OS Name:               Windows 10
25-Nov-2025 22:43:18.140 INFO [main] org.apache.catalina.startup.VersionLoggerListener.log OS Version:            10.0
25-Nov-2025 22:43:18.140 INFO [main] org.apache.catalina.startup.VersionLoggerListener.log Architecture:          amd64
25-Nov-2025 22:43:18.140 INFO [main] org.apache.catalina.startup.VersionLoggerListener.log Java Home:             C:\Users\NanoChip\.jdks\corretto-1.8.0_462\jre
25-Nov-2025 22:43:18.140 INFO [main] org.apache.catalina.startup.VersionLoggerListener.log JVM Version:           1.8.0_462-b08
25-Nov-2025 22:43:18.140 INFO [main] org.apache.catalina.startup.VersionLoggerListener.log JVM Vendor:            Amazon.com Inc.
25-Nov-2025 22:43:18.140 INFO [main] org.apache.catalina.startup.VersionLoggerListener.log CATALINA_BASE:         F:\MyDownloas\Session18-task
25-Nov-2025 22:43:18.140 INFO [main] org.apache.catalina.startup.VersionLoggerListener.log CATALINA_HOME:         D:\apache-tomcat-9.0.109
25-Nov-2025 22:43:18.142 INFO [main] org.apache.catalina.startup.VersionLoggerListener.log Command line argument: -Dcatalina.home=D:\apache-tomcat-9.0.109
25-Nov-2025 22:43:18.143 INFO [main] org.apache.catalina.startup.VersionLoggerListener.log Command line argument: -Dcatalina.base=F:\MyDownloas\Session18-task
25-Nov-2025 22:43:18.143 INFO [main] org.apache.catalina.startup.VersionLoggerListener.log Command line argument: -Djava.io.tmpdir=F:\MyDownloas\Session18-task\temp
25-Nov-2025 22:43:18.143 INFO [main] org.apache.catalina.startup.VersionLoggerListener.log Command line argument: -Djava.util.logging.config.file=F:\MyDownloas\Session18-task\conf\logging.properties
25-Nov-2025 22:43:18.143 INFO [main] org.apache.catalina.startup.VersionLoggerListener.log Command line argument: -Djava.util.logging.manager=org.apache.juli.ClassLoaderLogManager
25-Nov-2025 22:43:18.143 INFO [main] org.apache.catalina.startup.VersionLoggerListener.log Command line argument: -javaagent:C:\Users\NanoChip\AppData\Local\Programs\IntelliJ IDEA Ultimate\lib\idea_rt.jar=49277
25-Nov-2025 22:43:18.144 INFO [main] org.apache.catalina.startup.VersionLoggerListener.log Command line argument: -Dfile.encoding=UTF-8
25-Nov-2025 22:43:18.169 INFO [main] org.apache.catalina.core.AprLifecycleListener.lifecycleEvent The Apache Tomcat Native library which allows using OpenSSL was not found on the java.library.path: [C:\Users\NanoChip\.jdks\corretto-1.8.0_462\bin;C:\Windows\Sun\Java\bin;C:\Windows\system32;C:\Windows;C:\Program Files\Common Files\Oracle\Java\javapath;C:\Windows;C:\Windows\System32\Wbem;C:\Windows\System32\WindowsPowerShell\v1.0\;C:\Program Files\apache-maven-3.9.8\bin;C:\Windows\System32\OpenSSH\;C:\Program Files\Git\cmd;C:\Program Files\MySQL\MySQL Server 8.0\bin;c:\flutter\bin;C:\Users\NanoChip\AppData\Local\Android\Sdk\platform-tools;C:\Users\NanoChip\AppData\Local\Android\Sdk\emulator;C:\Program Files (x86)\Windows Kits\10\Windows Performance Toolkit\;C:\Windows\System32;C:\Windows;D:\Gradle\gradle-8.0\bin;C:\MinGW\bin;C:\Users\NanoChip\AppData\Local\Programs\Python\Python311\;C:\Users\NanoChip\AppData\Local\Programs\Python\Python311\Scripts\;C:\Program Files\apache-maven-3.9.8\bin;C:\Program Files\Java\jdk-17\bin;;C:\Program Files\Docker\Docker\resources\bin;C:\Program Files\MySQL\MySQL Shell 8.0\bin\;C:\src\flutter\bin;C:\dart\bin;C:\Users\NanoChip\AppData\Local\Android\Sdk\emulator;C:\Program Files\Git\cmd;C:\Users\NanoChip\AppData\Local\Programs\Microsoft VS Code\bin;C:\Program Files\Java\jdk-17\bin;C:\Users\NanoChip\AppData\Local\Programs\Ollama;C:\Users\NanoChip\AppData\Local\Programs\Python\Python311\;C:\Users\NanoChip\AppData\Local\Programs\Python\Python311\Scripts\;C:\Users\NanoChip\AppData\Local\JetBrains\Toolbox\scripts;;.]
25-Nov-2025 22:43:19.000 INFO [main] org.apache.coyote.AbstractProtocol.init Initializing ProtocolHandler ["http-nio-8080"]
25-Nov-2025 22:43:19.084 INFO [main] org.apache.catalina.startup.Catalina.load Server initialization in [1359] milliseconds
25-Nov-2025 22:43:19.151 INFO [main] org.apache.catalina.core.StandardService.startInternal Starting service [Catalina]
25-Nov-2025 22:43:19.151 INFO [main] org.apache.catalina.core.StandardEngine.startInternal Starting Servlet engine: [Apache Tomcat/9.0.109]
25-Nov-2025 22:43:19.168 INFO [main] org.apache.catalina.startup.HostConfig.deployDescriptor Deploying deployment descriptor [F:\MyDownloas\Session18-task\conf\Catalina\localhost\ROOT.xml]
25-Nov-2025 22:43:19.312 WARNING [main] org.apache.catalina.webresources.DirResourceSet.initInternal Disabled the global canonical file name cache to protect against CVE-2024-56337 when starting the WebResourceSet at [F:\MyDownloas\Session18-task\target\classes] which is part of the web application []
25-Nov-2025 22:43:27.900 INFO [main] org.apache.jasper.servlet.TldScanner.scanJars At least one JAR was scanned for TLDs yet contained no TLDs. Enable debug logging for this logger for a complete list of JARs that were scanned but no TLDs were found in them. Skipping unneeded JARs during scanning can improve startup time and JSP compilation time.
25-Nov-2025 22:43:28.352 WARNING [main] org.apache.catalina.util.SessionIdGeneratorBase.createSecureRandom Creation of SecureRandom instance for session ID generation using [SHA1PRNG] took [360] milliseconds.
25-Nov-2025 22:43:30.779 INFO [main] com.mchange.v2.log.MLog.<clinit> MLog clients using java 1.4+ standard logging.
25-Nov-2025 22:43:30.878 INFO [main] com.mchange.v2.c3p0.C3P0Registry.banner Initializing c3p0-0.9.2.1 [built 20-March-2013 10:47:27 +0000; debug? true; trace: 10]
25-Nov-2025 22:43:31.367 INFO [main] org.hibernate.Version.logVersion HHH000412: Hibernate Core {5.2.2.Final}
25-Nov-2025 22:43:31.371 INFO [main] org.hibernate.cfg.Environment.<clinit> HHH000206: hibernate.properties not found
25-Nov-2025 22:43:31.373 INFO [main] org.hibernate.cfg.Environment.buildBytecodeProvider HHH000021: Bytecode provider name : javassist
25-Nov-2025 22:43:31.485 INFO [main] org.hibernate.annotations.common.reflection.java.JavaReflectionManager.<clinit> HCANN000001: Hibernate Commons Annotations {5.0.1.Final}
25-Nov-2025 22:43:31.815 INFO [main] com.mchange.v2.c3p0.impl.AbstractPoolBackedDataSource.getPoolManager Initializing c3p0 pool... com.mchange.v2.c3p0.ComboPooledDataSource [ acquireIncrement -> 3, acquireRetryAttempts -> 30, acquireRetryDelay -> 1000, autoCommitOnClose -> false, automaticTestTable -> null, breakAfterAcquireFailure -> false, checkoutTimeout -> 0, connectionCustomizerClassName -> null, connectionTesterClassName -> com.mchange.v2.c3p0.impl.DefaultConnectionTester, dataSourceName -> 1bqwpohbe1gdfxkdakhmha|2670435, debugUnreturnedConnectionStackTraces -> false, description -> null, driverClass -> com.mysql.cj.jdbc.Driver, factoryClassLocation -> null, forceIgnoreUnresolvedTransactions -> false, identityToken -> 1bqwpohbe1gdfxkdakhmha|2670435, idleConnectionTestPeriod -> 0, initialPoolSize -> 3, jdbcUrl -> jdbc:mysql://localhost:3307/productDB?useSSL=false&serverTimezone=UTC, maxAdministrativeTaskTime -> 0, maxConnectionAge -> 0, maxIdleTime -> 30000, maxIdleTimeExcessConnections -> 0, maxPoolSize -> 20, maxStatements -> 0, maxStatementsPerConnection -> 0, minPoolSize -> 5, numHelperThreads -> 3, preferredTestQuery -> null, properties -> {user=******, password=******}, propertyCycle -> 0, statementCacheNumDeferredCloseThreads -> 0, testConnectionOnCheckin -> false, testConnectionOnCheckout -> false, unreturnedConnectionTimeout -> 0, userOverrides -> {}, usesTraditionalReflectiveProxies -> false ]
25-Nov-2025 22:43:32.468 INFO [main] org.hibernate.dialect.Dialect.<init> HHH000400: Using dialect: org.hibernate.dialect.MySQLDialect
25-Nov-2025 22:43:32.627 INFO [main] org.hibernate.engine.jdbc.env.internal.LobCreatorBuilderImpl.useContextualLobCreation HHH000424: Disabling contextual LOB creation as createClob() method threw error : java.lang.reflect.InvocationTargetException
25-Nov-2025 22:43:37.350 INFO [main] org.apache.catalina.startup.HostConfig.deployDescriptor Deployment of deployment descriptor [F:\MyDownloas\Session18-task\conf\Catalina\localhost\ROOT.xml] has finished in [18,181] ms
25-Nov-2025 22:43:37.359 INFO [main] org.apache.coyote.AbstractProtocol.start Starting ProtocolHandler ["http-nio-8080"]
25-Nov-2025 22:43:37.409 INFO [main] org.apache.catalina.startup.Catalina.start Server startup in [18322] milliseconds
25-Nov-2025 23:09:16.675 INFO [Thread-6] org.apache.coyote.AbstractProtocol.pause Pausing ProtocolHandler ["http-nio-8080"]
25-Nov-2025 23:09:17.371 INFO [Thread-6] org.apache.catalina.core.StandardService.stopInternal Stopping service [Catalina]
25-Nov-2025 23:09:18.538 WARNING [Thread-6] org.apache.catalina.loader.WebappClassLoaderBase.clearReferencesJdbc The web application [ROOT] registered the JDBC driver [com.mysql.cj.jdbc.Driver] but failed to unregister it when the web application was stopped. To prevent a memory leak, the JDBC Driver has been forcibly unregistered.
25-Nov-2025 23:09:18.565 WARNING [Thread-6] org.apache.catalina.loader.WebappClassLoaderBase.clearReferencesThreads The web application [ROOT] appears to have started a thread named [mysql-cj-abandoned-connection-cleanup] but has failed to stop it. This is very likely to create a memory leak. Stack trace of thread:
 java.lang.Object.wait(Native Method)
 java.lang.ref.ReferenceQueue.remove(ReferenceQueue.java:144)
 com.mysql.cj.jdbc.AbandonedConnectionCleanupThread.run(AbandonedConnectionCleanupThread.java:91)
 java.util.concurrent.ThreadPoolExecutor.runWorker(ThreadPoolExecutor.java:1149)
 java.util.concurrent.ThreadPoolExecutor$Worker.run(ThreadPoolExecutor.java:624)
 java.lang.Thread.run(Thread.java:750)
25-Nov-2025 23:09:18.590 WARNING [Thread-6] org.apache.catalina.loader.WebappClassLoaderBase.clearReferencesThreads The web application [ROOT] appears to have started a thread named [Resource Destroyer in BasicResourcePool.close()] but has failed to stop it. This is very likely to create a memory leak. Stack trace of thread:
 java.lang.ClassLoader.findLoadedClass0(Native Method)
 java.lang.ClassLoader.findLoadedClass(ClassLoader.java:1031)
 org.apache.catalina.loader.WebappClassLoaderBase.loadClass(WebappClassLoaderBase.java:1211)
 org.apache.catalina.loader.WebappClassLoaderBase.loadClass(WebappClassLoaderBase.java:1163)
 com.mysql.cj.protocol.a.NativeProtocol.quit(NativeProtocol.java:1317)
 com.mysql.cj.NativeSession.quit(NativeSession.java:150)
 com.mysql.cj.jdbc.ConnectionImpl.realClose(ConnectionImpl.java:1695)
 com.mysql.cj.jdbc.ConnectionImpl.close(ConnectionImpl.java:710)
 com.mchange.v2.c3p0.impl.NewPooledConnection.close(NewPooledConnection.java:629)
 com.mchange.v2.c3p0.impl.NewPooledConnection.closeMaybeCheckedOut(NewPooledConnection.java:259)
 com.mchange.v2.c3p0.impl.C3P0PooledConnectionPool$1PooledConnectionResourcePoolManager.destroyResource(C3P0PooledConnectionPool.java:619)
 com.mchange.v2.resourcepool.BasicResourcePool$1DestroyResourceTask.run(BasicResourcePool.java:1024)
 com.mchange.v2.resourcepool.BasicResourcePool.destroyResource(BasicResourcePool.java:1049)
 com.mchange.v2.resourcepool.BasicResourcePool.destroyResource(BasicResourcePool.java:1010)
 com.mchange.v2.resourcepool.BasicResourcePool.access$100(BasicResourcePool.java:44)
 com.mchange.v2.resourcepool.BasicResourcePool$5.run(BasicResourcePool.java:1260)
25-Nov-2025 23:09:20.378 INFO [mysql-cj-abandoned-connection-cleanup] org.apache.catalina.loader.WebappClassLoaderBase.checkStateForResourceLoading Illegal access: this web application instance has been stopped already. Could not load []. The following stack trace is thrown for debugging purposes as well as to attempt to terminate the thread which caused the illegal access.
	java.lang.IllegalStateException: Illegal access: this web application instance has been stopped already. Could not load []. The following stack trace is thrown for debugging purposes as well as to attempt to terminate the thread which caused the illegal access.
		at org.apache.catalina.loader.WebappClassLoaderBase.checkStateForResourceLoading(WebappClassLoaderBase.java:1373)
		at org.apache.catalina.loader.WebappClassLoaderBase.getResource(WebappClassLoaderBase.java:997)
		at com.mysql.cj.jdbc.AbandonedConnectionCleanupThread.checkThreadContextClassLoader(AbandonedConnectionCleanupThread.java:123)
		at com.mysql.cj.jdbc.AbandonedConnectionCleanupThread.run(AbandonedConnectionCleanupThread.java:90)
		at java.util.concurrent.ThreadPoolExecutor.runWorker(ThreadPoolExecutor.java:1149)
		at java.util.concurrent.ThreadPoolExecutor$Worker.run(ThreadPoolExecutor.java:624)
		at java.lang.Thread.run(Thread.java:750)
25-Nov-2025 23:09:31.966 INFO [Thread-6] org.apache.coyote.AbstractProtocol.stop Stopping ProtocolHandler ["http-nio-8080"]
25-Nov-2025 23:09:32.044 INFO [Thread-6] org.apache.coyote.AbstractProtocol.destroy Destroying ProtocolHandler ["http-nio-8080"]
25-Nov-2025 23:09:51.204 INFO [main] org.apache.catalina.startup.VersionLoggerListener.log Server version name:   Apache Tomcat/9.0.109
25-Nov-2025 23:09:51.210 INFO [main] org.apache.catalina.startup.VersionLoggerListener.log Server built:          Sep 1 2025 12:15:33 UTC
25-Nov-2025 23:09:51.210 INFO [main] org.apache.catalina.startup.VersionLoggerListener.log Server version number: 9.0.109.0
25-Nov-2025 23:09:51.211 INFO [main] org.apache.catalina.startup.VersionLoggerListener.log OS Name:               Windows 10
25-Nov-2025 23:09:51.211 INFO [main] org.apache.catalina.startup.VersionLoggerListener.log OS Version:            10.0
25-Nov-2025 23:09:51.211 INFO [main] org.apache.catalina.startup.VersionLoggerListener.log Architecture:          amd64
25-Nov-2025 23:09:51.212 INFO [main] org.apache.catalina.startup.VersionLoggerListener.log Java Home:             C:\Users\NanoChip\.jdks\corretto-1.8.0_462\jre
25-Nov-2025 23:09:51.212 INFO [main] org.apache.catalina.startup.VersionLoggerListener.log JVM Version:           1.8.0_462-b08
25-Nov-2025 23:09:51.212 INFO [main] org.apache.catalina.startup.VersionLoggerListener.log JVM Vendor:            Amazon.com Inc.
25-Nov-2025 23:09:51.212 INFO [main] org.apache.catalina.startup.VersionLoggerListener.log CATALINA_BASE:         F:\MyDownloas\Session18-task
25-Nov-2025 23:09:51.212 INFO [main] org.apache.catalina.startup.VersionLoggerListener.log CATALINA_HOME:         D:\apache-tomcat-9.0.109
25-Nov-2025 23:09:51.213 INFO [main] org.apache.catalina.startup.VersionLoggerListener.log Command line argument: -Dcatalina.home=D:\apache-tomcat-9.0.109
25-Nov-2025 23:09:51.214 INFO [main] org.apache.catalina.startup.VersionLoggerListener.log Command line argument: -Dcatalina.base=F:\MyDownloas\Session18-task
25-Nov-2025 23:09:51.214 INFO [main] org.apache.catalina.startup.VersionLoggerListener.log Command line argument: -Djava.io.tmpdir=F:\MyDownloas\Session18-task\temp
25-Nov-2025 23:09:51.214 INFO [main] org.apache.catalina.startup.VersionLoggerListener.log Command line argument: -Djava.util.logging.config.file=F:\MyDownloas\Session18-task\conf\logging.properties
25-Nov-2025 23:09:51.214 INFO [main] org.apache.catalina.startup.VersionLoggerListener.log Command line argument: -Djava.util.logging.manager=org.apache.juli.ClassLoaderLogManager
25-Nov-2025 23:09:51.214 INFO [main] org.apache.catalina.startup.VersionLoggerListener.log Command line argument: -javaagent:C:\Users\NanoChip\AppData\Local\Programs\IntelliJ IDEA Ultimate\lib\idea_rt.jar=50965
25-Nov-2025 23:09:51.215 INFO [main] org.apache.catalina.startup.VersionLoggerListener.log Command line argument: -Dfile.encoding=UTF-8
25-Nov-2025 23:09:51.242 INFO [main] org.apache.catalina.core.AprLifecycleListener.lifecycleEvent The Apache Tomcat Native library which allows using OpenSSL was not found on the java.library.path: [C:\Users\NanoChip\.jdks\corretto-1.8.0_462\bin;C:\Windows\Sun\Java\bin;C:\Windows\system32;C:\Windows;C:\Program Files\Common Files\Oracle\Java\javapath;C:\Windows;C:\Windows\System32\Wbem;C:\Windows\System32\WindowsPowerShell\v1.0\;C:\Program Files\apache-maven-3.9.8\bin;C:\Windows\System32\OpenSSH\;C:\Program Files\Git\cmd;C:\Program Files\MySQL\MySQL Server 8.0\bin;c:\flutter\bin;C:\Users\NanoChip\AppData\Local\Android\Sdk\platform-tools;C:\Users\NanoChip\AppData\Local\Android\Sdk\emulator;C:\Program Files (x86)\Windows Kits\10\Windows Performance Toolkit\;C:\Windows\System32;C:\Windows;D:\Gradle\gradle-8.0\bin;C:\MinGW\bin;C:\Users\NanoChip\AppData\Local\Programs\Python\Python311\;C:\Users\NanoChip\AppData\Local\Programs\Python\Python311\Scripts\;C:\Program Files\apache-maven-3.9.8\bin;C:\Program Files\Java\jdk-17\bin;;C:\Program Files\Docker\Docker\resources\bin;C:\Program Files\MySQL\MySQL Shell 8.0\bin\;C:\src\flutter\bin;C:\dart\bin;C:\Users\NanoChip\AppData\Local\Android\Sdk\emulator;C:\Program Files\Git\cmd;C:\Users\NanoChip\AppData\Local\Programs\Microsoft VS Code\bin;C:\Program Files\Java\jdk-17\bin;C:\Users\NanoChip\AppData\Local\Programs\Ollama;C:\Users\NanoChip\AppData\Local\Programs\Python\Python311\;C:\Users\NanoChip\AppData\Local\Programs\Python\Python311\Scripts\;C:\Users\NanoChip\AppData\Local\JetBrains\Toolbox\scripts;;.]
25-Nov-2025 23:09:51.923 INFO [main] org.apache.coyote.AbstractProtocol.init Initializing ProtocolHandler ["http-nio-8080"]
25-Nov-2025 23:09:51.971 INFO [main] org.apache.catalina.startup.Catalina.load Server initialization in [1580] milliseconds
25-Nov-2025 23:09:52.151 INFO [main] org.apache.catalina.core.StandardService.startInternal Starting service [Catalina]
25-Nov-2025 23:09:52.151 INFO [main] org.apache.catalina.core.StandardEngine.startInternal Starting Servlet engine: [Apache Tomcat/9.0.109]
25-Nov-2025 23:09:52.185 INFO [main] org.apache.catalina.startup.HostConfig.deployDescriptor Deploying deployment descriptor [F:\MyDownloas\Session18-task\conf\Catalina\localhost\ROOT.xml]
25-Nov-2025 23:09:52.465 WARNING [main] org.apache.catalina.webresources.DirResourceSet.initInternal Disabled the global canonical file name cache to protect against CVE-2024-56337 when starting the WebResourceSet at [F:\MyDownloas\Session18-task\target\classes] which is part of the web application []
25-Nov-2025 23:09:58.416 INFO [main] org.apache.jasper.servlet.TldScanner.scanJars At least one JAR was scanned for TLDs yet contained no TLDs. Enable debug logging for this logger for a complete list of JARs that were scanned but no TLDs were found in them. Skipping unneeded JARs during scanning can improve startup time and JSP compilation time.
25-Nov-2025 23:09:58.892 WARNING [main] org.apache.catalina.util.SessionIdGeneratorBase.createSecureRandom Creation of SecureRandom instance for session ID generation using [SHA1PRNG] took [381] milliseconds.
25-Nov-2025 23:10:01.448 INFO [main] com.mchange.v2.log.MLog.<clinit> MLog clients using java 1.4+ standard logging.
25-Nov-2025 23:10:01.553 INFO [main] com.mchange.v2.c3p0.C3P0Registry.banner Initializing c3p0-0.9.2.1 [built 20-March-2013 10:47:27 +0000; debug? true; trace: 10]
25-Nov-2025 23:10:02.065 INFO [main] org.hibernate.Version.logVersion HHH000412: Hibernate Core {5.2.2.Final}
25-Nov-2025 23:10:02.068 INFO [main] org.hibernate.cfg.Environment.<clinit> HHH000206: hibernate.properties not found
25-Nov-2025 23:10:02.071 INFO [main] org.hibernate.cfg.Environment.buildBytecodeProvider HHH000021: Bytecode provider name : javassist
25-Nov-2025 23:10:02.181 INFO [main] org.hibernate.annotations.common.reflection.java.JavaReflectionManager.<clinit> HCANN000001: Hibernate Commons Annotations {5.0.1.Final}
25-Nov-2025 23:10:02.506 INFO [main] com.mchange.v2.c3p0.impl.AbstractPoolBackedDataSource.getPoolManager Initializing c3p0 pool... com.mchange.v2.c3p0.ComboPooledDataSource [ acquireIncrement -> 3, acquireRetryAttempts -> 30, acquireRetryDelay -> 1000, autoCommitOnClose -> false, automaticTestTable -> null, breakAfterAcquireFailure -> false, checkoutTimeout -> 0, connectionCustomizerClassName -> null, connectionTesterClassName -> com.mchange.v2.c3p0.impl.DefaultConnectionTester, dataSourceName -> 1bqwpohbe1gee0xt1oafio3|2670435, debugUnreturnedConnectionStackTraces -> false, description -> null, driverClass -> com.mysql.cj.jdbc.Driver, factoryClassLocation -> null, forceIgnoreUnresolvedTransactions -> false, identityToken -> 1bqwpohbe1gee0xt1oafio3|2670435, idleConnectionTestPeriod -> 0, initialPoolSize -> 3, jdbcUrl -> jdbc:mysql://localhost:3307/productDB?useSSL=false&serverTimezone=UTC, maxAdministrativeTaskTime -> 0, maxConnectionAge -> 0, maxIdleTime -> 30000, maxIdleTimeExcessConnections -> 0, maxPoolSize -> 20, maxStatements -> 0, maxStatementsPerConnection -> 0, minPoolSize -> 5, numHelperThreads -> 3, preferredTestQuery -> null, properties -> {user=******, password=******}, propertyCycle -> 0, statementCacheNumDeferredCloseThreads -> 0, testConnectionOnCheckin -> false, testConnectionOnCheckout -> false, unreturnedConnectionTimeout -> 0, userOverrides -> {}, usesTraditionalReflectiveProxies -> false ]
25-Nov-2025 23:10:04.009 INFO [main] org.hibernate.dialect.Dialect.<init> HHH000400: Using dialect: org.hibernate.dialect.MySQLDialect
25-Nov-2025 23:10:04.140 INFO [main] org.hibernate.engine.jdbc.env.internal.LobCreatorBuilderImpl.useContextualLobCreation HHH000424: Disabling contextual LOB creation as createClob() method threw error : java.lang.reflect.InvocationTargetException
25-Nov-2025 23:10:10.042 INFO [main] org.apache.catalina.startup.HostConfig.deployDescriptor Deployment of deployment descriptor [F:\MyDownloas\Session18-task\conf\Catalina\localhost\ROOT.xml] has finished in [17,856] ms
25-Nov-2025 23:10:10.047 INFO [main] org.apache.coyote.AbstractProtocol.start Starting ProtocolHandler ["http-nio-8080"]
25-Nov-2025 23:10:10.127 INFO [main] org.apache.catalina.startup.Catalina.start Server startup in [18154] milliseconds
25-Nov-2025 23:18:57.227 INFO [Thread-6] org.apache.coyote.AbstractProtocol.pause Pausing ProtocolHandler ["http-nio-8080"]
25-Nov-2025 23:18:57.780 INFO [Thread-6] org.apache.catalina.core.StandardService.stopInternal Stopping service [Catalina]
25-Nov-2025 23:18:57.846 WARNING [Thread-6] org.apache.catalina.loader.WebappClassLoaderBase.clearReferencesJdbc The web application [ROOT] registered the JDBC driver [com.mysql.cj.jdbc.Driver] but failed to unregister it when the web application was stopped. To prevent a memory leak, the JDBC Driver has been forcibly unregistered.
25-Nov-2025 23:18:57.847 WARNING [Thread-6] org.apache.catalina.loader.WebappClassLoaderBase.clearReferencesThreads The web application [ROOT] appears to have started a thread named [mysql-cj-abandoned-connection-cleanup] but has failed to stop it. This is very likely to create a memory leak. Stack trace of thread:
 java.lang.Object.wait(Native Method)
 java.lang.ref.ReferenceQueue.remove(ReferenceQueue.java:144)
 com.mysql.cj.jdbc.AbandonedConnectionCleanupThread.run(AbandonedConnectionCleanupThread.java:91)
 java.util.concurrent.ThreadPoolExecutor.runWorker(ThreadPoolExecutor.java:1149)
 java.util.concurrent.ThreadPoolExecutor$Worker.run(ThreadPoolExecutor.java:624)
 java.lang.Thread.run(Thread.java:750)
25-Nov-2025 23:18:57.849 WARNING [Thread-6] org.apache.catalina.loader.WebappClassLoaderBase.clearReferencesThreads The web application [ROOT] appears to have started a thread named [Resource Destroyer in BasicResourcePool.close()] but has failed to stop it. This is very likely to create a memory leak. Stack trace of thread:
 java.util.zip.ZipFile.open(Native Method)
 java.util.zip.ZipFile.<init>(ZipFile.java:231)
 java.util.zip.ZipFile.<init>(ZipFile.java:157)
 java.util.jar.JarFile.<init>(JarFile.java:169)
 java.util.jar.JarFile.<init>(JarFile.java:133)
 org.apache.tomcat.util.compat.JreCompat.jarFileNewInstance(JreCompat.java:316)
 org.apache.tomcat.util.compat.JreCompat.jarFileNewInstance(JreCompat.java:302)
 org.apache.catalina.webresources.AbstractArchiveResourceSet.openJarFile(AbstractArchiveResourceSet.java:324)
 org.apache.catalina.webresources.AbstractSingleArchiveResourceSet.getArchiveEntry(AbstractSingleArchiveResourceSet.java:96)
 org.apache.catalina.webresources.AbstractArchiveResourceSet.getResource(AbstractArchiveResourceSet.java:255)
 org.apache.catalina.webresources.StandardRoot.getResourceInternal(StandardRoot.java:273)
 org.apache.catalina.webresources.Cache.getResource(Cache.java:64)
 org.apache.catalina.webresources.StandardRoot.getResource(StandardRoot.java:212)
 org.apache.catalina.webresources.StandardRoot.getClassLoaderResource(StandardRoot.java:221)
 org.apache.catalina.loader.WebappClassLoaderBase.findClassInternal(WebappClassLoaderBase.java:2224)
 org.apache.catalina.loader.WebappClassLoaderBase.findClassInternal(WebappClassLoaderBase.java:2215)
 org.apache.catalina.loader.WebappClassLoaderBase.findClass(WebappClassLoaderBase.java:824)
 org.apache.catalina.loader.WebappClassLoaderBase.loadClass(WebappClassLoaderBase.java:1315)
 org.apache.catalina.loader.WebappClassLoaderBase.loadClass(WebappClassLoaderBase.java:1163)
 com.mchange.v2.resourcepool.BasicResourcePool.destroyResource(BasicResourcePool.java:1040)
 com.mchange.v2.resourcepool.BasicResourcePool.destroyResource(BasicResourcePool.java:1010)
 com.mchange.v2.resourcepool.BasicResourcePool.access$100(BasicResourcePool.java:44)
 com.mchange.v2.resourcepool.BasicResourcePool$5.run(BasicResourcePool.java:1260)
25-Nov-2025 23:18:57.878 INFO [Resource Destroyer in BasicResourcePool.close()] org.apache.catalina.loader.WebappClassLoaderBase.checkStateForResourceLoading Illegal access: this web application instance has been stopped already. Could not load [com.mysql.cj.protocol.ExportControlled]. The following stack trace is thrown for debugging purposes as well as to attempt to terminate the thread which caused the illegal access.
	java.lang.IllegalStateException: Illegal access: this web application instance has been stopped already. Could not load [com.mysql.cj.protocol.ExportControlled]. The following stack trace is thrown for debugging purposes as well as to attempt to terminate the thread which caused the illegal access.
		at org.apache.catalina.loader.WebappClassLoaderBase.checkStateForResourceLoading(WebappClassLoaderBase.java:1373)
		at org.apache.catalina.loader.WebappClassLoaderBase.checkStateForClassLoading(WebappClassLoaderBase.java:1362)
		at org.apache.catalina.loader.WebappClassLoaderBase.loadClass(WebappClassLoaderBase.java:1196)
		at org.apache.catalina.loader.WebappClassLoaderBase.loadClass(WebappClassLoaderBase.java:1163)
		at com.mysql.cj.protocol.a.NativeProtocol.quit(NativeProtocol.java:1317)
		at com.mysql.cj.NativeSession.quit(NativeSession.java:150)
		at com.mysql.cj.jdbc.ConnectionImpl.realClose(ConnectionImpl.java:1695)
		at com.mysql.cj.jdbc.ConnectionImpl.close(ConnectionImpl.java:710)
		at com.mchange.v2.c3p0.impl.NewPooledConnection.close(NewPooledConnection.java:629)
		at com.mchange.v2.c3p0.impl.NewPooledConnection.closeMaybeCheckedOut(NewPooledConnection.java:259)
		at com.mchange.v2.c3p0.impl.C3P0PooledConnectionPool$1PooledConnectionResourcePoolManager.destroyResource(C3P0PooledConnectionPool.java:619)
		at com.mchange.v2.resourcepool.BasicResourcePool$1DestroyResourceTask.run(BasicResourcePool.java:1024)
		at com.mchange.v2.resourcepool.BasicResourcePool.destroyResource(BasicResourcePool.java:1049)
		at com.mchange.v2.resourcepool.BasicResourcePool.destroyResource(BasicResourcePool.java:1010)
		at com.mchange.v2.resourcepool.BasicResourcePool.access$100(BasicResourcePool.java:44)
		at com.mchange.v2.resourcepool.BasicResourcePool$5.run(BasicResourcePool.java:1260)
25-Nov-2025 23:18:57.881 INFO [Resource Destroyer in BasicResourcePool.close()] org.apache.catalina.loader.WebappClassLoaderBase.checkStateForResourceLoading Illegal access: this web application instance has been stopped already. Could not load [com.mysql.cj.protocol.ExportControlled]. The following stack trace is thrown for debugging purposes as well as to attempt to terminate the thread which caused the illegal access.
	java.lang.IllegalStateException: Illegal access: this web application instance has been stopped already. Could not load [com.mysql.cj.protocol.ExportControlled]. The following stack trace is thrown for debugging purposes as well as to attempt to terminate the thread which caused the illegal access.
		at org.apache.catalina.loader.WebappClassLoaderBase.checkStateForResourceLoading(WebappClassLoaderBase.java:1373)
		at org.apache.catalina.loader.WebappClassLoaderBase.checkStateForClassLoading(WebappClassLoaderBase.java:1362)
		at org.apache.catalina.loader.WebappClassLoaderBase.loadClass(WebappClassLoaderBase.java:1196)
		at org.apache.catalina.loader.WebappClassLoaderBase.loadClass(WebappClassLoaderBase.java:1163)
		at com.mysql.cj.protocol.NetworkResources.forceClose(NetworkResources.java:53)
		at com.mysql.cj.protocol.AbstractSocketConnection.forceClose(AbstractSocketConnection.java:104)
		at com.mysql.cj.protocol.a.NativeProtocol.quit(NativeProtocol.java:1335)
		at com.mysql.cj.NativeSession.quit(NativeSession.java:150)
		at com.mysql.cj.jdbc.ConnectionImpl.realClose(ConnectionImpl.java:1695)
		at com.mysql.cj.jdbc.ConnectionImpl.close(ConnectionImpl.java:710)
		at com.mchange.v2.c3p0.impl.NewPooledConnection.close(NewPooledConnection.java:629)
		at com.mchange.v2.c3p0.impl.NewPooledConnection.closeMaybeCheckedOut(NewPooledConnection.java:259)
		at com.mchange.v2.c3p0.impl.C3P0PooledConnectionPool$1PooledConnectionResourcePoolManager.destroyResource(C3P0PooledConnectionPool.java:619)
		at com.mchange.v2.resourcepool.BasicResourcePool$1DestroyResourceTask.run(BasicResourcePool.java:1024)
		at com.mchange.v2.resourcepool.BasicResourcePool.destroyResource(BasicResourcePool.java:1049)
		at com.mchange.v2.resourcepool.BasicResourcePool.destroyResource(BasicResourcePool.java:1010)
		at com.mchange.v2.resourcepool.BasicResourcePool.access$100(BasicResourcePool.java:44)
		at com.mchange.v2.resourcepool.BasicResourcePool$5.run(BasicResourcePool.java:1260)
25-Nov-2025 23:18:57.927 INFO [Thread-6] org.apache.coyote.AbstractProtocol.stop Stopping ProtocolHandler ["http-nio-8080"]
25-Nov-2025 23:18:57.937 INFO [Thread-6] org.apache.coyote.AbstractProtocol.destroy Destroying ProtocolHandler ["http-nio-8080"]
25-Nov-2025 23:19:15.144 INFO [main] org.apache.catalina.startup.VersionLoggerListener.log Server version name:   Apache Tomcat/9.0.109
25-Nov-2025 23:19:15.149 INFO [main] org.apache.catalina.startup.VersionLoggerListener.log Server built:          Sep 1 2025 12:15:33 UTC
25-Nov-2025 23:19:15.150 INFO [main] org.apache.catalina.startup.VersionLoggerListener.log Server version number: 9.0.109.0
25-Nov-2025 23:19:15.150 INFO [main] org.apache.catalina.startup.VersionLoggerListener.log OS Name:               Windows 10
25-Nov-2025 23:19:15.150 INFO [main] org.apache.catalina.startup.VersionLoggerListener.log OS Version:            10.0
25-Nov-2025 23:19:15.150 INFO [main] org.apache.catalina.startup.VersionLoggerListener.log Architecture:          amd64
25-Nov-2025 23:19:15.150 INFO [main] org.apache.catalina.startup.VersionLoggerListener.log Java Home:             C:\Users\NanoChip\.jdks\corretto-1.8.0_462\jre
25-Nov-2025 23:19:15.151 INFO [main] org.apache.catalina.startup.VersionLoggerListener.log JVM Version:           1.8.0_462-b08
25-Nov-2025 23:19:15.151 INFO [main] org.apache.catalina.startup.VersionLoggerListener.log JVM Vendor:            Amazon.com Inc.
25-Nov-2025 23:19:15.151 INFO [main] org.apache.catalina.startup.VersionLoggerListener.log CATALINA_BASE:         F:\MyDownloas\Session18-task
25-Nov-2025 23:19:15.151 INFO [main] org.apache.catalina.startup.VersionLoggerListener.log CATALINA_HOME:         D:\apache-tomcat-9.0.109
25-Nov-2025 23:19:15.152 INFO [main] org.apache.catalina.startup.VersionLoggerListener.log Command line argument: -Dcatalina.home=D:\apache-tomcat-9.0.109
25-Nov-2025 23:19:15.152 INFO [main] org.apache.catalina.startup.VersionLoggerListener.log Command line argument: -Dcatalina.base=F:\MyDownloas\Session18-task
25-Nov-2025 23:19:15.153 INFO [main] org.apache.catalina.startup.VersionLoggerListener.log Command line argument: -Djava.io.tmpdir=F:\MyDownloas\Session18-task\temp
25-Nov-2025 23:19:15.153 INFO [main] org.apache.catalina.startup.VersionLoggerListener.log Command line argument: -Djava.util.logging.config.file=F:\MyDownloas\Session18-task\conf\logging.properties
25-Nov-2025 23:19:15.153 INFO [main] org.apache.catalina.startup.VersionLoggerListener.log Command line argument: -Djava.util.logging.manager=org.apache.juli.ClassLoaderLogManager
25-Nov-2025 23:19:15.153 INFO [main] org.apache.catalina.startup.VersionLoggerListener.log Command line argument: -javaagent:C:\Users\NanoChip\AppData\Local\Programs\IntelliJ IDEA Ultimate\lib\idea_rt.jar=51311
25-Nov-2025 23:19:15.153 INFO [main] org.apache.catalina.startup.VersionLoggerListener.log Command line argument: -Dfile.encoding=UTF-8
25-Nov-2025 23:19:15.193 INFO [main] org.apache.catalina.core.AprLifecycleListener.lifecycleEvent The Apache Tomcat Native library which allows using OpenSSL was not found on the java.library.path: [C:\Users\NanoChip\.jdks\corretto-1.8.0_462\bin;C:\Windows\Sun\Java\bin;C:\Windows\system32;C:\Windows;C:\Program Files\Common Files\Oracle\Java\javapath;C:\Windows;C:\Windows\System32\Wbem;C:\Windows\System32\WindowsPowerShell\v1.0\;C:\Program Files\apache-maven-3.9.8\bin;C:\Windows\System32\OpenSSH\;C:\Program Files\Git\cmd;C:\Program Files\MySQL\MySQL Server 8.0\bin;c:\flutter\bin;C:\Users\NanoChip\AppData\Local\Android\Sdk\platform-tools;C:\Users\NanoChip\AppData\Local\Android\Sdk\emulator;C:\Program Files (x86)\Windows Kits\10\Windows Performance Toolkit\;C:\Windows\System32;C:\Windows;D:\Gradle\gradle-8.0\bin;C:\MinGW\bin;C:\Users\NanoChip\AppData\Local\Programs\Python\Python311\;C:\Users\NanoChip\AppData\Local\Programs\Python\Python311\Scripts\;C:\Program Files\apache-maven-3.9.8\bin;C:\Program Files\Java\jdk-17\bin;;C:\Program Files\Docker\Docker\resources\bin;C:\Program Files\MySQL\MySQL Shell 8.0\bin\;C:\src\flutter\bin;C:\dart\bin;C:\Users\NanoChip\AppData\Local\Android\Sdk\emulator;C:\Program Files\Git\cmd;C:\Users\NanoChip\AppData\Local\Programs\Microsoft VS Code\bin;C:\Program Files\Java\jdk-17\bin;C:\Users\NanoChip\AppData\Local\Programs\Ollama;C:\Users\NanoChip\AppData\Local\Programs\Python\Python311\;C:\Users\NanoChip\AppData\Local\Programs\Python\Python311\Scripts\;C:\Users\NanoChip\AppData\Local\JetBrains\Toolbox\scripts;;.]
25-Nov-2025 23:19:16.077 INFO [main] org.apache.coyote.AbstractProtocol.init Initializing ProtocolHandler ["http-nio-8080"]
25-Nov-2025 23:19:16.111 INFO [main] org.apache.catalina.startup.Catalina.load Server initialization in [1703] milliseconds
25-Nov-2025 23:19:16.176 INFO [main] org.apache.catalina.core.StandardService.startInternal Starting service [Catalina]
25-Nov-2025 23:19:16.176 INFO [main] org.apache.catalina.core.StandardEngine.startInternal Starting Servlet engine: [Apache Tomcat/9.0.109]
25-Nov-2025 23:19:16.193 INFO [main] org.apache.catalina.startup.HostConfig.deployDescriptor Deploying deployment descriptor [F:\MyDownloas\Session18-task\conf\Catalina\localhost\ROOT.xml]
25-Nov-2025 23:19:16.340 WARNING [main] org.apache.catalina.webresources.DirResourceSet.initInternal Disabled the global canonical file name cache to protect against CVE-2024-56337 when starting the WebResourceSet at [F:\MyDownloas\Session18-task\target\classes] which is part of the web application []
25-Nov-2025 23:19:21.756 INFO [main] org.apache.jasper.servlet.TldScanner.scanJars At least one JAR was scanned for TLDs yet contained no TLDs. Enable debug logging for this logger for a complete list of JARs that were scanned but no TLDs were found in them. Skipping unneeded JARs during scanning can improve startup time and JSP compilation time.
25-Nov-2025 23:19:22.381 WARNING [main] org.apache.catalina.util.SessionIdGeneratorBase.createSecureRandom Creation of SecureRandom instance for session ID generation using [SHA1PRNG] took [480] milliseconds.
25-Nov-2025 23:19:24.772 INFO [main] com.mchange.v2.log.MLog.<clinit> MLog clients using java 1.4+ standard logging.
25-Nov-2025 23:19:24.870 INFO [main] com.mchange.v2.c3p0.C3P0Registry.banner Initializing c3p0-0.9.2.1 [built 20-March-2013 10:47:27 +0000; debug? true; trace: 10]
25-Nov-2025 23:19:25.343 INFO [main] org.hibernate.Version.logVersion HHH000412: Hibernate Core {5.2.2.Final}
25-Nov-2025 23:19:25.347 INFO [main] org.hibernate.cfg.Environment.<clinit> HHH000206: hibernate.properties not found
25-Nov-2025 23:19:25.349 INFO [main] org.hibernate.cfg.Environment.buildBytecodeProvider HHH000021: Bytecode provider name : javassist
25-Nov-2025 23:19:25.466 INFO [main] org.hibernate.annotations.common.reflection.java.JavaReflectionManager.<clinit> HCANN000001: Hibernate Commons Annotations {5.0.1.Final}
25-Nov-2025 23:19:25.788 INFO [main] com.mchange.v2.c3p0.impl.AbstractPoolBackedDataSource.getPoolManager Initializing c3p0 pool... com.mchange.v2.c3p0.ComboPooledDataSource [ acquireIncrement -> 3, acquireRetryAttempts -> 30, acquireRetryDelay -> 1000, autoCommitOnClose -> false, automaticTestTable -> null, breakAfterAcquireFailure -> false, checkoutTimeout -> 0, connectionCustomizerClassName -> null, connectionTesterClassName -> com.mchange.v2.c3p0.impl.DefaultConnectionTester, dataSourceName -> 1bqwpohbe1geq3lhblc4nb|2670435, debugUnreturnedConnectionStackTraces -> false, description -> null, driverClass -> com.mysql.cj.jdbc.Driver, factoryClassLocation -> null, forceIgnoreUnresolvedTransactions -> false, identityToken -> 1bqwpohbe1geq3lhblc4nb|2670435, idleConnectionTestPeriod -> 0, initialPoolSize -> 3, jdbcUrl -> jdbc:mysql://localhost:3307/productDB?useSSL=false&serverTimezone=UTC, maxAdministrativeTaskTime -> 0, maxConnectionAge -> 0, maxIdleTime -> 30000, maxIdleTimeExcessConnections -> 0, maxPoolSize -> 20, maxStatements -> 0, maxStatementsPerConnection -> 0, minPoolSize -> 5, numHelperThreads -> 3, preferredTestQuery -> null, properties -> {user=******, password=******}, propertyCycle -> 0, statementCacheNumDeferredCloseThreads -> 0, testConnectionOnCheckin -> false, testConnectionOnCheckout -> false, unreturnedConnectionTimeout -> 0, userOverrides -> {}, usesTraditionalReflectiveProxies -> false ]
25-Nov-2025 23:19:26.412 INFO [main] org.hibernate.dialect.Dialect.<init> HHH000400: Using dialect: org.hibernate.dialect.MySQLDialect
25-Nov-2025 23:19:26.536 INFO [main] org.hibernate.engine.jdbc.env.internal.LobCreatorBuilderImpl.useContextualLobCreation HHH000424: Disabling contextual LOB creation as createClob() method threw error : java.lang.reflect.InvocationTargetException
25-Nov-2025 23:19:31.231 INFO [main] org.apache.catalina.startup.HostConfig.deployDescriptor Deployment of deployment descriptor [F:\MyDownloas\Session18-task\conf\Catalina\localhost\ROOT.xml] has finished in [15,037] ms
25-Nov-2025 23:19:31.238 INFO [main] org.apache.coyote.AbstractProtocol.start Starting ProtocolHandler ["http-nio-8080"]
25-Nov-2025 23:19:31.268 INFO [main] org.apache.catalina.startup.Catalina.start Server startup in [15154] milliseconds
25-Nov-2025 23:25:17.449 ERROR [http-nio-8080-exec-4] org.hibernate.internal.ExceptionMapperStandardImpl.mapManagedFlushFailure HHH000346: Error during managed flush [org.hibernate.PropertyValueException: not-null property references a null or transient value : com.adminPanel.app.model.ProductDetails.product]
25-Nov-2025 23:26:34.955 INFO [Thread-6] org.apache.coyote.AbstractProtocol.pause Pausing ProtocolHandler ["http-nio-8080"]
25-Nov-2025 23:26:35.442 INFO [Thread-6] org.apache.catalina.core.StandardService.stopInternal Stopping service [Catalina]
25-Nov-2025 23:26:35.535 WARNING [Thread-6] org.apache.catalina.loader.WebappClassLoaderBase.clearReferencesJdbc The web application [ROOT] registered the JDBC driver [com.mysql.cj.jdbc.Driver] but failed to unregister it when the web application was stopped. To prevent a memory leak, the JDBC Driver has been forcibly unregistered.
25-Nov-2025 23:26:35.537 WARNING [Thread-6] org.apache.catalina.loader.WebappClassLoaderBase.clearReferencesThreads The web application [ROOT] appears to have started a thread named [mysql-cj-abandoned-connection-cleanup] but has failed to stop it. This is very likely to create a memory leak. Stack trace of thread:
 java.lang.Object.wait(Native Method)
 java.lang.ref.ReferenceQueue.remove(ReferenceQueue.java:144)
 com.mysql.cj.jdbc.AbandonedConnectionCleanupThread.run(AbandonedConnectionCleanupThread.java:91)
 java.util.concurrent.ThreadPoolExecutor.runWorker(ThreadPoolExecutor.java:1149)
 java.util.concurrent.ThreadPoolExecutor$Worker.run(ThreadPoolExecutor.java:624)
 java.lang.Thread.run(Thread.java:750)
25-Nov-2025 23:26:35.538 WARNING [Thread-6] org.apache.catalina.loader.WebappClassLoaderBase.clearReferencesThreads The web application [ROOT] appears to have started a thread named [Resource Destroyer in BasicResourcePool.close()] but has failed to stop it. This is very likely to create a memory leak. Stack trace of thread:
 java.io.WinNTFileSystem.getBooleanAttributes(Native Method)
 java.io.File.exists(File.java:830)
 org.apache.catalina.webresources.DirResourceSet.getResource(DirResourceSet.java:117)
 org.apache.catalina.webresources.StandardRoot.getResourceInternal(StandardRoot.java:273)
 org.apache.catalina.webresources.Cache.getResource(Cache.java:64)
 org.apache.catalina.webresources.StandardRoot.getResource(StandardRoot.java:212)
 org.apache.catalina.webresources.StandardRoot.getClassLoaderResource(StandardRoot.java:221)
 org.apache.catalina.loader.WebappClassLoaderBase.findClassInternal(WebappClassLoaderBase.java:2224)
 org.apache.catalina.loader.WebappClassLoaderBase.findClassInternal(WebappClassLoaderBase.java:2215)
 org.apache.catalina.loader.WebappClassLoaderBase.findClass(WebappClassLoaderBase.java:824)
 org.apache.catalina.loader.WebappClassLoaderBase.loadClass(WebappClassLoaderBase.java:1315)
 org.apache.catalina.loader.WebappClassLoaderBase.loadClass(WebappClassLoaderBase.java:1163)
 com.mysql.cj.protocol.a.NativeProtocol.quit(NativeProtocol.java:1317)
 com.mysql.cj.NativeSession.quit(NativeSession.java:150)
 com.mysql.cj.jdbc.ConnectionImpl.realClose(ConnectionImpl.java:1695)
 com.mysql.cj.jdbc.ConnectionImpl.close(ConnectionImpl.java:710)
 com.mchange.v2.c3p0.impl.NewPooledConnection.close(NewPooledConnection.java:629)
 com.mchange.v2.c3p0.impl.NewPooledConnection.closeMaybeCheckedOut(NewPooledConnection.java:259)
 com.mchange.v2.c3p0.impl.C3P0PooledConnectionPool$1PooledConnectionResourcePoolManager.destroyResource(C3P0PooledConnectionPool.java:619)
 com.mchange.v2.resourcepool.BasicResourcePool$1DestroyResourceTask.run(BasicResourcePool.java:1024)
 com.mchange.v2.resourcepool.BasicResourcePool.destroyResource(BasicResourcePool.java:1049)
 com.mchange.v2.resourcepool.BasicResourcePool.destroyResource(BasicResourcePool.java:1010)
 com.mchange.v2.resourcepool.BasicResourcePool.access$100(BasicResourcePool.java:44)
 com.mchange.v2.resourcepool.BasicResourcePool$5.run(BasicResourcePool.java:1260)
25-Nov-2025 23:26:35.563 INFO [Thread-6] org.apache.coyote.AbstractProtocol.stop Stopping ProtocolHandler ["http-nio-8080"]
25-Nov-2025 23:26:35.640 INFO [Thread-6] org.apache.coyote.AbstractProtocol.destroy Destroying ProtocolHandler ["http-nio-8080"]
25-Nov-2025 23:26:55.157 INFO [main] org.apache.catalina.startup.VersionLoggerListener.log Server version name:   Apache Tomcat/9.0.109
25-Nov-2025 23:26:55.163 INFO [main] org.apache.catalina.startup.VersionLoggerListener.log Server built:          Sep 1 2025 12:15:33 UTC
25-Nov-2025 23:26:55.163 INFO [main] org.apache.catalina.startup.VersionLoggerListener.log Server version number: 9.0.109.0
25-Nov-2025 23:26:55.163 INFO [main] org.apache.catalina.startup.VersionLoggerListener.log OS Name:               Windows 10
25-Nov-2025 23:26:55.164 INFO [main] org.apache.catalina.startup.VersionLoggerListener.log OS Version:            10.0
25-Nov-2025 23:26:55.164 INFO [main] org.apache.catalina.startup.VersionLoggerListener.log Architecture:          amd64
25-Nov-2025 23:26:55.164 INFO [main] org.apache.catalina.startup.VersionLoggerListener.log Java Home:             C:\Users\NanoChip\.jdks\corretto-1.8.0_462\jre
25-Nov-2025 23:26:55.164 INFO [main] org.apache.catalina.startup.VersionLoggerListener.log JVM Version:           1.8.0_462-b08
25-Nov-2025 23:26:55.164 INFO [main] org.apache.catalina.startup.VersionLoggerListener.log JVM Vendor:            Amazon.com Inc.
25-Nov-2025 23:26:55.164 INFO [main] org.apache.catalina.startup.VersionLoggerListener.log CATALINA_BASE:         F:\MyDownloas\Session18-task
25-Nov-2025 23:26:55.165 INFO [main] org.apache.catalina.startup.VersionLoggerListener.log CATALINA_HOME:         D:\apache-tomcat-9.0.109
25-Nov-2025 23:26:55.166 INFO [main] org.apache.catalina.startup.VersionLoggerListener.log Command line argument: -Dcatalina.home=D:\apache-tomcat-9.0.109
25-Nov-2025 23:26:55.167 INFO [main] org.apache.catalina.startup.VersionLoggerListener.log Command line argument: -Dcatalina.base=F:\MyDownloas\Session18-task
25-Nov-2025 23:26:55.167 INFO [main] org.apache.catalina.startup.VersionLoggerListener.log Command line argument: -Djava.io.tmpdir=F:\MyDownloas\Session18-task\temp
25-Nov-2025 23:26:55.167 INFO [main] org.apache.catalina.startup.VersionLoggerListener.log Command line argument: -Djava.util.logging.config.file=F:\MyDownloas\Session18-task\conf\logging.properties
25-Nov-2025 23:26:55.167 INFO [main] org.apache.catalina.startup.VersionLoggerListener.log Command line argument: -Djava.util.logging.manager=org.apache.juli.ClassLoaderLogManager
25-Nov-2025 23:26:55.167 INFO [main] org.apache.catalina.startup.VersionLoggerListener.log Command line argument: -javaagent:C:\Users\NanoChip\AppData\Local\Programs\IntelliJ IDEA Ultimate\lib\idea_rt.jar=63061
25-Nov-2025 23:26:55.167 INFO [main] org.apache.catalina.startup.VersionLoggerListener.log Command line argument: -Dfile.encoding=UTF-8
25-Nov-2025 23:26:55.203 INFO [main] org.apache.catalina.core.AprLifecycleListener.lifecycleEvent The Apache Tomcat Native library which allows using OpenSSL was not found on the java.library.path: [C:\Users\NanoChip\.jdks\corretto-1.8.0_462\bin;C:\Windows\Sun\Java\bin;C:\Windows\system32;C:\Windows;C:\Program Files\Common Files\Oracle\Java\javapath;C:\Windows;C:\Windows\System32\Wbem;C:\Windows\System32\WindowsPowerShell\v1.0\;C:\Program Files\apache-maven-3.9.8\bin;C:\Windows\System32\OpenSSH\;C:\Program Files\Git\cmd;C:\Program Files\MySQL\MySQL Server 8.0\bin;c:\flutter\bin;C:\Users\NanoChip\AppData\Local\Android\Sdk\platform-tools;C:\Users\NanoChip\AppData\Local\Android\Sdk\emulator;C:\Program Files (x86)\Windows Kits\10\Windows Performance Toolkit\;C:\Windows\System32;C:\Windows;D:\Gradle\gradle-8.0\bin;C:\MinGW\bin;C:\Users\NanoChip\AppData\Local\Programs\Python\Python311\;C:\Users\NanoChip\AppData\Local\Programs\Python\Python311\Scripts\;C:\Program Files\apache-maven-3.9.8\bin;C:\Program Files\Java\jdk-17\bin;;C:\Program Files\Docker\Docker\resources\bin;C:\Program Files\MySQL\MySQL Shell 8.0\bin\;C:\src\flutter\bin;C:\dart\bin;C:\Users\NanoChip\AppData\Local\Android\Sdk\emulator;C:\Program Files\Git\cmd;C:\Users\NanoChip\AppData\Local\Programs\Microsoft VS Code\bin;C:\Program Files\Java\jdk-17\bin;C:\Users\NanoChip\AppData\Local\Programs\Ollama;C:\Users\NanoChip\AppData\Local\Programs\Python\Python311\;C:\Users\NanoChip\AppData\Local\Programs\Python\Python311\Scripts\;C:\Users\NanoChip\AppData\Local\JetBrains\Toolbox\scripts;;.]
25-Nov-2025 23:26:56.030 INFO [main] org.apache.coyote.AbstractProtocol.init Initializing ProtocolHandler ["http-nio-8080"]
25-Nov-2025 23:26:56.062 INFO [main] org.apache.catalina.startup.Catalina.load Server initialization in [1603] milliseconds
25-Nov-2025 23:26:56.129 INFO [main] org.apache.catalina.core.StandardService.startInternal Starting service [Catalina]
25-Nov-2025 23:26:56.129 INFO [main] org.apache.catalina.core.StandardEngine.startInternal Starting Servlet engine: [Apache Tomcat/9.0.109]
25-Nov-2025 23:26:56.147 INFO [main] org.apache.catalina.startup.HostConfig.deployDescriptor Deploying deployment descriptor [F:\MyDownloas\Session18-task\conf\Catalina\localhost\ROOT.xml]
25-Nov-2025 23:26:56.253 WARNING [main] org.apache.catalina.webresources.DirResourceSet.initInternal Disabled the global canonical file name cache to protect against CVE-2024-56337 when starting the WebResourceSet at [F:\MyDownloas\Session18-task\target\classes] which is part of the web application []
25-Nov-2025 23:27:02.743 INFO [main] org.apache.jasper.servlet.TldScanner.scanJars At least one JAR was scanned for TLDs yet contained no TLDs. Enable debug logging for this logger for a complete list of JARs that were scanned but no TLDs were found in them. Skipping unneeded JARs during scanning can improve startup time and JSP compilation time.
25-Nov-2025 23:27:03.195 WARNING [main] org.apache.catalina.util.SessionIdGeneratorBase.createSecureRandom Creation of SecureRandom instance for session ID generation using [SHA1PRNG] took [375] milliseconds.
25-Nov-2025 23:27:05.600 INFO [main] com.mchange.v2.log.MLog.<clinit> MLog clients using java 1.4+ standard logging.
25-Nov-2025 23:27:05.707 INFO [main] com.mchange.v2.c3p0.C3P0Registry.banner Initializing c3p0-0.9.2.1 [built 20-March-2013 10:47:27 +0000; debug? true; trace: 10]
25-Nov-2025 23:27:06.193 INFO [main] org.hibernate.Version.logVersion HHH000412: Hibernate Core {5.2.2.Final}
25-Nov-2025 23:27:06.197 INFO [main] org.hibernate.cfg.Environment.<clinit> HHH000206: hibernate.properties not found
25-Nov-2025 23:27:06.199 INFO [main] org.hibernate.cfg.Environment.buildBytecodeProvider HHH000021: Bytecode provider name : javassist
25-Nov-2025 23:27:06.313 INFO [main] org.hibernate.annotations.common.reflection.java.JavaReflectionManager.<clinit> HCANN000001: Hibernate Commons Annotations {5.0.1.Final}
25-Nov-2025 23:27:06.636 INFO [main] com.mchange.v2.c3p0.impl.AbstractPoolBackedDataSource.getPoolManager Initializing c3p0 pool... com.mchange.v2.c3p0.ComboPooledDataSource [ acquireIncrement -> 3, acquireRetryAttempts -> 30, acquireRetryDelay -> 1000, autoCommitOnClose -> false, automaticTestTable -> null, breakAfterAcquireFailure -> false, checkoutTimeout -> 0, connectionCustomizerClassName -> null, connectionTesterClassName -> com.mchange.v2.c3p0.impl.DefaultConnectionTester, dataSourceName -> 1bqwpohbe1gezz6d69xx0y|2670435, debugUnreturnedConnectionStackTraces -> false, description -> null, driverClass -> com.mysql.cj.jdbc.Driver, factoryClassLocation -> null, forceIgnoreUnresolvedTransactions -> false, identityToken -> 1bqwpohbe1gezz6d69xx0y|2670435, idleConnectionTestPeriod -> 0, initialPoolSize -> 3, jdbcUrl -> jdbc:mysql://localhost:3307/productDB?useSSL=false&serverTimezone=UTC, maxAdministrativeTaskTime -> 0, maxConnectionAge -> 0, maxIdleTime -> 30000, maxIdleTimeExcessConnections -> 0, maxPoolSize -> 20, maxStatements -> 0, maxStatementsPerConnection -> 0, minPoolSize -> 5, numHelperThreads -> 3, preferredTestQuery -> null, properties -> {user=******, password=******}, propertyCycle -> 0, statementCacheNumDeferredCloseThreads -> 0, testConnectionOnCheckin -> false, testConnectionOnCheckout -> false, unreturnedConnectionTimeout -> 0, userOverrides -> {}, usesTraditionalReflectiveProxies -> false ]
25-Nov-2025 23:27:07.279 INFO [main] org.hibernate.dialect.Dialect.<init> HHH000400: Using dialect: org.hibernate.dialect.MySQLDialect
25-Nov-2025 23:27:07.398 INFO [main] org.hibernate.engine.jdbc.env.internal.LobCreatorBuilderImpl.useContextualLobCreation HHH000424: Disabling contextual LOB creation as createClob() method threw error : java.lang.reflect.InvocationTargetException
25-Nov-2025 23:27:12.244 INFO [main] org.apache.catalina.startup.HostConfig.deployDescriptor Deployment of deployment descriptor [F:\MyDownloas\Session18-task\conf\Catalina\localhost\ROOT.xml] has finished in [16,097] ms
25-Nov-2025 23:27:12.254 INFO [main] org.apache.coyote.AbstractProtocol.start Starting ProtocolHandler ["http-nio-8080"]
25-Nov-2025 23:27:12.318 INFO [main] org.apache.catalina.startup.Catalina.start Server startup in [16253] milliseconds
